timestamp, index, name, memory.used [MiB], memory.total [MiB], utilization.gpu [%], power.draw [W]
2026/08/14 05:49:15.671, 0, NVIDIA H200, 4 MiB, 143771 MiB, 0 %, 75.06 W
2026/08/14 05:49:16.683, 0, NVIDIA H200, 4 MiB, 143771 MiB, 0 %, 74.99 W
2026/08/14 05:49:17.685, 0, NVIDIA H200, 4 MiB, 143771 MiB, 0 %, 75.00 W
2026/08/14 05:49:18.688, 0, NVIDIA H200, 4 MiB, 143771 MiB, 0 %, 75.36 W
2026/08/14 05:49:19.691, 0, NVIDIA H200, 4 MiB, 143771 MiB, 0 %, 75.59 W
2026/08/14 05:49:20.693, 0, NVIDIA H200, 4 MiB, 143771 MiB, 0 %, 75.54 W
2026/08/14 05:49:21.696, 0, NVIDIA H200, 4 MiB, 143771 MiB, 0 %, 75.51 W
2026/08/14 05:49:22.699, 0, NVIDIA H200, 4 MiB, 143771 MiB, 0 %, 75.48 W
2026/08/14 05:49:23.702, 0, NVIDIA H200, 4 MiB, 143771 MiB, 0 %, 75.55 W
2026/08/14 05:49:24.705, 0, NVIDIA H200, 4 MiB, 143771 MiB, 0 %, 75.42 W
2026/08/14 05:49:25.708, 0, NVIDIA H200, 4 MiB, 143771 MiB, 0 %, 75.47 W
2026/08/14 05:49:26.710, 0, NVIDIA H200, 4 MiB, 143771 MiB, 0 %, 75.52 W
2026/08/14 05:49:27.713, 0, NVIDIA H200, 4 MiB, 143771 MiB, 0 %, 75.50 W
2026/08/14 05:49:28.716, 0, NVIDIA H200, 4 MiB, 143771 MiB, 0 %, 75.54 W
2026/08/14 05:49:29.718, 0, NVIDIA H200, 4 MiB, 143771 MiB, 0 %, 75.58 W
2026/08/14 05:49:30.721, 0, NVIDIA H200, 4 MiB, 143771 MiB, 0 %, 75.51 W
2026/08/14 05:49:31.724, 0, NVIDIA H200, 4 MiB, 143771 MiB, 0 %, 75.48 W
2026/08/14 05:49:32.726, 0, NVIDIA H200, 4 MiB, 143771 MiB, 0 %, 75.49 W
2026/08/14 05:49:33.729, 0, NVIDIA H200, 4 MiB, 143771 MiB, 0 %, 75.44 W
2026/08/14 05:49:34.732, 0, NVIDIA H200, 4 MiB, 143771 MiB, 0 %, 75.59 W
2026/08/14 05:49:35.736, 0, NVIDIA H200, 4 MiB, 143771 MiB, 0 %, 75.51 W
2026/08/14 05:49:36.741, 0, NVIDIA H200, 4 MiB, 143771 MiB, 0 %, 75.44 W
2026/08/14 05:49:37.745, 0, NVIDIA H200, 4 MiB, 143771 MiB, 0 %, 75.55 W
2026/08/14 05:49:38.749, 0, NVIDIA H200, 4 MiB, 143771 MiB, 0 %, 75.50 W
2026/08/14 05:49:39.752, 0, NVIDIA H200, 4 MiB, 143771 MiB, 0 %, 75.47 W
2026/08/14 05:49:40.757, 0, NVIDIA H200, 4 MiB, 143771 MiB, 0 %, 75.58 W
2026/08/14 05:49:41.759, 0, NVIDIA H200, 4 MiB, 143771 MiB, 0 %, 75.38 W
2026/08/14 05:49:42.764, 0, NVIDIA H200, 4 MiB, 143771 MiB, 0 %, 75.53 W
2026/08/14 05:49:43.766, 0, NVIDIA H200, 4 MiB, 143771 MiB, 0 %, 75.44 W
2026/08/14 05:49:44.773, 0, NVIDIA H200, 4 MiB, 143771 MiB, 0 %, 75.58 W
2026/08/14 05:49:45.775, 0, NVIDIA H200, 4 MiB, 143771 MiB, 0 %, 75.50 W
2026/08/14 05:49:46.779, 0, NVIDIA H200, 4 MiB, 143771 MiB, 0 %, 75.58 W
2026/08/14 05:49:47.782, 0, NVIDIA H200, 4 MiB, 143771 MiB, 0 %, 75.52 W
2026/08/14 05:49:48.784, 0, NVIDIA H200, 4 MiB, 143771 MiB, 0 %, 75.52 W
2026/08/14 05:49:49.787, 0, NVIDIA H200, 4 MiB, 143771 MiB, 0 %, 75.47 W
2026/08/14 05:49:50.791, 0, NVIDIA H200, 4 MiB, 143771 MiB, 0 %, 75.52 W
2026/08/14 05:49:51.794, 0, NVIDIA H200, 4 MiB, 143771 MiB, 0 %, 75.47 W
2026/08/14 05:49:52.796, 0, NVIDIA H200, 4 MiB, 143771 MiB, 0 %, 75.46 W
2026/08/14 05:49:53.800, 0, NVIDIA H200, 4 MiB, 143771 MiB, 0 %, 75.45 W
2026/08/14 05:49:54.803, 0, NVIDIA H200, 4 MiB, 143771 MiB, 0 %, 75.49 W
2026/08/14 05:49:55.806, 0, NVIDIA H200, 4 MiB, 143771 MiB, 0 %, 75.50 W
2026/08/14 05:49:56.809, 0, NVIDIA H200, 4 MiB, 143771 MiB, 0 %, 75.47 W
2026/08/14 05:49:57.812, 0, NVIDIA H200, 4 MiB, 143771 MiB, 0 %, 75.44 W
2026/08/14 05:49:58.816, 0, NVIDIA H200, 4 MiB, 143771 MiB, 0 %, 75.51 W
2026/08/14 05:49:59.819, 0, NVIDIA H200, 4 MiB, 143771 MiB, 0 %, 75.47 W
2026/08/14 05:50:00.822, 0, NVIDIA H200, 4 MiB, 143771 MiB, 0 %, 75.48 W
2026/08/14 05:50:01.826, 0, NVIDIA H200, 4 MiB, 143771 MiB, 0 %, 75.47 W
2026/08/14 05:50:02.830, 0, NVIDIA H200, 4 MiB, 143771 MiB, 0 %, 75.50 W
2026/08/14 05:50:03.833, 0, NVIDIA H200, 4 MiB, 143771 MiB, 0 %, 75.40 W
2026/08/14 05:50:04.836, 0, NVIDIA H200, 4 MiB, 143771 MiB, 0 %, 75.51 W
2026/08/14 05:50:05.839, 0, NVIDIA H200, 4 MiB, 143771 MiB, 0 %, 75.52 W
2026/08/14 05:50:06.843, 0, NVIDIA H200, 4 MiB, 143771 MiB, 0 %, 75.43 W
2026/08/14 05:50:07.846, 0, NVIDIA H200, 4 MiB, 143771 MiB, 0 %, 75.48 W
2026/08/14 05:50:08.850, 0, NVIDIA H200, 4 MiB, 143771 MiB, 0 %, 75.51 W
2026/08/14 05:50:09.855, 0, NVIDIA H200, 4 MiB, 143771 MiB, 0 %, 75.47 W
2026/08/14 05:50:10.859, 0, NVIDIA H200, 4 MiB, 143771 MiB, 0 %, 75.51 W
2026/08/14 05:50:11.864, 0, NVIDIA H200, 4 MiB, 143771 MiB, 0 %, 75.48 W
2026/08/14 05:50:12.867, 0, NVIDIA H200, 4 MiB, 143771 MiB, 0 %, 75.50 W
2026/08/14 05:50:13.875, 0, NVIDIA H200, 4 MiB, 143771 MiB, 0 %, 75.50 W
2026/08/14 05:50:14.878, 0, NVIDIA H200, 4 MiB, 143771 MiB, 0 %, 75.51 W
2026/08/14 05:50:15.885, 0, NVIDIA H200, 4 MiB, 143771 MiB, 0 %, 75.50 W
2026/08/14 05:50:16.889, 0, NVIDIA H200, 4 MiB, 143771 MiB, 0 %, 75.46 W
2026/08/14 05:50:17.893, 0, NVIDIA H200, 4 MiB, 143771 MiB, 0 %, 75.51 W
2026/08/14 05:50:18.897, 0, NVIDIA H200, 4 MiB, 143771 MiB, 0 %, 75.55 W
2026/08/14 05:50:19.900, 0, NVIDIA H200, 4 MiB, 143771 MiB, 0 %, 75.43 W
2026/08/14 05:50:20.903, 0, NVIDIA H200, 4 MiB, 143771 MiB, 0 %, 75.51 W
2026/08/14 05:50:21.905, 0, NVIDIA H200, 4 MiB, 143771 MiB, 0 %, 75.51 W
2026/08/14 05:50:22.908, 0, NVIDIA H200, 4 MiB, 143771 MiB, 0 %, 75.46 W
2026/08/14 05:50:23.911, 0, NVIDIA H200, 4 MiB, 143771 MiB, 0 %, 75.47 W
2026/08/14 05:50:24.915, 0, NVIDIA H200, 4 MiB, 143771 MiB, 0 %, 75.46 W
2026/08/14 05:50:25.918, 0, NVIDIA H200, 4 MiB, 143771 MiB, 0 %, 75.48 W
2026/08/14 05:50:26.921, 0, NVIDIA H200, 4 MiB, 143771 MiB, 0 %, 75.51 W
2026/08/14 05:50:27.924, 0, NVIDIA H200, 4 MiB, 143771 MiB, 0 %, 75.51 W
2026/08/14 05:50:28.928, 0, NVIDIA H200, 4 MiB, 143771 MiB, 0 %, 75.54 W
2026/08/14 05:50:29.931, 0, NVIDIA H200, 4 MiB, 143771 MiB, 0 %, 75.54 W
2026/08/14 05:50:30.934, 0, NVIDIA H200, 4 MiB, 143771 MiB, 0 %, 75.50 W
2026/08/14 05:50:31.938, 0, NVIDIA H200, 4 MiB, 143771 MiB, 0 %, 75.54 W
2026/08/14 05:50:32.941, 0, NVIDIA H200, 4 MiB, 143771 MiB, 0 %, 75.47 W
2026/08/14 05:50:33.945, 0, NVIDIA H200, 4 MiB, 143771 MiB, 0 %, 75.53 W
2026/08/14 05:50:34.948, 0, NVIDIA H200, 4 MiB, 143771 MiB, 0 %, 75.53 W
2026/08/14 05:50:35.951, 0, NVIDIA H200, 4 MiB, 143771 MiB, 0 %, 75.52 W
2026/08/14 05:50:36.953, 0, NVIDIA H200, 527 MiB, 143771 MiB, 3 %, 95.87 W
2026/08/14 05:50:37.956, 0, NVIDIA H200, 64539 MiB, 143771 MiB, 0 %, 114.36 W
2026/08/14 05:50:38.959, 0, NVIDIA H200, 64931 MiB, 143771 MiB, 0 %, 114.26 W
2026/08/14 05:50:39.963, 0, NVIDIA H200, 64931 MiB, 143771 MiB, 4 %, 114.53 W
2026/08/14 05:50:40.966, 0, NVIDIA H200, 64931 MiB, 143771 MiB, 5 %, 114.80 W
2026/08/14 05:50:41.971, 0, NVIDIA H200, 64931 MiB, 143771 MiB, 0 %, 114.54 W
2026/08/14 05:50:42.974, 0, NVIDIA H200, 64931 MiB, 143771 MiB, 4 %, 114.54 W
2026/08/14 05:50:43.977, 0, NVIDIA H200, 64931 MiB, 143771 MiB, 4 %, 114.74 W
2026/08/14 05:50:44.981, 0, NVIDIA H200, 64931 MiB, 143771 MiB, 4 %, 114.57 W
2026/08/14 05:50:45.984, 0, NVIDIA H200, 64931 MiB, 143771 MiB, 4 %, 114.52 W
2026/08/14 05:50:46.989, 0, NVIDIA H200, 64931 MiB, 143771 MiB, 4 %, 114.71 W
2026/08/14 05:50:47.994, 0, NVIDIA H200, 64931 MiB, 143771 MiB, 4 %, 114.72 W
2026/08/14 05:50:48.996, 0, NVIDIA H200, 64931 MiB, 143771 MiB, 4 %, 114.65 W
2026/08/14 05:50:49.999, 0, NVIDIA H200, 64931 MiB, 143771 MiB, 4 %, 114.78 W
2026/08/14 05:50:51.002, 0, NVIDIA H200, 64931 MiB, 143771 MiB, 4 %, 114.69 W
2026/08/14 05:50:52.006, 0, NVIDIA H200, 64931 MiB, 143771 MiB, 4 %, 114.61 W
2026/08/14 05:50:53.011, 0, NVIDIA H200, 64931 MiB, 143771 MiB, 4 %, 114.85 W
2026/08/14 05:50:54.015, 0, NVIDIA H200, 64931 MiB, 143771 MiB, 4 %, 114.78 W
2026/08/14 05:50:55.019, 0, NVIDIA H200, 64931 MiB, 143771 MiB, 4 %, 114.61 W
2026/08/14 05:50:56.024, 0, NVIDIA H200, 64931 MiB, 143771 MiB, 4 %, 114.78 W
2026/08/14 05:50:57.027, 0, NVIDIA H200, 64931 MiB, 143771 MiB, 4 %, 114.76 W
2026/08/14 05:50:58.033, 0, NVIDIA H200, 64931 MiB, 143771 MiB, 3 %, 114.43 W
2026/08/14 05:50:59.036, 0, NVIDIA H200, 64931 MiB, 143771 MiB, 4 %, 114.87 W
2026/08/14 05:51:00.042, 0, NVIDIA H200, 64931 MiB, 143771 MiB, 4 %, 114.75 W
2026/08/14 05:51:01.047, 0, NVIDIA H200, 64931 MiB, 143771 MiB, 4 %, 114.71 W
2026/08/14 05:51:02.049, 0, NVIDIA H200, 64931 MiB, 143771 MiB, 4 %, 114.88 W
2026/08/14 05:51:03.052, 0, NVIDIA H200, 64931 MiB, 143771 MiB, 4 %, 114.89 W
2026/08/14 05:51:04.055, 0, NVIDIA H200, 64931 MiB, 143771 MiB, 4 %, 114.76 W
2026/08/14 05:51:05.060, 0, NVIDIA H200, 64931 MiB, 143771 MiB, 4 %, 114.97 W
2026/08/14 05:51:06.064, 0, NVIDIA H200, 64931 MiB, 143771 MiB, 4 %, 114.89 W
2026/08/14 05:51:07.067, 0, NVIDIA H200, 64931 MiB, 143771 MiB, 4 %, 114.71 W
2026/08/14 05:51:08.071, 0, NVIDIA H200, 64931 MiB, 143771 MiB, 4 %, 114.98 W
2026/08/14 05:51:09.075, 0, NVIDIA H200, 64931 MiB, 143771 MiB, 2 %, 114.82 W
2026/08/14 05:51:10.078, 0, NVIDIA H200, 64931 MiB, 143771 MiB, 4 %, 114.86 W
2026/08/14 05:51:11.083, 0, NVIDIA H200, 64931 MiB, 143771 MiB, 4 %, 114.94 W
2026/08/14 05:51:12.086, 0, NVIDIA H200, 64931 MiB, 143771 MiB, 0 %, 114.81 W
2026/08/14 05:51:13.089, 0, NVIDIA H200, 64931 MiB, 143771 MiB, 4 %, 114.81 W
2026/08/14 05:51:14.092, 0, NVIDIA H200, 64931 MiB, 143771 MiB, 4 %, 114.96 W
2026/08/14 05:51:15.097, 0, NVIDIA H200, 64931 MiB, 143771 MiB, 1 %, 114.74 W
2026/08/14 05:51:16.101, 0, NVIDIA H200, 64931 MiB, 143771 MiB, 4 %, 114.91 W
2026/08/14 05:51:17.105, 0, NVIDIA H200, 64931 MiB, 143771 MiB, 4 %, 114.90 W
2026/08/14 05:51:18.109, 0, NVIDIA H200, 64931 MiB, 143771 MiB, 0 %, 114.73 W
2026/08/14 05:51:19.113, 0, NVIDIA H200, 64931 MiB, 143771 MiB, 0 %, 114.34 W
2026/08/14 05:51:20.117, 0, NVIDIA H200, 66661 MiB, 143771 MiB, 0 %, 114.60 W
2026/08/14 05:51:21.121, 0, NVIDIA H200, 66701 MiB, 143771 MiB, 0 %, 114.77 W
2026/08/14 05:51:22.125, 0, NVIDIA H200, 65661 MiB, 143771 MiB, 0 %, 114.59 W
2026/08/14 05:51:23.128, 0, NVIDIA H200, 65661 MiB, 143771 MiB, 0 %, 114.53 W
2026/08/14 05:51:24.131, 0, NVIDIA H200, 65661 MiB, 143771 MiB, 0 %, 114.46 W
2026/08/14 05:51:25.134, 0, NVIDIA H200, 65661 MiB, 143771 MiB, 0 %, 114.57 W
2026/08/14 05:51:26.138, 0, NVIDIA H200, 65661 MiB, 143771 MiB, 0 %, 114.40 W
2026/08/14 05:51:27.141, 0, NVIDIA H200, 65661 MiB, 143771 MiB, 0 %, 114.41 W
2026/08/14 05:51:28.146, 0, NVIDIA H200, 65661 MiB, 143771 MiB, 0 %, 114.48 W
2026/08/14 05:51:29.149, 0, NVIDIA H200, 65661 MiB, 143771 MiB, 0 %, 114.46 W
2026/08/14 05:51:30.155, 0, NVIDIA H200, 65661 MiB, 143771 MiB, 0 %, 114.51 W
2026/08/14 05:51:31.158, 0, NVIDIA H200, 65661 MiB, 143771 MiB, 0 %, 114.44 W
2026/08/14 05:51:32.163, 0, NVIDIA H200, 65661 MiB, 143771 MiB, 0 %, 114.54 W
2026/08/14 05:51:33.167, 0, NVIDIA H200, 65661 MiB, 143771 MiB, 0 %, 114.45 W
2026/08/14 05:51:34.172, 0, NVIDIA H200, 65661 MiB, 143771 MiB, 0 %, 114.49 W
2026/08/14 05:51:35.175, 0, NVIDIA H200, 65661 MiB, 143771 MiB, 0 %, 114.46 W
2026/08/14 05:51:36.180, 0, NVIDIA H200, 65661 MiB, 143771 MiB, 0 %, 114.48 W
2026/08/14 05:51:37.184, 0, NVIDIA H200, 65661 MiB, 143771 MiB, 0 %, 114.47 W
2026/08/14 05:51:38.190, 0, NVIDIA H200, 65661 MiB, 143771 MiB, 0 %, 114.49 W
2026/08/14 05:51:39.193, 0, NVIDIA H200, 65661 MiB, 143771 MiB, 0 %, 114.54 W
2026/08/14 05:51:40.198, 0, NVIDIA H200, 65661 MiB, 143771 MiB, 0 %, 114.43 W
2026/08/14 05:51:41.201, 0, NVIDIA H200, 65661 MiB, 143771 MiB, 0 %, 114.49 W
2026/08/14 05:51:42.218, 0, NVIDIA H200, 65661 MiB, 143771 MiB, 0 %, 114.39 W
2026/08/14 05:51:43.221, 0, NVIDIA H200, 65789 MiB, 143771 MiB, 0 %, 114.58 W
2026/08/14 05:51:44.229, 0, NVIDIA H200, 65849 MiB, 143771 MiB, 0 %, 145.84 W
2026/08/14 05:51:45.232, 0, NVIDIA H200, 65853 MiB, 143771 MiB, 57 %, 141.10 W
2026/08/14 05:51:46.235, 0, NVIDIA H200, 66105 MiB, 143771 MiB, 0 %, 119.54 W
2026/08/14 05:51:47.238, 0, NVIDIA H200, 66105 MiB, 143771 MiB, 0 %, 134.89 W
2026/08/14 05:51:48.242, 0, NVIDIA H200, 65661 MiB, 143771 MiB, 0 %, 136.12 W
2026/08/14 05:51:49.246, 0, NVIDIA H200, 65663 MiB, 143771 MiB, 0 %, 114.66 W
2026/08/14 05:51:50.248, 0, NVIDIA H200, 66119 MiB, 143771 MiB, 0 %, 150.42 W
2026/08/14 05:51:51.251, 0, NVIDIA H200, 66119 MiB, 143771 MiB, 0 %, 114.78 W
2026/08/14 05:51:52.255, 0, NVIDIA H200, 66119 MiB, 143771 MiB, 0 %, 114.74 W
2026/08/14 05:51:53.259, 0, NVIDIA H200, 66119 MiB, 143771 MiB, 0 %, 114.73 W
2026/08/14 05:51:54.262, 0, NVIDIA H200, 66119 MiB, 143771 MiB, 0 %, 114.65 W
2026/08/14 05:51:55.266, 0, NVIDIA H200, 66179 MiB, 143771 MiB, 0 %, 217.39 W
2026/08/14 05:51:56.269, 0, NVIDIA H200, 66179 MiB, 143771 MiB, 0 %, 114.89 W
2026/08/14 05:51:57.272, 0, NVIDIA H200, 66179 MiB, 143771 MiB, 43 %, 135.53 W
2026/08/14 05:51:58.276, 0, NVIDIA H200, 66179 MiB, 143771 MiB, 0 %, 114.99 W
2026/08/14 05:51:59.279, 0, NVIDIA H200, 66179 MiB, 143771 MiB, 0 %, 114.82 W
2026/08/14 05:52:00.282, 0, NVIDIA H200, 66179 MiB, 143771 MiB, 0 %, 114.61 W
2026/08/14 05:52:01.286, 0, NVIDIA H200, 66179 MiB, 143771 MiB, 97 %, 195.56 W
2026/08/14 05:52:02.290, 0, NVIDIA H200, 65663 MiB, 143771 MiB, 0 %, 152.78 W
2026/08/14 05:52:03.293, 0, NVIDIA H200, 65663 MiB, 143771 MiB, 0 %, 114.84 W
2026/08/14 05:52:04.296, 0, NVIDIA H200, 65663 MiB, 143771 MiB, 0 %, 114.73 W
2026/08/14 05:52:05.302, 0, NVIDIA H200, 65663 MiB, 143771 MiB, 0 %, 114.71 W
2026/08/14 05:52:06.305, 0, NVIDIA H200, 65663 MiB, 143771 MiB, 0 %, 114.65 W
2026/08/14 05:52:07.310, 0, NVIDIA H200, 66459 MiB, 143771 MiB, 0 %, 251.78 W
2026/08/14 05:52:08.321, 0, NVIDIA H200, 66459 MiB, 143771 MiB, 0 %, 114.99 W
2026/08/14 05:52:09.327, 0, NVIDIA H200, 66459 MiB, 143771 MiB, 0 %, 114.90 W
2026/08/14 05:52:10.330, 0, NVIDIA H200, 66459 MiB, 143771 MiB, 0 %, 161.72 W
2026/08/14 05:52:11.335, 0, NVIDIA H200, 66459 MiB, 143771 MiB, 0 %, 115.08 W
2026/08/14 05:52:12.339, 0, NVIDIA H200, 66459 MiB, 143771 MiB, 0 %, 114.95 W
2026/08/14 05:52:13.342, 0, NVIDIA H200, 66459 MiB, 143771 MiB, 0 %, 147.76 W
2026/08/14 05:52:14.346, 0, NVIDIA H200, 66459 MiB, 143771 MiB, 0 %, 115.08 W
2026/08/14 05:52:15.351, 0, NVIDIA H200, 66459 MiB, 143771 MiB, 0 %, 114.84 W
2026/08/14 05:52:16.355, 0, NVIDIA H200, 66459 MiB, 143771 MiB, 0 %, 114.78 W
2026/08/14 05:52:17.358, 0, NVIDIA H200, 66459 MiB, 143771 MiB, 28 %, 120.69 W
2026/08/14 05:52:18.361, 0, NVIDIA H200, 66459 MiB, 143771 MiB, 0 %, 157.09 W
2026/08/14 05:52:19.374, 0, NVIDIA H200, 66459 MiB, 143771 MiB, 0 %, 114.96 W
2026/08/14 05:52:20.388, 0, NVIDIA H200, 66459 MiB, 143771 MiB, 0 %, 114.80 W
2026/08/14 05:52:21.392, 0, NVIDIA H200, 66459 MiB, 143771 MiB, 78 %, 146.33 W
2026/08/14 05:52:22.395, 0, NVIDIA H200, 66459 MiB, 143771 MiB, 0 %, 115.03 W
2026/08/14 05:52:23.397, 0, NVIDIA H200, 66459 MiB, 143771 MiB, 0 %, 124.35 W
2026/08/14 05:52:24.401, 0, NVIDIA H200, 66459 MiB, 143771 MiB, 0 %, 114.90 W
2026/08/14 05:52:25.405, 0, NVIDIA H200, 66459 MiB, 143771 MiB, 0 %, 114.84 W
2026/08/14 05:52:26.407, 0, NVIDIA H200, 66459 MiB, 143771 MiB, 0 %, 114.72 W
2026/08/14 05:52:27.411, 0, NVIDIA H200, 66459 MiB, 143771 MiB, 0 %, 114.78 W
2026/08/14 05:52:28.413, 0, NVIDIA H200, 66459 MiB, 143771 MiB, 0 %, 114.66 W
2026/08/14 05:52:29.416, 0, NVIDIA H200, 66459 MiB, 143771 MiB, 0 %, 114.79 W
2026/08/14 05:52:30.419, 0, NVIDIA H200, 66877 MiB, 143771 MiB, 32 %, 137.97 W
2026/08/14 05:52:31.422, 0, NVIDIA H200, 67485 MiB, 143771 MiB, 73 %, 195.31 W
2026/08/14 05:52:32.424, 0, NVIDIA H200, 67485 MiB, 143771 MiB, 0 %, 114.93 W
2026/08/14 05:52:33.427, 0, NVIDIA H200, 67485 MiB, 143771 MiB, 0 %, 114.94 W
2026/08/14 05:52:34.429, 0, NVIDIA H200, 67485 MiB, 143771 MiB, 0 %, 114.86 W
2026/08/14 05:52:35.432, 0, NVIDIA H200, 67485 MiB, 143771 MiB, 0 %, 114.94 W
2026/08/14 05:52:36.436, 0, NVIDIA H200, 67485 MiB, 143771 MiB, 0 %, 127.04 W
2026/08/14 05:52:37.439, 0, NVIDIA H200, 67485 MiB, 143771 MiB, 0 %, 118.41 W
2026/08/14 05:52:38.443, 0, NVIDIA H200, 67485 MiB, 143771 MiB, 0 %, 114.87 W
2026/08/14 05:52:39.447, 0, NVIDIA H200, 67485 MiB, 143771 MiB, 0 %, 114.92 W
2026/08/14 05:52:40.451, 0, NVIDIA H200, 67485 MiB, 143771 MiB, 0 %, 114.83 W
2026/08/14 05:52:41.461, 0, NVIDIA H200, 67485 MiB, 143771 MiB, 0 %, 114.79 W
2026/08/14 05:52:42.464, 0, NVIDIA H200, 66653 MiB, 143771 MiB, 0 %, 128.03 W
2026/08/14 05:52:43.467, 0, NVIDIA H200, 66653 MiB, 143771 MiB, 0 %, 114.88 W
2026/08/14 05:52:44.469, 0, NVIDIA H200, 66653 MiB, 143771 MiB, 0 %, 114.90 W
2026/08/14 05:52:45.473, 0, NVIDIA H200, 66653 MiB, 143771 MiB, 0 %, 114.84 W
2026/08/14 05:52:46.476, 0, NVIDIA H200, 66653 MiB, 143771 MiB, 0 %, 114.84 W
2026/08/14 05:52:47.480, 0, NVIDIA H200, 67047 MiB, 143771 MiB, 0 %, 126.25 W
2026/08/14 05:52:48.483, 0, NVIDIA H200, 67047 MiB, 143771 MiB, 0 %, 114.79 W
2026/08/14 05:52:49.486, 0, NVIDIA H200, 67047 MiB, 143771 MiB, 0 %, 114.83 W
2026/08/14 05:52:50.490, 0, NVIDIA H200, 67047 MiB, 143771 MiB, 0 %, 114.85 W
2026/08/14 05:52:51.493, 0, NVIDIA H200, 67047 MiB, 143771 MiB, 0 %, 114.86 W
2026/08/14 05:52:52.496, 0, NVIDIA H200, 67047 MiB, 143771 MiB, 0 %, 114.83 W
2026/08/14 05:52:53.499, 0, NVIDIA H200, 67049 MiB, 143771 MiB, 22 %, 130.66 W
2026/08/14 05:52:54.501, 0, NVIDIA H200, 67049 MiB, 143771 MiB, 0 %, 114.91 W
2026/08/14 05:52:55.504, 0, NVIDIA H200, 67049 MiB, 143771 MiB, 0 %, 114.99 W
2026/08/14 05:52:56.507, 0, NVIDIA H200, 67051 MiB, 143771 MiB, 0 %, 118.16 W
2026/08/14 05:52:57.509, 0, NVIDIA H200, 67051 MiB, 143771 MiB, 0 %, 114.78 W
2026/08/14 05:52:58.513, 0, NVIDIA H200, 67051 MiB, 143771 MiB, 0 %, 114.68 W
2026/08/14 05:52:59.518, 0, NVIDIA H200, 67051 MiB, 143771 MiB, 1 %, 114.75 W
2026/08/14 05:53:00.522, 0, NVIDIA H200, 67051 MiB, 143771 MiB, 0 %, 114.82 W
2026/08/14 05:53:01.526, 0, NVIDIA H200, 66353 MiB, 143771 MiB, 0 %, 114.83 W
2026/08/14 05:53:02.529, 0, NVIDIA H200, 66439 MiB, 143771 MiB, 0 %, 115.05 W
2026/08/14 05:53:03.532, 0, NVIDIA H200, 67035 MiB, 143771 MiB, 0 %, 131.03 W
2026/08/14 05:53:04.534, 0, NVIDIA H200, 66391 MiB, 143771 MiB, 0 %, 114.86 W
2026/08/14 05:53:05.537, 0, NVIDIA H200, 115111 MiB, 143771 MiB, 0 %, 119.02 W
2026/08/14 05:53:06.540, 0, NVIDIA H200, 116459 MiB, 143771 MiB, 0 %, 184.36 W
2026/08/14 05:53:07.543, 0, NVIDIA H200, 115227 MiB, 143771 MiB, 8 %, 134.68 W
2026/08/14 05:53:08.545, 0, NVIDIA H200, 115279 MiB, 143771 MiB, 10 %, 145.46 W
2026/08/14 05:53:09.548, 0, NVIDIA H200, 115367 MiB, 143771 MiB, 8 %, 134.20 W
2026/08/14 05:53:10.552, 0, NVIDIA H200, 115433 MiB, 143771 MiB, 6 %, 128.09 W
2026/08/14 05:53:11.555, 0, NVIDIA H200, 115425 MiB, 143771 MiB, 1 %, 117.57 W
2026/08/14 05:53:12.558, 0, NVIDIA H200, 115473 MiB, 143771 MiB, 1 %, 118.18 W
2026/08/14 05:53:13.561, 0, NVIDIA H200, 115475 MiB, 143771 MiB, 7 %, 117.86 W
2026/08/14 05:53:14.564, 0, NVIDIA H200, 115493 MiB, 143771 MiB, 3 %, 116.99 W
2026/08/14 05:53:15.567, 0, NVIDIA H200, 116363 MiB, 143771 MiB, 10 %, 129.68 W
2026/08/14 05:53:16.570, 0, NVIDIA H200, 116167 MiB, 143771 MiB, 8 %, 132.21 W
2026/08/14 05:53:17.577, 0, NVIDIA H200, 116065 MiB, 143771 MiB, 0 %, 119.11 W
2026/08/14 05:53:18.580, 0, NVIDIA H200, 116065 MiB, 143771 MiB, 0 %, 116.18 W
2026/08/14 05:53:19.582, 0, NVIDIA H200, 116065 MiB, 143771 MiB, 0 %, 114.80 W
2026/08/14 05:53:20.585, 0, NVIDIA H200, 116065 MiB, 143771 MiB, 0 %, 114.81 W
2026/08/14 05:53:21.588, 0, NVIDIA H200, 116065 MiB, 143771 MiB, 0 %, 114.72 W
2026/08/14 05:53:22.590, 0, NVIDIA H200, 116065 MiB, 143771 MiB, 0 %, 114.78 W
2026/08/14 05:53:23.593, 0, NVIDIA H200, 116065 MiB, 143771 MiB, 0 %, 114.80 W
2026/08/14 05:53:24.596, 0, NVIDIA H200, 116477 MiB, 143771 MiB, 0 %, 123.49 W
2026/08/14 05:53:25.599, 0, NVIDIA H200, 116477 MiB, 143771 MiB, 0 %, 133.47 W
2026/08/14 05:53:26.603, 0, NVIDIA H200, 116477 MiB, 143771 MiB, 11 %, 139.00 W
2026/08/14 05:53:27.606, 0, NVIDIA H200, 116479 MiB, 143771 MiB, 0 %, 117.60 W
2026/08/14 05:53:28.609, 0, NVIDIA H200, 116611 MiB, 143771 MiB, 1 %, 214.50 W
2026/08/14 05:53:29.613, 0, NVIDIA H200, 116613 MiB, 143771 MiB, 0 %, 150.45 W
2026/08/14 05:53:30.616, 0, NVIDIA H200, 116613 MiB, 143771 MiB, 100 %, 441.54 W
2026/08/14 05:53:31.620, 0, NVIDIA H200, 116613 MiB, 143771 MiB, 100 %, 443.67 W
2026/08/14 05:53:32.623, 0, NVIDIA H200, 116613 MiB, 143771 MiB, 100 %, 440.38 W
2026/08/14 05:53:33.626, 0, NVIDIA H200, 116613 MiB, 143771 MiB, 100 %, 442.64 W
2026/08/14 05:53:34.629, 0, NVIDIA H200, 116613 MiB, 143771 MiB, 100 %, 426.73 W
2026/08/14 05:53:35.633, 0, NVIDIA H200, 116907 MiB, 143771 MiB, 100 %, 267.50 W
2026/08/14 05:53:36.635, 0, NVIDIA H200, 116907 MiB, 143771 MiB, 100 %, 442.67 W
2026/08/14 05:53:37.639, 0, NVIDIA H200, 116907 MiB, 143771 MiB, 100 %, 449.80 W
2026/08/14 05:53:38.642, 0, NVIDIA H200, 116907 MiB, 143771 MiB, 100 %, 436.17 W
2026/08/14 05:53:39.646, 0, NVIDIA H200, 116907 MiB, 143771 MiB, 0 %, 157.29 W
2026/08/14 05:53:40.649, 0, NVIDIA H200, 116907 MiB, 143771 MiB, 0 %, 175.43 W
2026/08/14 05:53:41.652, 0, NVIDIA H200, 116907 MiB, 143771 MiB, 100 %, 226.49 W
2026/08/14 05:53:42.656, 0, NVIDIA H200, 116907 MiB, 143771 MiB, 100 %, 446.10 W
2026/08/14 05:53:43.659, 0, NVIDIA H200, 116907 MiB, 143771 MiB, 100 %, 450.95 W
2026/08/14 05:53:44.662, 0, NVIDIA H200, 116907 MiB, 143771 MiB, 100 %, 453.51 W
2026/08/14 05:53:45.665, 0, NVIDIA H200, 116907 MiB, 143771 MiB, 100 %, 450.29 W
2026/08/14 05:53:46.667, 0, NVIDIA H200, 116907 MiB, 143771 MiB, 100 %, 454.61 W
2026/08/14 05:53:47.671, 0, NVIDIA H200, 116907 MiB, 143771 MiB, 100 %, 451.48 W
2026/08/14 05:53:48.674, 0, NVIDIA H200, 116907 MiB, 143771 MiB, 100 %, 454.47 W
2026/08/14 05:53:49.678, 0, NVIDIA H200, 116907 MiB, 143771 MiB, 100 %, 449.55 W
2026/08/14 05:53:50.682, 0, NVIDIA H200, 116907 MiB, 143771 MiB, 100 %, 454.01 W
2026/08/14 05:53:51.685, 0, NVIDIA H200, 116907 MiB, 143771 MiB, 100 %, 456.82 W
2026/08/14 05:53:52.689, 0, NVIDIA H200, 116907 MiB, 143771 MiB, 22 %, 390.63 W
2026/08/14 05:53:53.692, 0, NVIDIA H200, 116907 MiB, 143771 MiB, 44 %, 173.90 W
2026/08/14 05:53:54.695, 0, NVIDIA H200, 116907 MiB, 143771 MiB, 0 %, 152.15 W
2026/08/14 05:53:55.698, 0, NVIDIA H200, 116907 MiB, 143771 MiB, 100 %, 286.06 W
2026/08/14 05:53:56.701, 0, NVIDIA H200, 116907 MiB, 143771 MiB, 100 %, 446.79 W
2026/08/14 05:53:57.705, 0, NVIDIA H200, 116907 MiB, 143771 MiB, 100 %, 450.65 W
2026/08/14 05:53:58.708, 0, NVIDIA H200, 116907 MiB, 143771 MiB, 100 %, 452.49 W
2026/08/14 05:53:59.718, 0, NVIDIA H200, 116907 MiB, 143771 MiB, 100 %, 452.05 W
2026/08/14 05:54:00.721, 0, NVIDIA H200, 116907 MiB, 143771 MiB, 100 %, 451.08 W
2026/08/14 05:54:01.725, 0, NVIDIA H200, 116907 MiB, 143771 MiB, 100 %, 454.87 W
2026/08/14 05:54:02.728, 0, NVIDIA H200, 116907 MiB, 143771 MiB, 100 %, 456.97 W
2026/08/14 05:54:03.732, 0, NVIDIA H200, 116907 MiB, 143771 MiB, 100 %, 459.45 W
2026/08/14 05:54:04.735, 0, NVIDIA H200, 116907 MiB, 143771 MiB, 100 %, 451.10 W
2026/08/14 05:54:05.738, 0, NVIDIA H200, 116907 MiB, 143771 MiB, 100 %, 459.22 W
2026/08/14 05:54:06.740, 0, NVIDIA H200, 116907 MiB, 143771 MiB, 100 %, 458.67 W
2026/08/14 05:54:07.743, 0, NVIDIA H200, 116907 MiB, 143771 MiB, 100 %, 455.44 W
2026/08/14 05:54:08.745, 0, NVIDIA H200, 116907 MiB, 143771 MiB, 100 %, 455.90 W
2026/08/14 05:54:09.749, 0, NVIDIA H200, 116907 MiB, 143771 MiB, 100 %, 452.30 W
2026/08/14 05:54:10.752, 0, NVIDIA H200, 116907 MiB, 143771 MiB, 0 %, 352.30 W
2026/08/14 05:54:11.755, 0, NVIDIA H200, 116907 MiB, 143771 MiB, 60 %, 187.59 W
2026/08/14 05:54:12.759, 0, NVIDIA H200, 116907 MiB, 143771 MiB, 61 %, 207.31 W
2026/08/14 05:54:13.764, 0, NVIDIA H200, 116907 MiB, 143771 MiB, 0 %, 150.28 W
2026/08/14 05:54:14.767, 0, NVIDIA H200, 116907 MiB, 143771 MiB, 100 %, 418.85 W
2026/08/14 05:54:15.771, 0, NVIDIA H200, 116907 MiB, 143771 MiB, 100 %, 447.56 W
2026/08/14 05:54:16.774, 0, NVIDIA H200, 116907 MiB, 143771 MiB, 100 %, 449.89 W
2026/08/14 05:54:17.777, 0, NVIDIA H200, 116907 MiB, 143771 MiB, 100 %, 450.12 W
2026/08/14 05:54:18.781, 0, NVIDIA H200, 116907 MiB, 143771 MiB, 100 %, 453.59 W
2026/08/14 05:54:19.785, 0, NVIDIA H200, 116907 MiB, 143771 MiB, 100 %, 454.28 W
2026/08/14 05:54:20.788, 0, NVIDIA H200, 116907 MiB, 143771 MiB, 100 %, 459.56 W
2026/08/14 05:54:21.790, 0, NVIDIA H200, 116907 MiB, 143771 MiB, 100 %, 453.95 W
2026/08/14 05:54:22.793, 0, NVIDIA H200, 116907 MiB, 143771 MiB, 100 %, 456.18 W
2026/08/14 05:54:23.796, 0, NVIDIA H200, 116907 MiB, 143771 MiB, 100 %, 456.94 W
2026/08/14 05:54:24.799, 0, NVIDIA H200, 116907 MiB, 143771 MiB, 100 %, 456.01 W
2026/08/14 05:54:25.803, 0, NVIDIA H200, 116907 MiB, 143771 MiB, 0 %, 173.09 W
2026/08/14 05:54:26.806, 0, NVIDIA H200, 116907 MiB, 143771 MiB, 0 %, 183.23 W
2026/08/14 05:54:27.810, 0, NVIDIA H200, 116907 MiB, 143771 MiB, 0 %, 174.32 W
2026/08/14 05:54:28.814, 0, NVIDIA H200, 116907 MiB, 143771 MiB, 6 %, 182.83 W
2026/08/14 05:54:29.817, 0, NVIDIA H200, 116907 MiB, 143771 MiB, 22 %, 165.86 W
2026/08/14 05:54:30.820, 0, NVIDIA H200, 116907 MiB, 143771 MiB, 100 %, 449.90 W
2026/08/14 05:54:31.825, 0, NVIDIA H200, 116907 MiB, 143771 MiB, 100 %, 442.54 W
2026/08/14 05:54:32.828, 0, NVIDIA H200, 116907 MiB, 143771 MiB, 100 %, 452.05 W
2026/08/14 05:54:33.830, 0, NVIDIA H200, 116907 MiB, 143771 MiB, 100 %, 447.77 W
2026/08/14 05:54:34.834, 0, NVIDIA H200, 116907 MiB, 143771 MiB, 100 %, 450.57 W
2026/08/14 05:54:35.836, 0, NVIDIA H200, 116907 MiB, 143771 MiB, 100 %, 455.81 W
2026/08/14 05:54:36.839, 0, NVIDIA H200, 116907 MiB, 143771 MiB, 100 %, 452.29 W
2026/08/14 05:54:37.842, 0, NVIDIA H200, 116907 MiB, 143771 MiB, 100 %, 453.65 W
2026/08/14 05:54:38.845, 0, NVIDIA H200, 116907 MiB, 143771 MiB, 100 %, 455.58 W
2026/08/14 05:54:39.848, 0, NVIDIA H200, 116907 MiB, 143771 MiB, 100 %, 456.89 W
2026/08/14 05:54:40.850, 0, NVIDIA H200, 116907 MiB, 143771 MiB, 100 %, 455.04 W
2026/08/14 05:54:41.854, 0, NVIDIA H200, 116907 MiB, 143771 MiB, 0 %, 192.44 W
2026/08/14 05:54:42.856, 0, NVIDIA H200, 116907 MiB, 143771 MiB, 55 %, 206.62 W
2026/08/14 05:54:43.861, 0, NVIDIA H200, 116907 MiB, 143771 MiB, 0 %, 185.89 W
2026/08/14 05:54:44.864, 0, NVIDIA H200, 116907 MiB, 143771 MiB, 100 %, 442.70 W
2026/08/14 05:54:45.869, 0, NVIDIA H200, 116907 MiB, 143771 MiB, 100 %, 444.39 W
2026/08/14 05:54:46.872, 0, NVIDIA H200, 116907 MiB, 143771 MiB, 78 %, 386.17 W
2026/08/14 05:54:47.877, 0, NVIDIA H200, 117209 MiB, 143771 MiB, 100 %, 342.10 W
2026/08/14 05:54:48.880, 0, NVIDIA H200, 117209 MiB, 143771 MiB, 100 %, 447.69 W
2026/08/14 05:54:49.886, 0, NVIDIA H200, 117209 MiB, 143771 MiB, 100 %, 444.23 W
2026/08/14 05:54:50.889, 0, NVIDIA H200, 117209 MiB, 143771 MiB, 0 %, 175.01 W
2026/08/14 05:54:51.895, 0, NVIDIA H200, 117209 MiB, 143771 MiB, 0 %, 184.50 W
2026/08/14 05:54:52.898, 0, NVIDIA H200, 117209 MiB, 143771 MiB, 86 %, 231.77 W
2026/08/14 05:54:53.901, 0, NVIDIA H200, 117209 MiB, 143771 MiB, 100 %, 446.15 W
2026/08/14 05:54:54.904, 0, NVIDIA H200, 117209 MiB, 143771 MiB, 100 %, 445.01 W
2026/08/14 05:54:55.907, 0, NVIDIA H200, 117515 MiB, 143771 MiB, 95 %, 286.93 W
2026/08/14 05:54:56.911, 0, NVIDIA H200, 117515 MiB, 143771 MiB, 100 %, 447.37 W
2026/08/14 05:54:57.914, 0, NVIDIA H200, 117515 MiB, 143771 MiB, 100 %, 445.95 W
2026/08/14 05:54:58.916, 0, NVIDIA H200, 117515 MiB, 143771 MiB, 100 %, 442.43 W
2026/08/14 05:54:59.920, 0, NVIDIA H200, 117515 MiB, 143771 MiB, 0 %, 191.73 W
2026/08/14 05:55:00.924, 0, NVIDIA H200, 117515 MiB, 143771 MiB, 0 %, 208.03 W
2026/08/14 05:55:01.928, 0, NVIDIA H200, 117515 MiB, 143771 MiB, 30 %, 209.17 W
2026/08/14 05:55:02.932, 0, NVIDIA H200, 117515 MiB, 143771 MiB, 100 %, 444.52 W
2026/08/14 05:55:03.935, 0, NVIDIA H200, 117515 MiB, 143771 MiB, 100 %, 439.28 W
2026/08/14 05:55:04.939, 0, NVIDIA H200, 117515 MiB, 143771 MiB, 100 %, 447.76 W
2026/08/14 05:55:05.945, 0, NVIDIA H200, 117515 MiB, 143771 MiB, 100 %, 294.61 W
2026/08/14 05:55:06.947, 0, NVIDIA H200, 117515 MiB, 143771 MiB, 100 %, 445.98 W
2026/08/14 05:55:07.954, 0, NVIDIA H200, 117515 MiB, 143771 MiB, 100 %, 443.58 W
2026/08/14 05:55:08.956, 0, NVIDIA H200, 117515 MiB, 143771 MiB, 0 %, 296.07 W
2026/08/14 05:55:09.971, 0, NVIDIA H200, 117515 MiB, 143771 MiB, 0 %, 186.63 W
2026/08/14 05:55:10.974, 0, NVIDIA H200, 117515 MiB, 143771 MiB, 0 %, 184.94 W
2026/08/14 05:55:11.977, 0, NVIDIA H200, 117515 MiB, 143771 MiB, 100 %, 388.53 W
2026/08/14 05:55:12.981, 0, NVIDIA H200, 117515 MiB, 143771 MiB, 100 %, 449.62 W
2026/08/14 05:55:13.985, 0, NVIDIA H200, 117515 MiB, 143771 MiB, 0 %, 321.21 W
2026/08/14 05:55:14.988, 0, NVIDIA H200, 117515 MiB, 143771 MiB, 100 %, 420.76 W
2026/08/14 05:55:15.991, 0, NVIDIA H200, 117515 MiB, 143771 MiB, 100 %, 439.57 W
2026/08/14 05:55:16.995, 0, NVIDIA H200, 117515 MiB, 143771 MiB, 0 %, 309.23 W
2026/08/14 05:55:17.999, 0, NVIDIA H200, 117515 MiB, 143771 MiB, 0 %, 172.51 W
2026/08/14 05:55:19.003, 0, NVIDIA H200, 117515 MiB, 143771 MiB, 0 %, 186.68 W
2026/08/14 05:55:20.008, 0, NVIDIA H200, 117515 MiB, 143771 MiB, 100 %, 433.41 W
2026/08/14 05:55:21.011, 0, NVIDIA H200, 117515 MiB, 143771 MiB, 15 %, 402.58 W
2026/08/14 05:55:22.016, 0, NVIDIA H200, 117515 MiB, 143771 MiB, 100 %, 337.64 W
2026/08/14 05:55:23.019, 0, NVIDIA H200, 117515 MiB, 143771 MiB, 100 %, 441.39 W
2026/08/14 05:55:24.032, 0, NVIDIA H200, 117515 MiB, 143771 MiB, 0 %, 324.83 W
2026/08/14 05:55:25.036, 0, NVIDIA H200, 117515 MiB, 143771 MiB, 0 %, 175.75 W
2026/08/14 05:55:26.043, 0, NVIDIA H200, 117515 MiB, 143771 MiB, 0 %, 174.00 W
2026/08/14 05:55:27.046, 0, NVIDIA H200, 117515 MiB, 143771 MiB, 100 %, 446.08 W
2026/08/14 05:55:28.053, 0, NVIDIA H200, 117515 MiB, 143771 MiB, 100 %, 445.98 W
2026/08/14 05:55:29.056, 0, NVIDIA H200, 117515 MiB, 143771 MiB, 100 %, 454.08 W
2026/08/14 05:55:30.058, 0, NVIDIA H200, 117515 MiB, 143771 MiB, 100 %, 445.27 W
2026/08/14 05:55:31.062, 0, NVIDIA H200, 117515 MiB, 143771 MiB, 100 %, 452.77 W
2026/08/14 05:55:32.065, 0, NVIDIA H200, 117515 MiB, 143771 MiB, 100 %, 450.92 W
2026/08/14 05:55:33.068, 0, NVIDIA H200, 117515 MiB, 143771 MiB, 100 %, 455.53 W
2026/08/14 05:55:34.073, 0, NVIDIA H200, 117515 MiB, 143771 MiB, 100 %, 456.16 W
2026/08/14 05:55:35.076, 0, NVIDIA H200, 117515 MiB, 143771 MiB, 100 %, 459.35 W
2026/08/14 05:55:36.085, 0, NVIDIA H200, 117515 MiB, 143771 MiB, 7 %, 272.90 W
2026/08/14 05:55:37.088, 0, NVIDIA H200, 117515 MiB, 143771 MiB, 100 %, 443.63 W
2026/08/14 05:55:38.092, 0, NVIDIA H200, 117515 MiB, 143771 MiB, 100 %, 445.38 W
2026/08/14 05:55:39.096, 0, NVIDIA H200, 117515 MiB, 143771 MiB, 0 %, 161.01 W
2026/08/14 05:55:40.100, 0, NVIDIA H200, 117515 MiB, 143771 MiB, 30 %, 238.81 W
2026/08/14 05:55:41.103, 0, NVIDIA H200, 117515 MiB, 143771 MiB, 6 %, 206.97 W
2026/08/14 05:55:42.106, 0, NVIDIA H200, 117515 MiB, 143771 MiB, 100 %, 447.50 W
2026/08/14 05:55:43.109, 0, NVIDIA H200, 117515 MiB, 143771 MiB, 100 %, 447.41 W
2026/08/14 05:55:44.115, 0, NVIDIA H200, 117515 MiB, 143771 MiB, 100 %, 447.24 W
2026/08/14 05:55:45.117, 0, NVIDIA H200, 117515 MiB, 143771 MiB, 100 %, 448.89 W
2026/08/14 05:55:46.121, 0, NVIDIA H200, 117515 MiB, 143771 MiB, 100 %, 453.86 W
2026/08/14 05:55:47.125, 0, NVIDIA H200, 117515 MiB, 143771 MiB, 0 %, 183.87 W
2026/08/14 05:55:48.130, 0, NVIDIA H200, 117515 MiB, 143771 MiB, 81 %, 184.99 W
2026/08/14 05:55:49.133, 0, NVIDIA H200, 117515 MiB, 143771 MiB, 0 %, 175.58 W
2026/08/14 05:55:50.137, 0, NVIDIA H200, 117515 MiB, 143771 MiB, 100 %, 447.58 W
2026/08/14 05:55:51.140, 0, NVIDIA H200, 117515 MiB, 143771 MiB, 0 %, 288.73 W
2026/08/14 05:55:52.145, 0, NVIDIA H200, 117515 MiB, 143771 MiB, 100 %, 449.90 W
2026/08/14 05:55:53.148, 0, NVIDIA H200, 117515 MiB, 143771 MiB, 27 %, 375.39 W
2026/08/14 05:55:54.156, 0, NVIDIA H200, 117515 MiB, 143771 MiB, 0 %, 173.05 W
2026/08/14 05:55:55.159, 0, NVIDIA H200, 117515 MiB, 143771 MiB, 26 %, 171.11 W
2026/08/14 05:55:56.168, 0, NVIDIA H200, 117515 MiB, 143771 MiB, 100 %, 328.05 W
2026/08/14 05:55:57.170, 0, NVIDIA H200, 117515 MiB, 143771 MiB, 100 %, 451.18 W
2026/08/14 05:55:58.182, 0, NVIDIA H200, 117515 MiB, 143771 MiB, 82 %, 274.22 W
2026/08/14 05:55:59.186, 0, NVIDIA H200, 117515 MiB, 143771 MiB, 0 %, 168.11 W
2026/08/14 05:56:00.190, 0, NVIDIA H200, 117515 MiB, 143771 MiB, 0 %, 215.59 W
2026/08/14 05:56:01.193, 0, NVIDIA H200, 117515 MiB, 143771 MiB, 100 %, 224.16 W
2026/08/14 05:56:02.197, 0, NVIDIA H200, 117515 MiB, 143771 MiB, 100 %, 453.22 W
2026/08/14 05:56:03.199, 0, NVIDIA H200, 117515 MiB, 143771 MiB, 100 %, 453.32 W
2026/08/14 05:56:04.202, 0, NVIDIA H200, 117515 MiB, 143771 MiB, 100 %, 446.64 W
2026/08/14 05:56:05.205, 0, NVIDIA H200, 117515 MiB, 143771 MiB, 100 %, 450.63 W
2026/08/14 05:56:06.209, 0, NVIDIA H200, 117515 MiB, 143771 MiB, 100 %, 449.11 W
2026/08/14 05:56:07.211, 0, NVIDIA H200, 117515 MiB, 143771 MiB, 100 %, 452.00 W
2026/08/14 05:56:08.214, 0, NVIDIA H200, 117515 MiB, 143771 MiB, 100 %, 454.34 W
2026/08/14 05:56:09.217, 0, NVIDIA H200, 117515 MiB, 143771 MiB, 100 %, 458.76 W
2026/08/14 05:56:10.219, 0, NVIDIA H200, 117515 MiB, 143771 MiB, 100 %, 457.54 W
2026/08/14 05:56:11.222, 0, NVIDIA H200, 117515 MiB, 143771 MiB, 100 %, 457.27 W
2026/08/14 05:56:12.225, 0, NVIDIA H200, 117515 MiB, 143771 MiB, 100 %, 462.31 W
2026/08/14 05:56:13.228, 0, NVIDIA H200, 117515 MiB, 143771 MiB, 0 %, 311.15 W
2026/08/14 05:56:14.231, 0, NVIDIA H200, 117515 MiB, 143771 MiB, 100 %, 407.53 W
2026/08/14 05:56:15.234, 0, NVIDIA H200, 117515 MiB, 143771 MiB, 100 %, 449.60 W
2026/08/14 05:56:16.238, 0, NVIDIA H200, 117515 MiB, 143771 MiB, 100 %, 444.81 W
2026/08/14 05:56:17.241, 0, NVIDIA H200, 117515 MiB, 143771 MiB, 100 %, 446.32 W
2026/08/14 05:56:18.245, 0, NVIDIA H200, 117515 MiB, 143771 MiB, 0 %, 283.74 W
2026/08/14 05:56:19.248, 0, NVIDIA H200, 117515 MiB, 143771 MiB, 0 %, 172.77 W
2026/08/14 05:56:20.251, 0, NVIDIA H200, 117515 MiB, 143771 MiB, 0 %, 185.02 W
2026/08/14 05:56:21.254, 0, NVIDIA H200, 117515 MiB, 143771 MiB, 47 %, 174.15 W
2026/08/14 05:56:22.258, 0, NVIDIA H200, 117515 MiB, 143771 MiB, 5 %, 150.64 W
2026/08/14 05:56:23.262, 0, NVIDIA H200, 117515 MiB, 143771 MiB, 100 %, 278.03 W
2026/08/14 05:56:24.265, 0, NVIDIA H200, 117515 MiB, 143771 MiB, 100 %, 455.10 W
2026/08/14 05:56:25.269, 0, NVIDIA H200, 117515 MiB, 143771 MiB, 0 %, 293.09 W
2026/08/14 05:56:26.272, 0, NVIDIA H200, 117515 MiB, 143771 MiB, 100 %, 453.46 W
2026/08/14 05:56:27.275, 0, NVIDIA H200, 117515 MiB, 143771 MiB, 0 %, 194.76 W
2026/08/14 05:56:28.278, 0, NVIDIA H200, 117515 MiB, 143771 MiB, 59 %, 222.67 W
2026/08/14 05:56:29.282, 0, NVIDIA H200, 117515 MiB, 143771 MiB, 0 %, 180.50 W
2026/08/14 05:56:30.285, 0, NVIDIA H200, 117515 MiB, 143771 MiB, 100 %, 445.61 W
2026/08/14 05:56:31.288, 0, NVIDIA H200, 117515 MiB, 143771 MiB, 100 %, 451.44 W
2026/08/14 05:56:32.291, 0, NVIDIA H200, 117515 MiB, 143771 MiB, 0 %, 344.30 W
2026/08/14 05:56:33.294, 0, NVIDIA H200, 117515 MiB, 143771 MiB, 100 %, 402.64 W
2026/08/14 05:56:34.297, 0, NVIDIA H200, 117515 MiB, 143771 MiB, 100 %, 452.57 W
2026/08/14 05:56:35.301, 0, NVIDIA H200, 117515 MiB, 143771 MiB, 100 %, 451.95 W
2026/08/14 05:56:36.304, 0, NVIDIA H200, 117515 MiB, 143771 MiB, 100 %, 456.00 W
2026/08/14 05:56:37.309, 0, NVIDIA H200, 117515 MiB, 143771 MiB, 100 %, 456.46 W
2026/08/14 05:56:38.312, 0, NVIDIA H200, 117515 MiB, 143771 MiB, 27 %, 253.72 W
2026/08/14 05:56:39.318, 0, NVIDIA H200, 117515 MiB, 143771 MiB, 0 %, 213.18 W
2026/08/14 05:56:40.321, 0, NVIDIA H200, 117515 MiB, 143771 MiB, 0 %, 152.09 W
2026/08/14 05:56:41.326, 0, NVIDIA H200, 117515 MiB, 143771 MiB, 100 %, 432.48 W
2026/08/14 05:56:42.329, 0, NVIDIA H200, 117515 MiB, 143771 MiB, 100 %, 448.96 W
2026/08/14 05:56:43.336, 0, NVIDIA H200, 117515 MiB, 143771 MiB, 100 %, 452.49 W
2026/08/14 05:56:44.342, 0, NVIDIA H200, 117515 MiB, 143771 MiB, 0 %, 201.94 W
2026/08/14 05:56:45.354, 0, NVIDIA H200, 117515 MiB, 143771 MiB, 0 %, 182.23 W
2026/08/14 05:56:46.358, 0, NVIDIA H200, 117515 MiB, 143771 MiB, 0 %, 201.70 W
2026/08/14 05:56:47.371, 0, NVIDIA H200, 117515 MiB, 143771 MiB, 100 %, 443.26 W
2026/08/14 05:56:48.374, 0, NVIDIA H200, 117515 MiB, 143771 MiB, 100 %, 451.18 W
2026/08/14 05:56:49.380, 0, NVIDIA H200, 117515 MiB, 143771 MiB, 100 %, 451.48 W
2026/08/14 05:56:50.385, 0, NVIDIA H200, 117515 MiB, 143771 MiB, 100 %, 455.15 W
2026/08/14 05:56:51.389, 0, NVIDIA H200, 117515 MiB, 143771 MiB, 0 %, 351.06 W
2026/08/14 05:56:52.392, 0, NVIDIA H200, 117515 MiB, 143771 MiB, 100 %, 403.04 W
2026/08/14 05:56:53.394, 0, NVIDIA H200, 117515 MiB, 143771 MiB, 100 %, 452.04 W
2026/08/14 05:56:54.397, 0, NVIDIA H200, 117515 MiB, 143771 MiB, 100 %, 450.32 W
2026/08/14 05:56:55.403, 0, NVIDIA H200, 117515 MiB, 143771 MiB, 100 %, 455.52 W
2026/08/14 05:56:56.406, 0, NVIDIA H200, 117515 MiB, 143771 MiB, 100 %, 451.41 W
2026/08/14 05:56:57.409, 0, NVIDIA H200, 117515 MiB, 143771 MiB, 0 %, 360.94 W
2026/08/14 05:56:58.414, 0, NVIDIA H200, 117515 MiB, 143771 MiB, 0 %, 188.05 W
2026/08/14 05:56:59.418, 0, NVIDIA H200, 117515 MiB, 143771 MiB, 43 %, 186.04 W
2026/08/14 05:57:00.422, 0, NVIDIA H200, 117515 MiB, 143771 MiB, 100 %, 307.58 W
2026/08/14 05:57:01.438, 0, NVIDIA H200, 117515 MiB, 143771 MiB, 100 %, 437.86 W
2026/08/14 05:57:02.440, 0, NVIDIA H200, 117515 MiB, 143771 MiB, 0 %, 227.99 W
2026/08/14 05:57:03.445, 0, NVIDIA H200, 117515 MiB, 143771 MiB, 0 %, 180.73 W
2026/08/14 05:57:04.448, 0, NVIDIA H200, 117515 MiB, 143771 MiB, 86 %, 189.00 W
2026/08/14 05:57:05.451, 0, NVIDIA H200, 117515 MiB, 143771 MiB, 100 %, 446.80 W
2026/08/14 05:57:06.455, 0, NVIDIA H200, 117515 MiB, 143771 MiB, 61 %, 287.80 W
2026/08/14 05:57:07.464, 0, NVIDIA H200, 117515 MiB, 143771 MiB, 100 %, 440.13 W
2026/08/14 05:57:08.466, 0, NVIDIA H200, 117515 MiB, 143771 MiB, 0 %, 324.10 W
2026/08/14 05:57:09.470, 0, NVIDIA H200, 117515 MiB, 143771 MiB, 0 %, 176.33 W
2026/08/14 05:57:10.473, 0, NVIDIA H200, 117515 MiB, 143771 MiB, 0 %, 171.94 W
2026/08/14 05:57:11.477, 0, NVIDIA H200, 117515 MiB, 143771 MiB, 100 %, 370.57 W
2026/08/14 05:57:12.479, 0, NVIDIA H200, 117515 MiB, 143771 MiB, 100 %, 443.69 W
2026/08/14 05:57:13.482, 0, NVIDIA H200, 117515 MiB, 143771 MiB, 0 %, 304.96 W
2026/08/14 05:57:14.485, 0, NVIDIA H200, 117515 MiB, 143771 MiB, 100 %, 444.93 W
2026/08/14 05:57:15.491, 0, NVIDIA H200, 117515 MiB, 143771 MiB, 61 %, 395.62 W
2026/08/14 05:57:16.495, 0, NVIDIA H200, 117515 MiB, 143771 MiB, 70 %, 199.05 W
2026/08/14 05:57:17.498, 0, NVIDIA H200, 117515 MiB, 143771 MiB, 0 %, 156.85 W
2026/08/14 05:57:18.502, 0, NVIDIA H200, 117515 MiB, 143771 MiB, 100 %, 271.81 W
2026/08/14 05:57:19.506, 0, NVIDIA H200, 117515 MiB, 143771 MiB, 100 %, 444.80 W
2026/08/14 05:57:20.509, 0, NVIDIA H200, 117515 MiB, 143771 MiB, 0 %, 289.49 W
2026/08/14 05:57:21.518, 0, NVIDIA H200, 117515 MiB, 143771 MiB, 100 %, 447.02 W
2026/08/14 05:57:22.521, 0, NVIDIA H200, 117515 MiB, 143771 MiB, 100 %, 444.04 W
2026/08/14 05:57:23.525, 0, NVIDIA H200, 117515 MiB, 143771 MiB, 24 %, 386.30 W
2026/08/14 05:57:24.529, 0, NVIDIA H200, 117515 MiB, 143771 MiB, 59 %, 172.21 W
2026/08/14 05:57:25.543, 0, NVIDIA H200, 117515 MiB, 143771 MiB, 0 %, 179.07 W
2026/08/14 05:57:26.547, 0, NVIDIA H200, 117515 MiB, 143771 MiB, 100 %, 287.95 W
2026/08/14 05:57:27.550, 0, NVIDIA H200, 117515 MiB, 143771 MiB, 100 %, 447.79 W
2026/08/14 05:57:28.555, 0, NVIDIA H200, 117515 MiB, 143771 MiB, 100 %, 443.11 W
2026/08/14 05:57:29.559, 0, NVIDIA H200, 117515 MiB, 143771 MiB, 100 %, 439.76 W
2026/08/14 05:57:30.563, 0, NVIDIA H200, 117515 MiB, 143771 MiB, 100 %, 274.18 W
2026/08/14 05:57:31.568, 0, NVIDIA H200, 117515 MiB, 143771 MiB, 100 %, 450.35 W
2026/08/14 05:57:32.571, 0, NVIDIA H200, 117515 MiB, 143771 MiB, 100 %, 445.30 W
2026/08/14 05:57:33.573, 0, NVIDIA H200, 117515 MiB, 143771 MiB, 0 %, 376.03 W
2026/08/14 05:57:34.576, 0, NVIDIA H200, 117515 MiB, 143771 MiB, 84 %, 199.01 W
2026/08/14 05:57:35.580, 0, NVIDIA H200, 117515 MiB, 143771 MiB, 0 %, 169.17 W
2026/08/14 05:57:36.583, 0, NVIDIA H200, 117515 MiB, 143771 MiB, 100 %, 296.18 W
2026/08/14 05:57:37.586, 0, NVIDIA H200, 117515 MiB, 143771 MiB, 100 %, 446.86 W
2026/08/14 05:57:38.590, 0, NVIDIA H200, 117515 MiB, 143771 MiB, 100 %, 285.57 W
2026/08/14 05:57:39.593, 0, NVIDIA H200, 117515 MiB, 143771 MiB, 100 %, 442.77 W
2026/08/14 05:57:40.595, 0, NVIDIA H200, 117515 MiB, 143771 MiB, 100 %, 442.77 W
2026/08/14 05:57:41.598, 0, NVIDIA H200, 117515 MiB, 143771 MiB, 64 %, 389.76 W
2026/08/14 05:57:42.601, 0, NVIDIA H200, 117515 MiB, 143771 MiB, 55 %, 187.73 W
2026/08/14 05:57:43.604, 0, NVIDIA H200, 117515 MiB, 143771 MiB, 0 %, 184.53 W
2026/08/14 05:57:44.606, 0, NVIDIA H200, 117515 MiB, 143771 MiB, 100 %, 326.36 W
2026/08/14 05:57:45.610, 0, NVIDIA H200, 117515 MiB, 143771 MiB, 100 %, 443.77 W
2026/08/14 05:57:46.613, 0, NVIDIA H200, 117515 MiB, 143771 MiB, 100 %, 292.29 W
2026/08/14 05:57:47.615, 0, NVIDIA H200, 117515 MiB, 143771 MiB, 100 %, 439.91 W
2026/08/14 05:57:48.618, 0, NVIDIA H200, 117515 MiB, 143771 MiB, 0 %, 167.06 W
2026/08/14 05:57:49.624, 0, NVIDIA H200, 117515 MiB, 143771 MiB, 0 %, 180.47 W
2026/08/14 05:57:50.627, 0, NVIDIA H200, 117515 MiB, 143771 MiB, 100 %, 246.63 W
2026/08/14 05:57:51.630, 0, NVIDIA H200, 117515 MiB, 143771 MiB, 100 %, 444.66 W
2026/08/14 05:57:52.633, 0, NVIDIA H200, 117515 MiB, 143771 MiB, 0 %, 392.15 W
2026/08/14 05:57:53.635, 0, NVIDIA H200, 117515 MiB, 143771 MiB, 100 %, 340.08 W
2026/08/14 05:57:54.639, 0, NVIDIA H200, 117515 MiB, 143771 MiB, 100 %, 441.17 W
2026/08/14 05:57:55.642, 0, NVIDIA H200, 117515 MiB, 143771 MiB, 0 %, 162.26 W
2026/08/14 05:57:56.645, 0, NVIDIA H200, 117515 MiB, 143771 MiB, 0 %, 180.71 W
2026/08/14 05:57:57.648, 0, NVIDIA H200, 117515 MiB, 143771 MiB, 100 %, 250.83 W
2026/08/14 05:57:58.651, 0, NVIDIA H200, 117515 MiB, 143771 MiB, 100 %, 447.61 W
2026/08/14 05:57:59.654, 0, NVIDIA H200, 117515 MiB, 143771 MiB, 100 %, 442.22 W
2026/08/14 05:58:00.656, 0, NVIDIA H200, 117515 MiB, 143771 MiB, 100 %, 294.27 W
2026/08/14 05:58:01.659, 0, NVIDIA H200, 117515 MiB, 143771 MiB, 100 %, 444.08 W
2026/08/14 05:58:02.662, 0, NVIDIA H200, 117515 MiB, 143771 MiB, 0 %, 285.01 W
2026/08/14 05:58:03.666, 0, NVIDIA H200, 117515 MiB, 143771 MiB, 0 %, 188.83 W
2026/08/14 05:58:04.668, 0, NVIDIA H200, 117515 MiB, 143771 MiB, 0 %, 184.87 W
2026/08/14 05:58:05.671, 0, NVIDIA H200, 117515 MiB, 143771 MiB, 100 %, 396.16 W
2026/08/14 05:58:06.674, 0, NVIDIA H200, 117515 MiB, 143771 MiB, 0 %, 245.37 W
2026/08/14 05:58:07.677, 0, NVIDIA H200, 117515 MiB, 143771 MiB, 0 %, 183.98 W
2026/08/14 05:58:08.681, 0, NVIDIA H200, 117515 MiB, 143771 MiB, 76 %, 186.28 W
2026/08/14 05:58:09.683, 0, NVIDIA H200, 117515 MiB, 143771 MiB, 100 %, 449.98 W
2026/08/14 05:58:10.687, 0, NVIDIA H200, 117515 MiB, 143771 MiB, 20 %, 416.53 W
2026/08/14 05:58:11.689, 0, NVIDIA H200, 117515 MiB, 143771 MiB, 100 %, 324.64 W
2026/08/14 05:58:12.691, 0, NVIDIA H200, 117515 MiB, 143771 MiB, 100 %, 449.25 W
2026/08/14 05:58:13.695, 0, NVIDIA H200, 117515 MiB, 143771 MiB, 100 %, 451.42 W
2026/08/14 05:58:14.698, 0, NVIDIA H200, 117515 MiB, 143771 MiB, 100 %, 449.45 W
2026/08/14 05:58:15.701, 0, NVIDIA H200, 117515 MiB, 143771 MiB, 100 %, 452.24 W
2026/08/14 05:58:16.703, 0, NVIDIA H200, 117515 MiB, 143771 MiB, 100 %, 456.15 W
2026/08/14 05:58:17.706, 0, NVIDIA H200, 117515 MiB, 143771 MiB, 0 %, 271.15 W
2026/08/14 05:58:18.709, 0, NVIDIA H200, 117515 MiB, 143771 MiB, 19 %, 188.88 W
2026/08/14 05:58:19.712, 0, NVIDIA H200, 117515 MiB, 143771 MiB, 0 %, 164.45 W
2026/08/14 05:58:20.715, 0, NVIDIA H200, 117515 MiB, 143771 MiB, 100 %, 424.82 W
2026/08/14 05:58:21.719, 0, NVIDIA H200, 117515 MiB, 143771 MiB, 100 %, 444.33 W
2026/08/14 05:58:22.722, 0, NVIDIA H200, 117515 MiB, 143771 MiB, 100 %, 450.30 W
2026/08/14 05:58:23.725, 0, NVIDIA H200, 117515 MiB, 143771 MiB, 100 %, 452.80 W
2026/08/14 05:58:24.729, 0, NVIDIA H200, 117515 MiB, 143771 MiB, 100 %, 456.81 W
2026/08/14 05:58:25.731, 0, NVIDIA H200, 117515 MiB, 143771 MiB, 100 %, 456.24 W
2026/08/14 05:58:26.734, 0, NVIDIA H200, 117515 MiB, 143771 MiB, 100 %, 457.17 W
2026/08/14 05:58:27.736, 0, NVIDIA H200, 117515 MiB, 143771 MiB, 100 %, 455.44 W
2026/08/14 05:58:28.739, 0, NVIDIA H200, 117515 MiB, 143771 MiB, 100 %, 460.35 W
2026/08/14 05:58:29.742, 0, NVIDIA H200, 117515 MiB, 143771 MiB, 100 %, 460.33 W
2026/08/14 05:58:30.745, 0, NVIDIA H200, 117515 MiB, 143771 MiB, 100 %, 463.05 W
2026/08/14 05:58:31.748, 0, NVIDIA H200, 117515 MiB, 143771 MiB, 100 %, 461.34 W
2026/08/14 05:58:32.750, 0, NVIDIA H200, 117515 MiB, 143771 MiB, 100 %, 262.64 W
2026/08/14 05:58:33.753, 0, NVIDIA H200, 117515 MiB, 143771 MiB, 100 %, 449.88 W
2026/08/14 05:58:34.755, 0, NVIDIA H200, 117515 MiB, 143771 MiB, 0 %, 283.93 W
2026/08/14 05:58:35.759, 0, NVIDIA H200, 117515 MiB, 143771 MiB, 0 %, 219.78 W
2026/08/14 05:58:36.761, 0, NVIDIA H200, 117515 MiB, 143771 MiB, 37 %, 184.93 W
2026/08/14 05:58:37.764, 0, NVIDIA H200, 117515 MiB, 143771 MiB, 100 %, 351.04 W
2026/08/14 05:58:38.768, 0, NVIDIA H200, 117515 MiB, 143771 MiB, 100 %, 453.21 W
2026/08/14 05:58:39.771, 0, NVIDIA H200, 117515 MiB, 143771 MiB, 100 %, 450.18 W
2026/08/14 05:58:40.774, 0, NVIDIA H200, 117515 MiB, 143771 MiB, 100 %, 450.94 W
2026/08/14 05:58:41.777, 0, NVIDIA H200, 117515 MiB, 143771 MiB, 100 %, 452.82 W
2026/08/14 05:58:42.780, 0, NVIDIA H200, 117515 MiB, 143771 MiB, 100 %, 449.95 W
2026/08/14 05:58:43.783, 0, NVIDIA H200, 117515 MiB, 143771 MiB, 100 %, 449.50 W
2026/08/14 05:58:44.786, 0, NVIDIA H200, 117515 MiB, 143771 MiB, 100 %, 454.21 W
2026/08/14 05:58:45.789, 0, NVIDIA H200, 117515 MiB, 143771 MiB, 100 %, 450.86 W
2026/08/14 05:58:46.793, 0, NVIDIA H200, 117515 MiB, 143771 MiB, 100 %, 459.45 W
2026/08/14 05:58:47.796, 0, NVIDIA H200, 117515 MiB, 143771 MiB, 100 %, 454.17 W
2026/08/14 05:58:48.799, 0, NVIDIA H200, 117515 MiB, 143771 MiB, 100 %, 460.92 W
2026/08/14 05:58:49.803, 0, NVIDIA H200, 117515 MiB, 143771 MiB, 100 %, 460.27 W
2026/08/14 05:58:50.805, 0, NVIDIA H200, 117515 MiB, 143771 MiB, 100 %, 462.95 W
2026/08/14 05:58:51.808, 0, NVIDIA H200, 117515 MiB, 143771 MiB, 100 %, 462.62 W
2026/08/14 05:58:52.811, 0, NVIDIA H200, 117515 MiB, 143771 MiB, 100 %, 461.64 W
2026/08/14 05:58:53.815, 0, NVIDIA H200, 117515 MiB, 143771 MiB, 10 %, 180.95 W
2026/08/14 05:58:54.818, 0, NVIDIA H200, 117515 MiB, 143771 MiB, 75 %, 177.96 W
2026/08/14 05:58:55.822, 0, NVIDIA H200, 117515 MiB, 143771 MiB, 0 %, 165.87 W
2026/08/14 05:58:56.825, 0, NVIDIA H200, 117515 MiB, 143771 MiB, 100 %, 447.41 W
2026/08/14 05:58:57.829, 0, NVIDIA H200, 117515 MiB, 143771 MiB, 100 %, 452.03 W
2026/08/14 05:58:58.832, 0, NVIDIA H200, 117515 MiB, 143771 MiB, 100 %, 451.17 W
2026/08/14 05:58:59.836, 0, NVIDIA H200, 117515 MiB, 143771 MiB, 73 %, 281.41 W
2026/08/14 05:59:00.841, 0, NVIDIA H200, 117515 MiB, 143771 MiB, 9 %, 169.73 W
2026/08/14 05:59:01.844, 0, NVIDIA H200, 117515 MiB, 143771 MiB, 0 %, 173.15 W
2026/08/14 05:59:02.847, 0, NVIDIA H200, 117515 MiB, 143771 MiB, 100 %, 401.44 W
2026/08/14 05:59:03.850, 0, NVIDIA H200, 117515 MiB, 143771 MiB, 100 %, 451.69 W
2026/08/14 05:59:04.853, 0, NVIDIA H200, 117515 MiB, 143771 MiB, 0 %, 393.96 W
2026/08/14 05:59:05.857, 0, NVIDIA H200, 117515 MiB, 143771 MiB, 74 %, 200.77 W
2026/08/14 05:59:06.860, 0, NVIDIA H200, 117515 MiB, 143771 MiB, 0 %, 156.35 W
2026/08/14 05:59:07.866, 0, NVIDIA H200, 117515 MiB, 143771 MiB, 100 %, 276.43 W
2026/08/14 05:59:08.869, 0, NVIDIA H200, 117515 MiB, 143771 MiB, 100 %, 442.75 W
2026/08/14 05:59:09.876, 0, NVIDIA H200, 117515 MiB, 143771 MiB, 100 %, 450.57 W
2026/08/14 05:59:10.879, 0, NVIDIA H200, 117515 MiB, 143771 MiB, 0 %, 291.26 W
2026/08/14 05:59:11.884, 0, NVIDIA H200, 117515 MiB, 143771 MiB, 100 %, 452.19 W
2026/08/14 05:59:12.888, 0, NVIDIA H200, 117515 MiB, 143771 MiB, 100 %, 447.08 W
2026/08/14 05:59:13.900, 0, NVIDIA H200, 117515 MiB, 143771 MiB, 100 %, 450.96 W
2026/08/14 05:59:14.903, 0, NVIDIA H200, 117515 MiB, 143771 MiB, 100 %, 459.23 W
2026/08/14 05:59:15.906, 0, NVIDIA H200, 117515 MiB, 143771 MiB, 100 %, 455.52 W
2026/08/14 05:59:16.910, 0, NVIDIA H200, 117515 MiB, 143771 MiB, 100 %, 453.98 W
2026/08/14 05:59:17.914, 0, NVIDIA H200, 117515 MiB, 143771 MiB, 100 %, 455.24 W
2026/08/14 05:59:18.918, 0, NVIDIA H200, 117515 MiB, 143771 MiB, 100 %, 454.30 W
2026/08/14 05:59:19.928, 0, NVIDIA H200, 117515 MiB, 143771 MiB, 100 %, 459.15 W
2026/08/14 05:59:20.931, 0, NVIDIA H200, 117515 MiB, 143771 MiB, 100 %, 456.32 W
2026/08/14 05:59:21.939, 0, NVIDIA H200, 117515 MiB, 143771 MiB, 0 %, 381.30 W
2026/08/14 05:59:22.942, 0, NVIDIA H200, 117515 MiB, 143771 MiB, 100 %, 203.39 W
2026/08/14 05:59:23.945, 0, NVIDIA H200, 117515 MiB, 143771 MiB, 0 %, 156.04 W
2026/08/14 05:59:24.948, 0, NVIDIA H200, 117515 MiB, 143771 MiB, 0 %, 171.23 W
2026/08/14 05:59:25.951, 0, NVIDIA H200, 117515 MiB, 143771 MiB, 0 %, 187.43 W
2026/08/14 05:59:26.955, 0, NVIDIA H200, 117515 MiB, 143771 MiB, 72 %, 173.43 W
2026/08/14 05:59:27.959, 0, NVIDIA H200, 117515 MiB, 143771 MiB, 0 %, 219.60 W
2026/08/14 05:59:28.962, 0, NVIDIA H200, 117515 MiB, 143771 MiB, 0 %, 147.90 W
2026/08/14 05:59:29.966, 0, NVIDIA H200, 117515 MiB, 143771 MiB, 100 %, 443.38 W
2026/08/14 05:59:30.969, 0, NVIDIA H200, 117515 MiB, 143771 MiB, 100 %, 457.06 W
2026/08/14 05:59:31.972, 0, NVIDIA H200, 117515 MiB, 143771 MiB, 100 %, 458.98 W
2026/08/14 05:59:32.975, 0, NVIDIA H200, 117515 MiB, 143771 MiB, 100 %, 448.87 W
2026/08/14 05:59:33.978, 0, NVIDIA H200, 117515 MiB, 143771 MiB, 100 %, 454.68 W
2026/08/14 05:59:34.982, 0, NVIDIA H200, 117515 MiB, 143771 MiB, 100 %, 452.35 W
2026/08/14 05:59:35.985, 0, NVIDIA H200, 117515 MiB, 143771 MiB, 100 %, 452.80 W
2026/08/14 05:59:36.988, 0, NVIDIA H200, 117515 MiB, 143771 MiB, 100 %, 456.48 W
2026/08/14 05:59:37.991, 0, NVIDIA H200, 117515 MiB, 143771 MiB, 100 %, 459.69 W
2026/08/14 05:59:38.994, 0, NVIDIA H200, 117515 MiB, 143771 MiB, 100 %, 458.24 W
2026/08/14 05:59:39.997, 0, NVIDIA H200, 117515 MiB, 143771 MiB, 100 %, 455.41 W
2026/08/14 05:59:41.000, 0, NVIDIA H200, 117515 MiB, 143771 MiB, 100 %, 463.84 W
2026/08/14 05:59:42.004, 0, NVIDIA H200, 117515 MiB, 143771 MiB, 100 %, 469.30 W
2026/08/14 05:59:43.007, 0, NVIDIA H200, 117515 MiB, 143771 MiB, 100 %, 464.50 W
2026/08/14 05:59:44.022, 0, NVIDIA H200, 117515 MiB, 143771 MiB, 100 %, 465.28 W
2026/08/14 05:59:45.026, 0, NVIDIA H200, 117515 MiB, 143771 MiB, 100 %, 462.55 W
2026/08/14 05:59:46.032, 0, NVIDIA H200, 117515 MiB, 143771 MiB, 16 %, 377.75 W
2026/08/14 05:59:47.035, 0, NVIDIA H200, 117515 MiB, 143771 MiB, 0 %, 217.45 W
2026/08/14 05:59:48.045, 0, NVIDIA H200, 117515 MiB, 143771 MiB, 0 %, 176.65 W
2026/08/14 05:59:49.048, 0, NVIDIA H200, 117515 MiB, 143771 MiB, 57 %, 175.45 W
2026/08/14 05:59:50.059, 0, NVIDIA H200, 117515 MiB, 143771 MiB, 100 %, 392.63 W
2026/08/14 05:59:51.061, 0, NVIDIA H200, 117515 MiB, 143771 MiB, 0 %, 203.18 W
2026/08/14 05:59:52.064, 0, NVIDIA H200, 117515 MiB, 143771 MiB, 0 %, 186.91 W
2026/08/14 05:59:53.067, 0, NVIDIA H200, 117515 MiB, 143771 MiB, 31 %, 183.96 W
2026/08/14 05:59:54.073, 0, NVIDIA H200, 117515 MiB, 143771 MiB, 100 %, 447.17 W
2026/08/14 05:59:55.076, 0, NVIDIA H200, 117515 MiB, 143771 MiB, 0 %, 392.09 W
2026/08/14 05:59:56.080, 0, NVIDIA H200, 117515 MiB, 143771 MiB, 100 %, 379.32 W
2026/08/14 05:59:57.083, 0, NVIDIA H200, 117515 MiB, 143771 MiB, 100 %, 457.45 W
2026/08/14 05:59:58.086, 0, NVIDIA H200, 117515 MiB, 143771 MiB, 100 %, 457.12 W
2026/08/14 05:59:59.089, 0, NVIDIA H200, 117515 MiB, 143771 MiB, 100 %, 462.33 W
2026/08/14 06:00:00.093, 0, NVIDIA H200, 117515 MiB, 143771 MiB, 0 %, 302.99 W
2026/08/14 06:00:01.096, 0, NVIDIA H200, 117515 MiB, 143771 MiB, 0 %, 230.05 W
2026/08/14 06:00:02.098, 0, NVIDIA H200, 117515 MiB, 143771 MiB, 36 %, 185.05 W
2026/08/14 06:00:03.101, 0, NVIDIA H200, 117515 MiB, 143771 MiB, 100 %, 290.45 W
2026/08/14 06:00:04.106, 0, NVIDIA H200, 117515 MiB, 143771 MiB, 0 %, 340.42 W
2026/08/14 06:00:05.110, 0, NVIDIA H200, 117515 MiB, 143771 MiB, 0 %, 177.84 W
2026/08/14 06:00:06.113, 0, NVIDIA H200, 117515 MiB, 143771 MiB, 67 %, 195.31 W
2026/08/14 06:00:07.117, 0, NVIDIA H200, 117515 MiB, 143771 MiB, 100 %, 300.58 W
2026/08/14 06:00:08.120, 0, NVIDIA H200, 117515 MiB, 143771 MiB, 0 %, 322.33 W
2026/08/14 06:00:09.123, 0, NVIDIA H200, 117515 MiB, 143771 MiB, 100 %, 423.32 W
2026/08/14 06:00:10.125, 0, NVIDIA H200, 117515 MiB, 143771 MiB, 100 %, 453.15 W
2026/08/14 06:00:11.128, 0, NVIDIA H200, 117515 MiB, 143771 MiB, 100 %, 450.25 W
2026/08/14 06:00:12.132, 0, NVIDIA H200, 117515 MiB, 143771 MiB, 100 %, 450.66 W
2026/08/14 06:00:13.135, 0, NVIDIA H200, 117515 MiB, 143771 MiB, 100 %, 449.02 W
2026/08/14 06:00:14.138, 0, NVIDIA H200, 117515 MiB, 143771 MiB, 100 %, 457.31 W
2026/08/14 06:00:15.142, 0, NVIDIA H200, 117515 MiB, 143771 MiB, 100 %, 448.02 W
2026/08/14 06:00:16.146, 0, NVIDIA H200, 117515 MiB, 143771 MiB, 0 %, 146.34 W
2026/08/14 06:00:17.149, 0, NVIDIA H200, 117515 MiB, 143771 MiB, 0 %, 185.31 W
2026/08/14 06:00:18.153, 0, NVIDIA H200, 117515 MiB, 143771 MiB, 95 %, 219.01 W
2026/08/14 06:00:19.156, 0, NVIDIA H200, 117515 MiB, 143771 MiB, 100 %, 452.57 W
2026/08/14 06:00:20.162, 0, NVIDIA H200, 117515 MiB, 143771 MiB, 0 %, 290.92 W
2026/08/14 06:00:21.166, 0, NVIDIA H200, 117515 MiB, 143771 MiB, 100 %, 450.11 W
2026/08/14 06:00:22.171, 0, NVIDIA H200, 117515 MiB, 143771 MiB, 100 %, 453.92 W
2026/08/14 06:00:23.174, 0, NVIDIA H200, 117515 MiB, 143771 MiB, 100 %, 432.26 W
2026/08/14 06:00:24.180, 0, NVIDIA H200, 117515 MiB, 143771 MiB, 0 %, 157.27 W
2026/08/14 06:00:25.183, 0, NVIDIA H200, 117515 MiB, 143771 MiB, 29 %, 223.26 W
2026/08/14 06:00:26.187, 0, NVIDIA H200, 117515 MiB, 143771 MiB, 11 %, 213.23 W
2026/08/14 06:00:27.190, 0, NVIDIA H200, 117515 MiB, 143771 MiB, 100 %, 450.22 W
2026/08/14 06:00:28.194, 0, NVIDIA H200, 117515 MiB, 143771 MiB, 100 %, 442.69 W
2026/08/14 06:00:29.199, 0, NVIDIA H200, 117515 MiB, 143771 MiB, 100 %, 448.24 W
2026/08/14 06:00:30.203, 0, NVIDIA H200, 117515 MiB, 143771 MiB, 100 %, 451.20 W
2026/08/14 06:00:31.206, 0, NVIDIA H200, 117515 MiB, 143771 MiB, 100 %, 451.55 W
2026/08/14 06:00:32.209, 0, NVIDIA H200, 117515 MiB, 143771 MiB, 100 %, 456.68 W
2026/08/14 06:00:33.212, 0, NVIDIA H200, 117515 MiB, 143771 MiB, 100 %, 453.90 W
2026/08/14 06:00:34.215, 0, NVIDIA H200, 117515 MiB, 143771 MiB, 100 %, 461.07 W
2026/08/14 06:00:35.218, 0, NVIDIA H200, 117515 MiB, 143771 MiB, 100 %, 436.71 W
2026/08/14 06:00:36.221, 0, NVIDIA H200, 117515 MiB, 143771 MiB, 100 %, 279.45 W
2026/08/14 06:00:37.224, 0, NVIDIA H200, 117515 MiB, 143771 MiB, 100 %, 451.60 W
2026/08/14 06:00:38.227, 0, NVIDIA H200, 117515 MiB, 143771 MiB, 0 %, 373.61 W
2026/08/14 06:00:39.231, 0, NVIDIA H200, 117515 MiB, 143771 MiB, 17 %, 181.39 W
2026/08/14 06:00:40.236, 0, NVIDIA H200, 117515 MiB, 143771 MiB, 11 %, 172.11 W
2026/08/14 06:00:41.240, 0, NVIDIA H200, 117515 MiB, 143771 MiB, 100 %, 295.97 W
2026/08/14 06:00:42.243, 0, NVIDIA H200, 117515 MiB, 143771 MiB, 100 %, 438.71 W
2026/08/14 06:00:43.247, 0, NVIDIA H200, 117515 MiB, 143771 MiB, 0 %, 174.75 W
2026/08/14 06:00:44.249, 0, NVIDIA H200, 117515 MiB, 143771 MiB, 0 %, 165.81 W
2026/08/14 06:00:45.252, 0, NVIDIA H200, 117515 MiB, 143771 MiB, 100 %, 249.31 W
2026/08/14 06:00:46.254, 0, NVIDIA H200, 117515 MiB, 143771 MiB, 100 %, 446.17 W
2026/08/14 06:00:47.257, 0, NVIDIA H200, 117515 MiB, 143771 MiB, 100 %, 443.84 W
2026/08/14 06:00:48.261, 0, NVIDIA H200, 117515 MiB, 143771 MiB, 100 %, 458.31 W
2026/08/14 06:00:49.263, 0, NVIDIA H200, 117515 MiB, 143771 MiB, 100 %, 451.25 W
2026/08/14 06:00:50.266, 0, NVIDIA H200, 117515 MiB, 143771 MiB, 100 %, 455.43 W
2026/08/14 06:00:51.269, 0, NVIDIA H200, 117515 MiB, 143771 MiB, 100 %, 453.14 W
2026/08/14 06:00:52.274, 0, NVIDIA H200, 117515 MiB, 143771 MiB, 100 %, 457.07 W
2026/08/14 06:00:53.277, 0, NVIDIA H200, 117515 MiB, 143771 MiB, 100 %, 458.49 W
2026/08/14 06:00:54.279, 0, NVIDIA H200, 117515 MiB, 143771 MiB, 100 %, 456.70 W
2026/08/14 06:00:55.282, 0, NVIDIA H200, 117515 MiB, 143771 MiB, 100 %, 462.76 W
2026/08/14 06:00:56.286, 0, NVIDIA H200, 117515 MiB, 143771 MiB, 100 %, 455.65 W
2026/08/14 06:00:57.289, 0, NVIDIA H200, 117515 MiB, 143771 MiB, 100 %, 461.30 W
2026/08/14 06:00:58.293, 0, NVIDIA H200, 117515 MiB, 143771 MiB, 100 %, 463.74 W
2026/08/14 06:00:59.295, 0, NVIDIA H200, 117515 MiB, 143771 MiB, 100 %, 464.88 W
2026/08/14 06:01:00.298, 0, NVIDIA H200, 117515 MiB, 143771 MiB, 100 %, 459.45 W
2026/08/14 06:01:01.305, 0, NVIDIA H200, 117515 MiB, 143771 MiB, 0 %, 206.58 W
2026/08/14 06:01:02.308, 0, NVIDIA H200, 117515 MiB, 143771 MiB, 0 %, 203.81 W
2026/08/14 06:01:03.316, 0, NVIDIA H200, 117515 MiB, 143771 MiB, 72 %, 182.83 W
2026/08/14 06:01:04.319, 0, NVIDIA H200, 117515 MiB, 143771 MiB, 100 %, 443.39 W
2026/08/14 06:01:05.323, 0, NVIDIA H200, 117515 MiB, 143771 MiB, 100 %, 439.40 W
2026/08/14 06:01:06.326, 0, NVIDIA H200, 117515 MiB, 143771 MiB, 0 %, 236.43 W
2026/08/14 06:01:07.332, 0, NVIDIA H200, 117515 MiB, 143771 MiB, 0 %, 177.32 W
2026/08/14 06:01:08.336, 0, NVIDIA H200, 117515 MiB, 143771 MiB, 24 %, 169.38 W
2026/08/14 06:01:09.339, 0, NVIDIA H200, 117515 MiB, 143771 MiB, 100 %, 312.48 W
2026/08/14 06:01:10.342, 0, NVIDIA H200, 117515 MiB, 143771 MiB, 70 %, 291.42 W
2026/08/14 06:01:11.351, 0, NVIDIA H200, 117515 MiB, 143771 MiB, 100 %, 446.55 W
2026/08/14 06:01:12.354, 0, NVIDIA H200, 117515 MiB, 143771 MiB, 100 %, 445.83 W
2026/08/14 06:01:13.361, 0, NVIDIA H200, 117515 MiB, 143771 MiB, 70 %, 289.42 W
2026/08/14 06:01:14.366, 0, NVIDIA H200, 117515 MiB, 143771 MiB, 67 %, 183.07 W
2026/08/14 06:01:15.377, 0, NVIDIA H200, 117515 MiB, 143771 MiB, 0 %, 159.34 W
2026/08/14 06:01:16.381, 0, NVIDIA H200, 117515 MiB, 143771 MiB, 100 %, 421.34 W
2026/08/14 06:01:17.393, 0, NVIDIA H200, 117515 MiB, 143771 MiB, 59 %, 428.43 W
2026/08/14 06:01:18.396, 0, NVIDIA H200, 117515 MiB, 143771 MiB, 100 %, 337.42 W
2026/08/14 06:01:19.410, 0, NVIDIA H200, 117515 MiB, 143771 MiB, 100 %, 437.07 W
2026/08/14 06:01:20.414, 0, NVIDIA H200, 117515 MiB, 143771 MiB, 0 %, 290.03 W
2026/08/14 06:01:21.419, 0, NVIDIA H200, 117515 MiB, 143771 MiB, 0 %, 242.45 W
2026/08/14 06:01:22.423, 0, NVIDIA H200, 117515 MiB, 143771 MiB, 45 %, 189.09 W
2026/08/14 06:01:23.426, 0, NVIDIA H200, 117515 MiB, 143771 MiB, 100 %, 331.43 W
2026/08/14 06:01:24.430, 0, NVIDIA H200, 117515 MiB, 143771 MiB, 100 %, 452.88 W
2026/08/14 06:01:25.434, 0, NVIDIA H200, 117515 MiB, 143771 MiB, 100 %, 453.47 W
2026/08/14 06:01:26.437, 0, NVIDIA H200, 117515 MiB, 143771 MiB, 100 %, 257.03 W
2026/08/14 06:01:27.441, 0, NVIDIA H200, 117515 MiB, 143771 MiB, 100 %, 453.67 W
2026/08/14 06:01:28.445, 0, NVIDIA H200, 117515 MiB, 143771 MiB, 100 %, 452.95 W
2026/08/14 06:01:29.456, 0, NVIDIA H200, 117515 MiB, 143771 MiB, 100 %, 458.78 W
2026/08/14 06:01:30.459, 0, NVIDIA H200, 117515 MiB, 143771 MiB, 100 %, 460.91 W
2026/08/14 06:01:31.464, 0, NVIDIA H200, 117515 MiB, 143771 MiB, 100 %, 454.19 W
2026/08/14 06:01:32.467, 0, NVIDIA H200, 117515 MiB, 143771 MiB, 0 %, 313.50 W
2026/08/14 06:01:33.470, 0, NVIDIA H200, 117515 MiB, 143771 MiB, 0 %, 181.50 W
2026/08/14 06:01:34.473, 0, NVIDIA H200, 117515 MiB, 143771 MiB, 41 %, 184.54 W
2026/08/14 06:01:35.476, 0, NVIDIA H200, 117515 MiB, 143771 MiB, 100 %, 313.29 W
2026/08/14 06:01:36.479, 0, NVIDIA H200, 117515 MiB, 143771 MiB, 100 %, 452.21 W
2026/08/14 06:01:37.483, 0, NVIDIA H200, 117515 MiB, 143771 MiB, 100 %, 453.94 W
2026/08/14 06:01:38.485, 0, NVIDIA H200, 117515 MiB, 143771 MiB, 100 %, 455.30 W
2026/08/14 06:01:39.489, 0, NVIDIA H200, 117515 MiB, 143771 MiB, 100 %, 460.74 W
2026/08/14 06:01:40.492, 0, NVIDIA H200, 117515 MiB, 143771 MiB, 100 %, 467.15 W
2026/08/14 06:01:41.497, 0, NVIDIA H200, 117515 MiB, 143771 MiB, 100 %, 476.21 W
2026/08/14 06:01:42.499, 0, NVIDIA H200, 117515 MiB, 143771 MiB, 100 %, 475.06 W
2026/08/14 06:01:43.502, 0, NVIDIA H200, 117515 MiB, 143771 MiB, 100 %, 473.66 W
2026/08/14 06:01:44.505, 0, NVIDIA H200, 117515 MiB, 143771 MiB, 0 %, 310.25 W
2026/08/14 06:01:45.508, 0, NVIDIA H200, 117515 MiB, 143771 MiB, 0 %, 182.82 W
2026/08/14 06:01:46.511, 0, NVIDIA H200, 117515 MiB, 143771 MiB, 34 %, 171.80 W
2026/08/14 06:01:47.514, 0, NVIDIA H200, 117515 MiB, 143771 MiB, 100 %, 312.76 W
2026/08/14 06:01:48.517, 0, NVIDIA H200, 117515 MiB, 143771 MiB, 100 %, 455.45 W
2026/08/14 06:01:49.522, 0, NVIDIA H200, 117515 MiB, 143771 MiB, 100 %, 458.14 W
2026/08/14 06:01:50.525, 0, NVIDIA H200, 117515 MiB, 143771 MiB, 100 %, 449.85 W
2026/08/14 06:01:51.528, 0, NVIDIA H200, 117515 MiB, 143771 MiB, 0 %, 371.88 W
2026/08/14 06:01:52.532, 0, NVIDIA H200, 117515 MiB, 143771 MiB, 100 %, 348.08 W
2026/08/14 06:01:53.536, 0, NVIDIA H200, 117515 MiB, 143771 MiB, 100 %, 454.54 W
2026/08/14 06:01:54.538, 0, NVIDIA H200, 117515 MiB, 143771 MiB, 100 %, 453.44 W
2026/08/14 06:01:55.544, 0, NVIDIA H200, 117515 MiB, 143771 MiB, 100 %, 457.48 W
2026/08/14 06:01:56.548, 0, NVIDIA H200, 117515 MiB, 143771 MiB, 100 %, 460.68 W
2026/08/14 06:01:57.552, 0, NVIDIA H200, 117515 MiB, 143771 MiB, 100 %, 453.69 W
2026/08/14 06:01:58.554, 0, NVIDIA H200, 117515 MiB, 143771 MiB, 100 %, 457.93 W
2026/08/14 06:01:59.563, 0, NVIDIA H200, 117515 MiB, 143771 MiB, 0 %, 168.39 W
2026/08/14 06:02:00.567, 0, NVIDIA H200, 117515 MiB, 143771 MiB, 12 %, 224.41 W
2026/08/14 06:02:01.570, 0, NVIDIA H200, 117515 MiB, 143771 MiB, 20 %, 168.75 W
2026/08/14 06:02:02.573, 0, NVIDIA H200, 117515 MiB, 143771 MiB, 100 %, 442.20 W
2026/08/14 06:02:03.576, 0, NVIDIA H200, 117515 MiB, 143771 MiB, 100 %, 440.71 W
2026/08/14 06:02:04.580, 0, NVIDIA H200, 117515 MiB, 143771 MiB, 10 %, 167.65 W
2026/08/14 06:02:05.583, 0, NVIDIA H200, 117515 MiB, 143771 MiB, 0 %, 188.32 W
2026/08/14 06:02:06.587, 0, NVIDIA H200, 117515 MiB, 143771 MiB, 100 %, 230.21 W
2026/08/14 06:02:07.591, 0, NVIDIA H200, 117515 MiB, 143771 MiB, 100 %, 447.82 W
2026/08/14 06:02:08.594, 0, NVIDIA H200, 117515 MiB, 143771 MiB, 100 %, 447.44 W
2026/08/14 06:02:09.597, 0, NVIDIA H200, 117515 MiB, 143771 MiB, 17 %, 406.67 W
2026/08/14 06:02:10.601, 0, NVIDIA H200, 117515 MiB, 143771 MiB, 100 %, 343.38 W
2026/08/14 06:02:11.603, 0, NVIDIA H200, 117515 MiB, 143771 MiB, 100 %, 455.01 W
2026/08/14 06:02:12.606, 0, NVIDIA H200, 117515 MiB, 143771 MiB, 100 %, 454.16 W
2026/08/14 06:02:13.610, 0, NVIDIA H200, 117515 MiB, 143771 MiB, 100 %, 450.70 W
2026/08/14 06:02:14.612, 0, NVIDIA H200, 117515 MiB, 143771 MiB, 42 %, 233.10 W
2026/08/14 06:02:15.616, 0, NVIDIA H200, 117515 MiB, 143771 MiB, 73 %, 187.89 W
2026/08/14 06:02:16.619, 0, NVIDIA H200, 117515 MiB, 143771 MiB, 0 %, 150.40 W
2026/08/14 06:02:17.622, 0, NVIDIA H200, 117515 MiB, 143771 MiB, 100 %, 438.91 W
2026/08/14 06:02:18.625, 0, NVIDIA H200, 117515 MiB, 143771 MiB, 100 %, 446.55 W
2026/08/14 06:02:19.634, 0, NVIDIA H200, 117515 MiB, 143771 MiB, 0 %, 333.46 W
2026/08/14 06:02:20.637, 0, NVIDIA H200, 117515 MiB, 143771 MiB, 59 %, 243.97 W
2026/08/14 06:02:21.641, 0, NVIDIA H200, 117515 MiB, 143771 MiB, 24 %, 193.69 W
2026/08/14 06:02:22.644, 0, NVIDIA H200, 117515 MiB, 143771 MiB, 0 %, 173.69 W
2026/08/14 06:02:23.647, 0, NVIDIA H200, 117515 MiB, 143771 MiB, 100 %, 432.58 W
2026/08/14 06:02:24.650, 0, NVIDIA H200, 117515 MiB, 143771 MiB, 0 %, 176.44 W
2026/08/14 06:02:25.653, 0, NVIDIA H200, 117515 MiB, 143771 MiB, 0 %, 173.19 W
2026/08/14 06:02:26.656, 0, NVIDIA H200, 117515 MiB, 143771 MiB, 100 %, 303.20 W
2026/08/14 06:02:27.659, 0, NVIDIA H200, 117515 MiB, 143771 MiB, 100 %, 451.62 W
2026/08/14 06:02:28.662, 0, NVIDIA H200, 117515 MiB, 143771 MiB, 100 %, 449.59 W
2026/08/14 06:02:29.665, 0, NVIDIA H200, 117515 MiB, 143771 MiB, 100 %, 453.78 W
2026/08/14 06:02:30.668, 0, NVIDIA H200, 117515 MiB, 143771 MiB, 0 %, 294.64 W
2026/08/14 06:02:31.670, 0, NVIDIA H200, 117515 MiB, 143771 MiB, 0 %, 176.65 W
2026/08/14 06:02:32.673, 0, NVIDIA H200, 117515 MiB, 143771 MiB, 0 %, 183.52 W
2026/08/14 06:02:33.676, 0, NVIDIA H200, 117515 MiB, 143771 MiB, 100 %, 418.94 W
2026/08/14 06:02:34.680, 0, NVIDIA H200, 117515 MiB, 143771 MiB, 100 %, 411.53 W
2026/08/14 06:02:35.682, 0, NVIDIA H200, 117515 MiB, 143771 MiB, 0 %, 175.95 W
2026/08/14 06:02:36.686, 0, NVIDIA H200, 117515 MiB, 143771 MiB, 0 %, 190.21 W
2026/08/14 06:02:37.688, 0, NVIDIA H200, 117515 MiB, 143771 MiB, 36 %, 191.55 W
2026/08/14 06:02:38.691, 0, NVIDIA H200, 117515 MiB, 143771 MiB, 100 %, 360.99 W
2026/08/14 06:02:39.694, 0, NVIDIA H200, 117515 MiB, 143771 MiB, 100 %, 448.83 W
2026/08/14 06:02:40.697, 0, NVIDIA H200, 117515 MiB, 143771 MiB, 0 %, 360.14 W
2026/08/14 06:02:41.701, 0, NVIDIA H200, 117515 MiB, 143771 MiB, 0 %, 198.13 W
2026/08/14 06:02:42.704, 0, NVIDIA H200, 117515 MiB, 143771 MiB, 0 %, 178.96 W
2026/08/14 06:02:43.707, 0, NVIDIA H200, 117515 MiB, 143771 MiB, 0 %, 167.42 W
2026/08/14 06:02:44.710, 0, NVIDIA H200, 117515 MiB, 143771 MiB, 100 %, 412.31 W
2026/08/14 06:02:45.712, 0, NVIDIA H200, 117515 MiB, 143771 MiB, 100 %, 442.74 W
2026/08/14 06:02:46.715, 0, NVIDIA H200, 117515 MiB, 143771 MiB, 83 %, 388.39 W
2026/08/14 06:02:47.717, 0, NVIDIA H200, 117515 MiB, 143771 MiB, 100 %, 337.12 W
2026/08/14 06:02:48.721, 0, NVIDIA H200, 117515 MiB, 143771 MiB, 100 %, 444.45 W
2026/08/14 06:02:49.724, 0, NVIDIA H200, 117515 MiB, 143771 MiB, 100 %, 451.46 W
2026/08/14 06:02:50.727, 0, NVIDIA H200, 117515 MiB, 143771 MiB, 100 %, 460.69 W
2026/08/14 06:02:51.730, 0, NVIDIA H200, 117515 MiB, 143771 MiB, 42 %, 380.12 W
2026/08/14 06:02:52.733, 0, NVIDIA H200, 117515 MiB, 143771 MiB, 82 %, 173.54 W
2026/08/14 06:02:53.736, 0, NVIDIA H200, 117515 MiB, 143771 MiB, 0 %, 178.25 W
2026/08/14 06:02:54.740, 0, NVIDIA H200, 117515 MiB, 143771 MiB, 100 %, 304.94 W
2026/08/14 06:02:55.743, 0, NVIDIA H200, 117515 MiB, 143771 MiB, 100 %, 441.75 W
2026/08/14 06:02:56.746, 0, NVIDIA H200, 117515 MiB, 143771 MiB, 100 %, 440.67 W
2026/08/14 06:02:57.749, 0, NVIDIA H200, 117839 MiB, 143771 MiB, 100 %, 294.01 W
2026/08/14 06:02:58.751, 0, NVIDIA H200, 117839 MiB, 143771 MiB, 100 %, 442.34 W
2026/08/14 06:02:59.754, 0, NVIDIA H200, 117839 MiB, 143771 MiB, 100 %, 441.78 W
2026/08/14 06:03:00.757, 0, NVIDIA H200, 117839 MiB, 143771 MiB, 100 %, 433.82 W
2026/08/14 06:03:01.760, 0, NVIDIA H200, 117839 MiB, 143771 MiB, 0 %, 161.06 W
2026/08/14 06:03:02.763, 0, NVIDIA H200, 117839 MiB, 143771 MiB, 0 %, 202.37 W
2026/08/14 06:03:03.767, 0, NVIDIA H200, 117839 MiB, 143771 MiB, 100 %, 254.35 W
2026/08/14 06:03:04.770, 0, NVIDIA H200, 117839 MiB, 143771 MiB, 0 %, 383.65 W
2026/08/14 06:03:05.774, 0, NVIDIA H200, 117839 MiB, 143771 MiB, 6 %, 188.34 W
2026/08/14 06:03:06.777, 0, NVIDIA H200, 117839 MiB, 143771 MiB, 49 %, 171.66 W
2026/08/14 06:03:07.780, 0, NVIDIA H200, 117839 MiB, 143771 MiB, 0 %, 146.85 W
2026/08/14 06:03:08.783, 0, NVIDIA H200, 117839 MiB, 143771 MiB, 0 %, 369.20 W
2026/08/14 06:03:09.786, 0, NVIDIA H200, 117839 MiB, 143771 MiB, 100 %, 364.94 W
2026/08/14 06:03:10.789, 0, NVIDIA H200, 117839 MiB, 143771 MiB, 100 %, 440.50 W
2026/08/14 06:03:11.792, 0, NVIDIA H200, 117839 MiB, 143771 MiB, 16 %, 399.16 W
2026/08/14 06:03:12.796, 0, NVIDIA H200, 117839 MiB, 143771 MiB, 53 %, 171.84 W
2026/08/14 06:03:13.798, 0, NVIDIA H200, 117839 MiB, 143771 MiB, 73 %, 167.54 W
2026/08/14 06:03:14.802, 0, NVIDIA H200, 117839 MiB, 143771 MiB, 100 %, 323.54 W
2026/08/14 06:03:15.805, 0, NVIDIA H200, 117839 MiB, 143771 MiB, 100 %, 442.08 W
2026/08/14 06:03:16.807, 0, NVIDIA H200, 117839 MiB, 143771 MiB, 100 %, 442.14 W
2026/08/14 06:03:17.811, 0, NVIDIA H200, 117839 MiB, 143771 MiB, 63 %, 271.27 W
2026/08/14 06:03:18.814, 0, NVIDIA H200, 117839 MiB, 143771 MiB, 0 %, 192.54 W
2026/08/14 06:03:19.817, 0, NVIDIA H200, 117839 MiB, 143771 MiB, 0 %, 181.45 W
2026/08/14 06:03:20.821, 0, NVIDIA H200, 117839 MiB, 143771 MiB, 100 %, 375.80 W
2026/08/14 06:03:21.824, 0, NVIDIA H200, 117839 MiB, 143771 MiB, 100 %, 454.41 W
2026/08/14 06:03:22.827, 0, NVIDIA H200, 117839 MiB, 143771 MiB, 100 %, 450.09 W
2026/08/14 06:03:23.830, 0, NVIDIA H200, 117839 MiB, 143771 MiB, 100 %, 452.96 W
2026/08/14 06:03:24.834, 0, NVIDIA H200, 117839 MiB, 143771 MiB, 100 %, 457.43 W
2026/08/14 06:03:25.837, 0, NVIDIA H200, 117839 MiB, 143771 MiB, 100 %, 453.86 W
2026/08/14 06:03:26.841, 0, NVIDIA H200, 117839 MiB, 143771 MiB, 100 %, 456.60 W
2026/08/14 06:03:27.844, 0, NVIDIA H200, 117839 MiB, 143771 MiB, 100 %, 461.32 W
2026/08/14 06:03:28.846, 0, NVIDIA H200, 117839 MiB, 143771 MiB, 100 %, 456.24 W
2026/08/14 06:03:29.849, 0, NVIDIA H200, 117839 MiB, 143771 MiB, 100 %, 463.51 W
2026/08/14 06:03:30.852, 0, NVIDIA H200, 117839 MiB, 143771 MiB, 100 %, 461.07 W
2026/08/14 06:03:31.854, 0, NVIDIA H200, 117839 MiB, 143771 MiB, 100 %, 458.02 W
2026/08/14 06:03:32.857, 0, NVIDIA H200, 117839 MiB, 143771 MiB, 100 %, 454.70 W
2026/08/14 06:03:33.861, 0, NVIDIA H200, 117839 MiB, 143771 MiB, 0 %, 313.67 W
2026/08/14 06:03:34.865, 0, NVIDIA H200, 117839 MiB, 143771 MiB, 0 %, 179.61 W
2026/08/14 06:03:35.869, 0, NVIDIA H200, 117839 MiB, 143771 MiB, 25 %, 183.81 W
2026/08/14 06:03:36.873, 0, NVIDIA H200, 117839 MiB, 143771 MiB, 100 %, 371.64 W
2026/08/14 06:03:37.879, 0, NVIDIA H200, 117839 MiB, 143771 MiB, 100 %, 448.78 W
2026/08/14 06:03:38.882, 0, NVIDIA H200, 117839 MiB, 143771 MiB, 100 %, 453.30 W
2026/08/14 06:03:39.886, 0, NVIDIA H200, 117839 MiB, 143771 MiB, 100 %, 455.49 W
2026/08/14 06:03:40.890, 0, NVIDIA H200, 117839 MiB, 143771 MiB, 94 %, 299.12 W
2026/08/14 06:03:41.895, 0, NVIDIA H200, 117839 MiB, 143771 MiB, 100 %, 452.97 W
2026/08/14 06:03:42.898, 0, NVIDIA H200, 117839 MiB, 143771 MiB, 100 %, 452.94 W
2026/08/14 06:03:43.901, 0, NVIDIA H200, 117839 MiB, 143771 MiB, 100 %, 449.25 W
2026/08/14 06:03:44.904, 0, NVIDIA H200, 117839 MiB, 143771 MiB, 100 %, 449.63 W
2026/08/14 06:03:45.912, 0, NVIDIA H200, 117839 MiB, 143771 MiB, 73 %, 243.69 W
2026/08/14 06:03:46.915, 0, NVIDIA H200, 117839 MiB, 143771 MiB, 14 %, 190.71 W
2026/08/14 06:03:47.934, 0, NVIDIA H200, 117839 MiB, 143771 MiB, 0 %, 160.13 W
2026/08/14 06:03:48.936, 0, NVIDIA H200, 117839 MiB, 143771 MiB, 100 %, 420.17 W
2026/08/14 06:03:49.944, 0, NVIDIA H200, 117839 MiB, 143771 MiB, 100 %, 452.49 W
2026/08/14 06:03:50.948, 0, NVIDIA H200, 117839 MiB, 143771 MiB, 100 %, 457.40 W
2026/08/14 06:03:51.950, 0, NVIDIA H200, 117839 MiB, 143771 MiB, 100 %, 457.19 W
2026/08/14 06:03:52.954, 0, NVIDIA H200, 117839 MiB, 143771 MiB, 0 %, 373.65 W
2026/08/14 06:03:53.957, 0, NVIDIA H200, 117839 MiB, 143771 MiB, 100 %, 365.95 W
2026/08/14 06:03:54.959, 0, NVIDIA H200, 117839 MiB, 143771 MiB, 100 %, 449.53 W
2026/08/14 06:03:55.962, 0, NVIDIA H200, 117839 MiB, 143771 MiB, 100 %, 455.05 W
2026/08/14 06:03:56.964, 0, NVIDIA H200, 117839 MiB, 143771 MiB, 100 %, 450.22 W
2026/08/14 06:03:57.967, 0, NVIDIA H200, 117839 MiB, 143771 MiB, 0 %, 203.92 W
2026/08/14 06:03:58.970, 0, NVIDIA H200, 117839 MiB, 143771 MiB, 27 %, 229.86 W
2026/08/14 06:03:59.976, 0, NVIDIA H200, 117839 MiB, 143771 MiB, 0 %, 149.48 W
2026/08/14 06:04:00.979, 0, NVIDIA H200, 117839 MiB, 143771 MiB, 100 %, 431.26 W
2026/08/14 06:04:01.983, 0, NVIDIA H200, 117839 MiB, 143771 MiB, 0 %, 325.39 W
2026/08/14 06:04:02.985, 0, NVIDIA H200, 117839 MiB, 143771 MiB, 100 %, 431.71 W
2026/08/14 06:04:03.989, 0, NVIDIA H200, 117839 MiB, 143771 MiB, 100 %, 458.54 W
2026/08/14 06:04:04.991, 0, NVIDIA H200, 117839 MiB, 143771 MiB, 0 %, 372.51 W
2026/08/14 06:04:05.995, 0, NVIDIA H200, 117839 MiB, 143771 MiB, 16 %, 204.61 W
2026/08/14 06:04:07.018, 0, NVIDIA H200, 117839 MiB, 143771 MiB, 0 %, 158.12 W
2026/08/14 06:04:08.023, 0, NVIDIA H200, 117839 MiB, 143771 MiB, 100 %, 277.35 W
2026/08/14 06:04:09.026, 0, NVIDIA H200, 117839 MiB, 143771 MiB, 100 %, 449.41 W
2026/08/14 06:04:10.036, 0, NVIDIA H200, 117839 MiB, 143771 MiB, 100 %, 454.60 W
2026/08/14 06:04:11.039, 0, NVIDIA H200, 117839 MiB, 143771 MiB, 100 %, 450.25 W
2026/08/14 06:04:12.052, 0, NVIDIA H200, 117839 MiB, 143771 MiB, 100 %, 453.88 W
2026/08/14 06:04:13.056, 0, NVIDIA H200, 117839 MiB, 143771 MiB, 0 %, 351.05 W
2026/08/14 06:04:14.059, 0, NVIDIA H200, 117839 MiB, 143771 MiB, 100 %, 366.63 W
2026/08/14 06:04:15.062, 0, NVIDIA H200, 117839 MiB, 143771 MiB, 100 %, 453.91 W
2026/08/14 06:04:16.066, 0, NVIDIA H200, 117839 MiB, 143771 MiB, 100 %, 452.16 W
2026/08/14 06:04:17.069, 0, NVIDIA H200, 117839 MiB, 143771 MiB, 100 %, 447.93 W
2026/08/14 06:04:18.076, 0, NVIDIA H200, 117839 MiB, 143771 MiB, 100 %, 454.72 W
2026/08/14 06:04:19.078, 0, NVIDIA H200, 117839 MiB, 143771 MiB, 0 %, 323.30 W
2026/08/14 06:04:20.082, 0, NVIDIA H200, 117839 MiB, 143771 MiB, 0 %, 177.48 W
2026/08/14 06:04:21.085, 0, NVIDIA H200, 117839 MiB, 143771 MiB, 61 %, 182.17 W
2026/08/14 06:04:22.088, 0, NVIDIA H200, 117839 MiB, 143771 MiB, 100 %, 306.83 W
2026/08/14 06:04:23.091, 0, NVIDIA H200, 117839 MiB, 143771 MiB, 100 %, 452.72 W
2026/08/14 06:04:24.094, 0, NVIDIA H200, 117839 MiB, 143771 MiB, 100 %, 310.93 W
2026/08/14 06:04:25.096, 0, NVIDIA H200, 117839 MiB, 143771 MiB, 100 %, 453.36 W
2026/08/14 06:04:26.099, 0, NVIDIA H200, 117839 MiB, 143771 MiB, 100 %, 454.18 W
2026/08/14 06:04:27.102, 0, NVIDIA H200, 117839 MiB, 143771 MiB, 100 %, 457.77 W
2026/08/14 06:04:28.105, 0, NVIDIA H200, 117839 MiB, 143771 MiB, 100 %, 464.25 W
2026/08/14 06:04:29.108, 0, NVIDIA H200, 117839 MiB, 143771 MiB, 100 %, 462.11 W
2026/08/14 06:04:30.111, 0, NVIDIA H200, 117839 MiB, 143771 MiB, 100 %, 466.10 W
2026/08/14 06:04:31.114, 0, NVIDIA H200, 117839 MiB, 143771 MiB, 0 %, 205.34 W
2026/08/14 06:04:32.117, 0, NVIDIA H200, 117839 MiB, 143771 MiB, 72 %, 217.94 W
2026/08/14 06:04:33.121, 0, NVIDIA H200, 117839 MiB, 143771 MiB, 0 %, 149.73 W
2026/08/14 06:04:34.124, 0, NVIDIA H200, 117839 MiB, 143771 MiB, 100 %, 430.03 W
2026/08/14 06:04:35.127, 0, NVIDIA H200, 117839 MiB, 143771 MiB, 100 %, 442.64 W
2026/08/14 06:04:36.129, 0, NVIDIA H200, 117839 MiB, 143771 MiB, 0 %, 182.09 W
2026/08/14 06:04:37.133, 0, NVIDIA H200, 117839 MiB, 143771 MiB, 0 %, 179.60 W
2026/08/14 06:04:38.136, 0, NVIDIA H200, 117839 MiB, 143771 MiB, 40 %, 183.77 W
2026/08/14 06:04:39.139, 0, NVIDIA H200, 117839 MiB, 143771 MiB, 100 %, 316.51 W
2026/08/14 06:04:40.143, 0, NVIDIA H200, 117839 MiB, 143771 MiB, 0 %, 198.62 W
2026/08/14 06:04:41.146, 0, NVIDIA H200, 117839 MiB, 143771 MiB, 0 %, 176.05 W
2026/08/14 06:04:42.151, 0, NVIDIA H200, 117839 MiB, 143771 MiB, 46 %, 180.59 W
2026/08/14 06:04:43.154, 0, NVIDIA H200, 117839 MiB, 143771 MiB, 100 %, 316.41 W
2026/08/14 06:04:44.160, 0, NVIDIA H200, 117839 MiB, 143771 MiB, 100 %, 443.17 W
2026/08/14 06:04:45.163, 0, NVIDIA H200, 117839 MiB, 143771 MiB, 0 %, 322.53 W
2026/08/14 06:04:46.168, 0, NVIDIA H200, 117839 MiB, 143771 MiB, 0 %, 192.61 W
2026/08/14 06:04:47.172, 0, NVIDIA H200, 117839 MiB, 143771 MiB, 4 %, 183.30 W
2026/08/14 06:04:48.176, 0, NVIDIA H200, 117839 MiB, 143771 MiB, 100 %, 366.07 W
2026/08/14 06:04:49.179, 0, NVIDIA H200, 117839 MiB, 143771 MiB, 0 %, 357.26 W
2026/08/14 06:04:50.185, 0, NVIDIA H200, 117839 MiB, 143771 MiB, 100 %, 375.11 W
2026/08/14 06:04:51.188, 0, NVIDIA H200, 117839 MiB, 143771 MiB, 100 %, 443.01 W
2026/08/14 06:04:52.194, 0, NVIDIA H200, 117839 MiB, 143771 MiB, 22 %, 267.08 W
2026/08/14 06:04:53.198, 0, NVIDIA H200, 117839 MiB, 143771 MiB, 30 %, 183.46 W
2026/08/14 06:04:54.200, 0, NVIDIA H200, 117839 MiB, 143771 MiB, 0 %, 156.81 W
2026/08/14 06:04:55.204, 0, NVIDIA H200, 117839 MiB, 143771 MiB, 100 %, 452.01 W
2026/08/14 06:04:56.207, 0, NVIDIA H200, 117839 MiB, 143771 MiB, 27 %, 226.79 W
2026/08/14 06:04:57.210, 0, NVIDIA H200, 117839 MiB, 143771 MiB, 63 %, 175.80 W
2026/08/14 06:04:58.214, 0, NVIDIA H200, 117839 MiB, 143771 MiB, 85 %, 175.17 W
2026/08/14 06:04:59.216, 0, NVIDIA H200, 117839 MiB, 143771 MiB, 100 %, 332.08 W
2026/08/14 06:05:00.219, 0, NVIDIA H200, 117839 MiB, 143771 MiB, 100 %, 441.45 W
2026/08/14 06:05:01.223, 0, NVIDIA H200, 117839 MiB, 143771 MiB, 0 %, 300.17 W
2026/08/14 06:05:02.226, 0, NVIDIA H200, 117839 MiB, 143771 MiB, 100 %, 428.12 W
2026/08/14 06:05:03.229, 0, NVIDIA H200, 117839 MiB, 143771 MiB, 100 %, 442.90 W
2026/08/14 06:05:04.231, 0, NVIDIA H200, 117839 MiB, 143771 MiB, 72 %, 241.58 W
2026/08/14 06:05:05.234, 0, NVIDIA H200, 117839 MiB, 143771 MiB, 42 %, 201.12 W
2026/08/14 06:05:06.237, 0, NVIDIA H200, 117839 MiB, 143771 MiB, 0 %, 192.74 W
2026/08/14 06:05:07.240, 0, NVIDIA H200, 117839 MiB, 143771 MiB, 100 %, 442.92 W
2026/08/14 06:05:08.244, 0, NVIDIA H200, 117839 MiB, 143771 MiB, 100 %, 435.21 W
2026/08/14 06:05:09.247, 0, NVIDIA H200, 117839 MiB, 143771 MiB, 100 %, 301.31 W
2026/08/14 06:05:10.249, 0, NVIDIA H200, 117839 MiB, 143771 MiB, 100 %, 438.19 W
2026/08/14 06:05:11.252, 0, NVIDIA H200, 117839 MiB, 143771 MiB, 21 %, 250.68 W
2026/08/14 06:05:12.256, 0, NVIDIA H200, 117839 MiB, 143771 MiB, 78 %, 180.03 W
2026/08/14 06:05:13.260, 0, NVIDIA H200, 117839 MiB, 143771 MiB, 0 %, 155.32 W
2026/08/14 06:05:14.264, 0, NVIDIA H200, 117839 MiB, 143771 MiB, 100 %, 445.98 W
2026/08/14 06:05:15.267, 0, NVIDIA H200, 117839 MiB, 143771 MiB, 100 %, 440.77 W
2026/08/14 06:05:16.270, 0, NVIDIA H200, 117839 MiB, 143771 MiB, 100 %, 450.02 W
2026/08/14 06:05:17.272, 0, NVIDIA H200, 117839 MiB, 143771 MiB, 100 %, 453.09 W
2026/08/14 06:05:18.275, 0, NVIDIA H200, 117839 MiB, 143771 MiB, 0 %, 337.49 W
2026/08/14 06:05:19.278, 0, NVIDIA H200, 117839 MiB, 143771 MiB, 0 %, 173.44 W
2026/08/14 06:05:20.281, 0, NVIDIA H200, 117839 MiB, 143771 MiB, 0 %, 170.24 W
2026/08/14 06:05:21.285, 0, NVIDIA H200, 117839 MiB, 143771 MiB, 100 %, 403.24 W
2026/08/14 06:05:22.287, 0, NVIDIA H200, 117839 MiB, 143771 MiB, 100 %, 441.11 W
2026/08/14 06:05:23.289, 0, NVIDIA H200, 117839 MiB, 143771 MiB, 0 %, 208.46 W
2026/08/14 06:05:24.293, 0, NVIDIA H200, 117839 MiB, 143771 MiB, 0 %, 189.74 W
2026/08/14 06:05:25.296, 0, NVIDIA H200, 117839 MiB, 143771 MiB, 0 %, 183.66 W
2026/08/14 06:05:26.299, 0, NVIDIA H200, 117839 MiB, 143771 MiB, 100 %, 392.04 W
2026/08/14 06:05:27.310, 0, NVIDIA H200, 117839 MiB, 143771 MiB, 73 %, 271.52 W
2026/08/14 06:05:28.314, 0, NVIDIA H200, 117839 MiB, 143771 MiB, 70 %, 187.90 W
2026/08/14 06:05:29.319, 0, NVIDIA H200, 117839 MiB, 143771 MiB, 90 %, 210.13 W
2026/08/14 06:05:30.322, 0, NVIDIA H200, 117839 MiB, 143771 MiB, 100 %, 448.12 W
2026/08/14 06:05:31.326, 0, NVIDIA H200, 117839 MiB, 143771 MiB, 100 %, 443.57 W
2026/08/14 06:05:32.329, 0, NVIDIA H200, 117839 MiB, 143771 MiB, 100 %, 444.47 W
2026/08/14 06:05:33.334, 0, NVIDIA H200, 117839 MiB, 143771 MiB, 0 %, 299.26 W
2026/08/14 06:05:34.339, 0, NVIDIA H200, 117839 MiB, 143771 MiB, 14 %, 186.26 W
2026/08/14 06:05:35.347, 0, NVIDIA H200, 117839 MiB, 143771 MiB, 18 %, 192.47 W
2026/08/14 06:05:36.349, 0, NVIDIA H200, 117839 MiB, 143771 MiB, 100 %, 443.23 W
2026/08/14 06:05:37.353, 0, NVIDIA H200, 117839 MiB, 143771 MiB, 100 %, 401.30 W
2026/08/14 06:05:38.356, 0, NVIDIA H200, 117839 MiB, 143771 MiB, 100 %, 340.06 W
2026/08/14 06:05:39.372, 0, NVIDIA H200, 117839 MiB, 143771 MiB, 100 %, 437.81 W
2026/08/14 06:05:40.375, 0, NVIDIA H200, 117839 MiB, 143771 MiB, 0 %, 339.84 W
2026/08/14 06:05:41.386, 0, NVIDIA H200, 117839 MiB, 143771 MiB, 0 %, 205.48 W
2026/08/14 06:05:42.389, 0, NVIDIA H200, 117839 MiB, 143771 MiB, 34 %, 183.00 W
2026/08/14 06:05:43.401, 0, NVIDIA H200, 117839 MiB, 143771 MiB, 100 %, 322.34 W
2026/08/14 06:05:44.404, 0, NVIDIA H200, 117839 MiB, 143771 MiB, 100 %, 448.02 W
2026/08/14 06:05:45.421, 0, NVIDIA H200, 117839 MiB, 143771 MiB, 100 %, 450.51 W
2026/08/14 06:05:46.424, 0, NVIDIA H200, 117839 MiB, 143771 MiB, 100 %, 448.32 W
2026/08/14 06:05:47.430, 0, NVIDIA H200, 117839 MiB, 143771 MiB, 100 %, 454.19 W
2026/08/14 06:05:48.433, 0, NVIDIA H200, 117839 MiB, 143771 MiB, 100 %, 453.64 W
2026/08/14 06:05:49.450, 0, NVIDIA H200, 117839 MiB, 143771 MiB, 100 %, 456.09 W
2026/08/14 06:05:50.453, 0, NVIDIA H200, 117839 MiB, 143771 MiB, 100 %, 451.13 W
2026/08/14 06:05:51.456, 0, NVIDIA H200, 117839 MiB, 143771 MiB, 100 %, 450.84 W
2026/08/14 06:05:52.459, 0, NVIDIA H200, 117839 MiB, 143771 MiB, 100 %, 453.64 W
2026/08/14 06:05:53.463, 0, NVIDIA H200, 117839 MiB, 143771 MiB, 100 %, 448.15 W
2026/08/14 06:05:54.465, 0, NVIDIA H200, 117839 MiB, 143771 MiB, 100 %, 285.28 W
2026/08/14 06:05:55.468, 0, NVIDIA H200, 117839 MiB, 143771 MiB, 100 %, 456.39 W
2026/08/14 06:05:56.471, 0, NVIDIA H200, 117839 MiB, 143771 MiB, 0 %, 300.08 W
2026/08/14 06:05:57.474, 0, NVIDIA H200, 117839 MiB, 143771 MiB, 0 %, 165.80 W
2026/08/14 06:05:58.477, 0, NVIDIA H200, 117839 MiB, 143771 MiB, 0 %, 174.31 W
2026/08/14 06:05:59.480, 0, NVIDIA H200, 117839 MiB, 143771 MiB, 100 %, 396.06 W
2026/08/14 06:06:00.483, 0, NVIDIA H200, 117839 MiB, 143771 MiB, 0 %, 361.34 W
2026/08/14 06:06:01.486, 0, NVIDIA H200, 117839 MiB, 143771 MiB, 100 %, 420.17 W
2026/08/14 06:06:02.490, 0, NVIDIA H200, 117839 MiB, 143771 MiB, 0 %, 342.38 W
2026/08/14 06:06:03.494, 0, NVIDIA H200, 117839 MiB, 143771 MiB, 0 %, 177.84 W
2026/08/14 06:06:04.498, 0, NVIDIA H200, 117839 MiB, 143771 MiB, 68 %, 171.54 W
2026/08/14 06:06:05.501, 0, NVIDIA H200, 117839 MiB, 143771 MiB, 100 %, 314.69 W
2026/08/14 06:06:06.504, 0, NVIDIA H200, 117839 MiB, 143771 MiB, 100 %, 449.67 W
2026/08/14 06:06:07.508, 0, NVIDIA H200, 117839 MiB, 143771 MiB, 100 %, 452.15 W
2026/08/14 06:06:08.511, 0, NVIDIA H200, 117839 MiB, 143771 MiB, 33 %, 295.34 W
2026/08/14 06:06:09.515, 0, NVIDIA H200, 117839 MiB, 143771 MiB, 100 %, 452.18 W
2026/08/14 06:06:10.519, 0, NVIDIA H200, 117839 MiB, 143771 MiB, 100 %, 445.61 W
2026/08/14 06:06:11.522, 0, NVIDIA H200, 117839 MiB, 143771 MiB, 0 %, 389.42 W
2026/08/14 06:06:12.525, 0, NVIDIA H200, 117839 MiB, 143771 MiB, 93 %, 249.94 W
2026/08/14 06:06:13.531, 0, NVIDIA H200, 117839 MiB, 143771 MiB, 55 %, 232.46 W
2026/08/14 06:06:14.534, 0, NVIDIA H200, 117839 MiB, 143771 MiB, 0 %, 146.20 W
2026/08/14 06:06:15.537, 0, NVIDIA H200, 117839 MiB, 143771 MiB, 100 %, 380.53 W
2026/08/14 06:06:16.540, 0, NVIDIA H200, 117839 MiB, 143771 MiB, 100 %, 458.11 W
2026/08/14 06:06:17.543, 0, NVIDIA H200, 117839 MiB, 143771 MiB, 100 %, 246.40 W
2026/08/14 06:06:18.546, 0, NVIDIA H200, 117839 MiB, 143771 MiB, 100 %, 455.89 W
2026/08/14 06:06:19.549, 0, NVIDIA H200, 117839 MiB, 143771 MiB, 100 %, 454.88 W
2026/08/14 06:06:20.553, 0, NVIDIA H200, 117839 MiB, 143771 MiB, 100 %, 455.68 W
2026/08/14 06:06:21.557, 0, NVIDIA H200, 117839 MiB, 143771 MiB, 100 %, 455.95 W
2026/08/14 06:06:22.560, 0, NVIDIA H200, 117839 MiB, 143771 MiB, 100 %, 455.87 W
2026/08/14 06:06:23.564, 0, NVIDIA H200, 117839 MiB, 143771 MiB, 100 %, 455.32 W
2026/08/14 06:06:24.568, 0, NVIDIA H200, 117839 MiB, 143771 MiB, 0 %, 145.99 W
2026/08/14 06:06:25.571, 0, NVIDIA H200, 117839 MiB, 143771 MiB, 1 %, 195.23 W
2026/08/14 06:06:26.574, 0, NVIDIA H200, 117839 MiB, 143771 MiB, 0 %, 151.03 W
2026/08/14 06:06:27.577, 0, NVIDIA H200, 117839 MiB, 143771 MiB, 100 %, 331.19 W
2026/08/14 06:06:28.581, 0, NVIDIA H200, 117839 MiB, 143771 MiB, 100 %, 452.17 W
2026/08/14 06:06:29.585, 0, NVIDIA H200, 117839 MiB, 143771 MiB, 100 %, 424.14 W
2026/08/14 06:06:30.589, 0, NVIDIA H200, 117839 MiB, 143771 MiB, 35 %, 221.64 W
2026/08/14 06:06:31.592, 0, NVIDIA H200, 117839 MiB, 143771 MiB, 0 %, 221.26 W
2026/08/14 06:06:32.595, 0, NVIDIA H200, 117839 MiB, 143771 MiB, 3 %, 243.07 W
2026/08/14 06:06:33.598, 0, NVIDIA H200, 117839 MiB, 143771 MiB, 0 %, 146.32 W
2026/08/14 06:06:34.601, 0, NVIDIA H200, 117839 MiB, 143771 MiB, 100 %, 350.09 W
2026/08/14 06:06:35.603, 0, NVIDIA H200, 117839 MiB, 143771 MiB, 100 %, 457.13 W
2026/08/14 06:06:36.606, 0, NVIDIA H200, 117839 MiB, 143771 MiB, 6 %, 395.53 W
2026/08/14 06:06:37.609, 0, NVIDIA H200, 117839 MiB, 143771 MiB, 100 %, 293.62 W
2026/08/14 06:06:38.612, 0, NVIDIA H200, 117839 MiB, 143771 MiB, 100 %, 449.78 W
2026/08/14 06:06:39.615, 0, NVIDIA H200, 117839 MiB, 143771 MiB, 86 %, 411.57 W
2026/08/14 06:06:40.619, 0, NVIDIA H200, 117839 MiB, 143771 MiB, 0 %, 190.93 W
2026/08/14 06:06:41.622, 0, NVIDIA H200, 117839 MiB, 143771 MiB, 0 %, 187.70 W
2026/08/14 06:06:42.625, 0, NVIDIA H200, 117839 MiB, 143771 MiB, 100 %, 234.27 W
2026/08/14 06:06:43.628, 0, NVIDIA H200, 117839 MiB, 143771 MiB, 100 %, 444.73 W
2026/08/14 06:06:44.631, 0, NVIDIA H200, 117839 MiB, 143771 MiB, 100 %, 448.09 W
2026/08/14 06:06:45.634, 0, NVIDIA H200, 117839 MiB, 143771 MiB, 0 %, 225.67 W
2026/08/14 06:06:46.637, 0, NVIDIA H200, 117839 MiB, 143771 MiB, 31 %, 173.58 W
2026/08/14 06:06:47.641, 0, NVIDIA H200, 117839 MiB, 143771 MiB, 0 %, 147.69 W
2026/08/14 06:06:48.645, 0, NVIDIA H200, 117839 MiB, 143771 MiB, 100 %, 391.44 W
2026/08/14 06:06:49.648, 0, NVIDIA H200, 117839 MiB, 143771 MiB, 100 %, 456.15 W
2026/08/14 06:06:50.651, 0, NVIDIA H200, 117839 MiB, 143771 MiB, 100 %, 452.76 W
2026/08/14 06:06:51.655, 0, NVIDIA H200, 117839 MiB, 143771 MiB, 100 %, 456.48 W
2026/08/14 06:06:52.657, 0, NVIDIA H200, 117839 MiB, 143771 MiB, 100 %, 456.28 W
2026/08/14 06:06:53.660, 0, NVIDIA H200, 117839 MiB, 143771 MiB, 0 %, 307.88 W
2026/08/14 06:06:54.662, 0, NVIDIA H200, 117839 MiB, 143771 MiB, 100 %, 455.17 W
2026/08/14 06:06:55.665, 0, NVIDIA H200, 117839 MiB, 143771 MiB, 100 %, 463.28 W
2026/08/14 06:06:56.668, 0, NVIDIA H200, 117839 MiB, 143771 MiB, 100 %, 441.66 W
2026/08/14 06:06:57.673, 0, NVIDIA H200, 117839 MiB, 143771 MiB, 0 %, 146.67 W
2026/08/14 06:06:58.677, 0, NVIDIA H200, 117839 MiB, 143771 MiB, 0 %, 173.62 W
2026/08/14 06:06:59.679, 0, NVIDIA H200, 117839 MiB, 143771 MiB, 0 %, 174.28 W
2026/08/14 06:07:00.681, 0, NVIDIA H200, 117839 MiB, 143771 MiB, 100 %, 446.38 W
2026/08/14 06:07:01.684, 0, NVIDIA H200, 117839 MiB, 143771 MiB, 100 %, 453.70 W
2026/08/14 06:07:02.687, 0, NVIDIA H200, 117839 MiB, 143771 MiB, 100 %, 451.89 W
2026/08/14 06:07:03.690, 0, NVIDIA H200, 117839 MiB, 143771 MiB, 100 %, 451.01 W
2026/08/14 06:07:04.694, 0, NVIDIA H200, 117839 MiB, 143771 MiB, 100 %, 452.46 W
2026/08/14 06:07:05.697, 0, NVIDIA H200, 117839 MiB, 143771 MiB, 100 %, 454.62 W
2026/08/14 06:07:06.700, 0, NVIDIA H200, 117839 MiB, 143771 MiB, 100 %, 458.43 W
2026/08/14 06:07:07.703, 0, NVIDIA H200, 117839 MiB, 143771 MiB, 100 %, 457.50 W
2026/08/14 06:07:08.706, 0, NVIDIA H200, 117839 MiB, 143771 MiB, 100 %, 455.73 W
2026/08/14 06:07:09.709, 0, NVIDIA H200, 117839 MiB, 143771 MiB, 100 %, 456.68 W
2026/08/14 06:07:10.713, 0, NVIDIA H200, 117839 MiB, 143771 MiB, 100 %, 451.71 W
2026/08/14 06:07:11.715, 0, NVIDIA H200, 117839 MiB, 143771 MiB, 100 %, 463.95 W
2026/08/14 06:07:12.718, 0, NVIDIA H200, 117839 MiB, 143771 MiB, 100 %, 461.31 W
2026/08/14 06:07:13.722, 0, NVIDIA H200, 117839 MiB, 143771 MiB, 100 %, 461.83 W
2026/08/14 06:07:14.725, 0, NVIDIA H200, 117839 MiB, 143771 MiB, 0 %, 280.05 W
2026/08/14 06:07:15.729, 0, NVIDIA H200, 117839 MiB, 143771 MiB, 0 %, 206.74 W
2026/08/14 06:07:16.733, 0, NVIDIA H200, 117839 MiB, 143771 MiB, 0 %, 192.56 W
2026/08/14 06:07:17.736, 0, NVIDIA H200, 117839 MiB, 143771 MiB, 100 %, 268.29 W
2026/08/14 06:07:18.738, 0, NVIDIA H200, 117839 MiB, 143771 MiB, 100 %, 444.29 W
2026/08/14 06:07:19.741, 0, NVIDIA H200, 117839 MiB, 143771 MiB, 100 %, 440.47 W
2026/08/14 06:07:20.745, 0, NVIDIA H200, 117839 MiB, 143771 MiB, 100 %, 298.55 W
2026/08/14 06:07:21.748, 0, NVIDIA H200, 117839 MiB, 143771 MiB, 100 %, 445.01 W
2026/08/14 06:07:22.751, 0, NVIDIA H200, 117839 MiB, 143771 MiB, 100 %, 440.84 W
2026/08/14 06:07:23.754, 0, NVIDIA H200, 117839 MiB, 143771 MiB, 0 %, 161.75 W
2026/08/14 06:07:24.756, 0, NVIDIA H200, 117839 MiB, 143771 MiB, 0 %, 190.58 W
2026/08/14 06:07:25.759, 0, NVIDIA H200, 117839 MiB, 143771 MiB, 100 %, 302.57 W
2026/08/14 06:07:26.762, 0, NVIDIA H200, 117839 MiB, 143771 MiB, 0 %, 395.17 W
2026/08/14 06:07:27.765, 0, NVIDIA H200, 117839 MiB, 143771 MiB, 100 %, 343.08 W
2026/08/14 06:07:28.768, 0, NVIDIA H200, 117839 MiB, 143771 MiB, 100 %, 440.17 W
2026/08/14 06:07:29.771, 0, NVIDIA H200, 117839 MiB, 143771 MiB, 0 %, 180.98 W
2026/08/14 06:07:30.775, 0, NVIDIA H200, 117839 MiB, 143771 MiB, 0 %, 185.99 W
2026/08/14 06:07:31.778, 0, NVIDIA H200, 117839 MiB, 143771 MiB, 100 %, 287.47 W
2026/08/14 06:07:32.780, 0, NVIDIA H200, 117839 MiB, 143771 MiB, 100 %, 444.22 W
2026/08/14 06:07:33.783, 0, NVIDIA H200, 117839 MiB, 143771 MiB, 100 %, 439.73 W
2026/08/14 06:07:34.785, 0, NVIDIA H200, 117841 MiB, 143771 MiB, 100 %, 292.14 W
2026/08/14 06:07:35.788, 0, NVIDIA H200, 117841 MiB, 143771 MiB, 100 %, 446.01 W
2026/08/14 06:07:36.790, 0, NVIDIA H200, 117841 MiB, 143771 MiB, 0 %, 308.57 W
2026/08/14 06:07:37.793, 0, NVIDIA H200, 117841 MiB, 143771 MiB, 0 %, 200.20 W
2026/08/14 06:07:38.796, 0, NVIDIA H200, 117841 MiB, 143771 MiB, 0 %, 188.41 W
2026/08/14 06:07:39.799, 0, NVIDIA H200, 117841 MiB, 143771 MiB, 100 %, 343.94 W
2026/08/14 06:07:40.802, 0, NVIDIA H200, 117841 MiB, 143771 MiB, 100 %, 440.89 W
2026/08/14 06:07:41.805, 0, NVIDIA H200, 117841 MiB, 143771 MiB, 100 %, 446.42 W
2026/08/14 06:07:42.809, 0, NVIDIA H200, 117841 MiB, 143771 MiB, 0 %, 290.62 W
2026/08/14 06:07:43.811, 0, NVIDIA H200, 117841 MiB, 143771 MiB, 100 %, 447.76 W
2026/08/14 06:07:44.814, 0, NVIDIA H200, 117841 MiB, 143771 MiB, 100 %, 443.59 W
2026/08/14 06:07:45.816, 0, NVIDIA H200, 117841 MiB, 143771 MiB, 100 %, 448.42 W
2026/08/14 06:07:46.818, 0, NVIDIA H200, 117841 MiB, 143771 MiB, 100 %, 450.48 W
2026/08/14 06:07:47.822, 0, NVIDIA H200, 117841 MiB, 143771 MiB, 0 %, 384.06 W
2026/08/14 06:07:48.826, 0, NVIDIA H200, 117841 MiB, 143771 MiB, 92 %, 199.28 W
2026/08/14 06:07:49.829, 0, NVIDIA H200, 117841 MiB, 143771 MiB, 0 %, 182.77 W
2026/08/14 06:07:50.832, 0, NVIDIA H200, 117841 MiB, 143771 MiB, 100 %, 293.30 W
2026/08/14 06:07:51.836, 0, NVIDIA H200, 117841 MiB, 143771 MiB, 100 %, 442.81 W
2026/08/14 06:07:52.838, 0, NVIDIA H200, 117841 MiB, 143771 MiB, 100 %, 439.32 W
2026/08/14 06:07:53.841, 0, NVIDIA H200, 117841 MiB, 143771 MiB, 100 %, 448.66 W
2026/08/14 06:07:54.844, 0, NVIDIA H200, 117841 MiB, 143771 MiB, 100 %, 423.07 W
2026/08/14 06:07:55.847, 0, NVIDIA H200, 117841 MiB, 143771 MiB, 0 %, 170.15 W
2026/08/14 06:07:56.850, 0, NVIDIA H200, 117841 MiB, 143771 MiB, 0 %, 168.97 W
2026/08/14 06:07:57.853, 0, NVIDIA H200, 117841 MiB, 143771 MiB, 0 %, 178.74 W
2026/08/14 06:07:58.856, 0, NVIDIA H200, 117841 MiB, 143771 MiB, 100 %, 382.34 W
2026/08/14 06:07:59.860, 0, NVIDIA H200, 117841 MiB, 143771 MiB, 100 %, 444.98 W
2026/08/14 06:08:00.863, 0, NVIDIA H200, 117841 MiB, 143771 MiB, 100 %, 442.73 W
2026/08/14 06:08:01.868, 0, NVIDIA H200, 117841 MiB, 143771 MiB, 91 %, 291.05 W
2026/08/14 06:08:02.872, 0, NVIDIA H200, 117841 MiB, 143771 MiB, 100 %, 448.49 W
2026/08/14 06:08:03.877, 0, NVIDIA H200, 117841 MiB, 143771 MiB, 100 %, 442.88 W
2026/08/14 06:08:04.879, 0, NVIDIA H200, 117841 MiB, 143771 MiB, 0 %, 165.99 W
2026/08/14 06:08:05.885, 0, NVIDIA H200, 117841 MiB, 143771 MiB, 0 %, 202.12 W
2026/08/14 06:08:06.891, 0, NVIDIA H200, 117841 MiB, 143771 MiB, 62 %, 217.54 W
2026/08/14 06:08:07.897, 0, NVIDIA H200, 117841 MiB, 143771 MiB, 100 %, 411.90 W
2026/08/14 06:08:08.900, 0, NVIDIA H200, 117841 MiB, 143771 MiB, 50 %, 378.11 W
2026/08/14 06:08:09.903, 0, NVIDIA H200, 118253 MiB, 143771 MiB, 93 %, 337.98 W
2026/08/14 06:08:10.907, 0, NVIDIA H200, 118253 MiB, 143771 MiB, 99 %, 440.52 W
2026/08/14 06:08:11.921, 0, NVIDIA H200, 118253 MiB, 143771 MiB, 71 %, 240.73 W
2026/08/14 06:08:12.924, 0, NVIDIA H200, 118253 MiB, 143771 MiB, 53 %, 184.21 W
2026/08/14 06:08:13.937, 0, NVIDIA H200, 118253 MiB, 143771 MiB, 0 %, 194.10 W
2026/08/14 06:08:14.940, 0, NVIDIA H200, 118253 MiB, 143771 MiB, 98 %, 435.88 W
2026/08/14 06:08:15.945, 0, NVIDIA H200, 118253 MiB, 143771 MiB, 84 %, 424.99 W
2026/08/14 06:08:16.949, 0, NVIDIA H200, 118253 MiB, 143771 MiB, 36 %, 173.51 W
2026/08/14 06:08:17.955, 0, NVIDIA H200, 118253 MiB, 143771 MiB, 0 %, 166.85 W
2026/08/14 06:08:18.958, 0, NVIDIA H200, 118253 MiB, 143771 MiB, 100 %, 292.83 W
2026/08/14 06:08:19.961, 0, NVIDIA H200, 118253 MiB, 143771 MiB, 100 %, 287.22 W
2026/08/14 06:08:20.964, 0, NVIDIA H200, 118253 MiB, 143771 MiB, 96 %, 438.37 W
2026/08/14 06:08:21.967, 0, NVIDIA H200, 118253 MiB, 143771 MiB, 0 %, 286.08 W
2026/08/14 06:08:22.971, 0, NVIDIA H200, 118253 MiB, 143771 MiB, 0 %, 213.69 W
2026/08/14 06:08:23.974, 0, NVIDIA H200, 118253 MiB, 143771 MiB, 65 %, 188.78 W
2026/08/14 06:08:24.977, 0, NVIDIA H200, 118253 MiB, 143771 MiB, 100 %, 299.89 W
2026/08/14 06:08:25.980, 0, NVIDIA H200, 118253 MiB, 143771 MiB, 97 %, 437.13 W
2026/08/14 06:08:26.984, 0, NVIDIA H200, 118253 MiB, 143771 MiB, 0 %, 290.59 W
2026/08/14 06:08:27.987, 0, NVIDIA H200, 118253 MiB, 143771 MiB, 0 %, 197.30 W
2026/08/14 06:08:28.990, 0, NVIDIA H200, 118253 MiB, 143771 MiB, 0 %, 173.78 W
2026/08/14 06:08:29.994, 0, NVIDIA H200, 118253 MiB, 143771 MiB, 25 %, 175.24 W
2026/08/14 06:08:30.996, 0, NVIDIA H200, 118253 MiB, 143771 MiB, 100 %, 437.08 W
2026/08/14 06:08:32.000, 0, NVIDIA H200, 118253 MiB, 143771 MiB, 0 %, 318.70 W
2026/08/14 06:08:33.003, 0, NVIDIA H200, 118253 MiB, 143771 MiB, 0 %, 172.33 W
2026/08/14 06:08:34.007, 0, NVIDIA H200, 118253 MiB, 143771 MiB, 0 %, 171.20 W
2026/08/14 06:08:35.010, 0, NVIDIA H200, 118253 MiB, 143771 MiB, 100 %, 350.17 W
2026/08/14 06:08:36.015, 0, NVIDIA H200, 118253 MiB, 143771 MiB, 100 %, 434.55 W
2026/08/14 06:08:37.018, 0, NVIDIA H200, 118253 MiB, 143771 MiB, 100 %, 448.24 W
2026/08/14 06:08:38.037, 0, NVIDIA H200, 118253 MiB, 143771 MiB, 0 %, 337.97 W
2026/08/14 06:08:39.040, 0, NVIDIA H200, 118253 MiB, 143771 MiB, 100 %, 396.43 W
2026/08/14 06:08:40.051, 0, NVIDIA H200, 118253 MiB, 143771 MiB, 100 %, 444.26 W
2026/08/14 06:08:41.055, 0, NVIDIA H200, 118253 MiB, 143771 MiB, 0 %, 185.61 W
2026/08/14 06:08:42.058, 0, NVIDIA H200, 118253 MiB, 143771 MiB, 24 %, 245.18 W
2026/08/14 06:08:43.061, 0, NVIDIA H200, 118253 MiB, 143771 MiB, 0 %, 153.01 W
2026/08/14 06:08:44.067, 0, NVIDIA H200, 118253 MiB, 143771 MiB, 100 %, 444.87 W
2026/08/14 06:08:45.069, 0, NVIDIA H200, 118253 MiB, 143771 MiB, 100 %, 448.56 W
2026/08/14 06:08:46.073, 0, NVIDIA H200, 118253 MiB, 143771 MiB, 100 %, 458.91 W
2026/08/14 06:08:47.077, 0, NVIDIA H200, 118253 MiB, 143771 MiB, 63 %, 204.91 W
2026/08/14 06:08:48.080, 0, NVIDIA H200, 118253 MiB, 143771 MiB, 76 %, 173.95 W
2026/08/14 06:08:49.083, 0, NVIDIA H200, 118253 MiB, 143771 MiB, 0 %, 175.03 W
2026/08/14 06:08:50.086, 0, NVIDIA H200, 118253 MiB, 143771 MiB, 100 %, 286.84 W
2026/08/14 06:08:51.089, 0, NVIDIA H200, 118253 MiB, 143771 MiB, 100 %, 448.34 W
2026/08/14 06:08:52.092, 0, NVIDIA H200, 118253 MiB, 143771 MiB, 100 %, 454.55 W
2026/08/14 06:08:53.094, 0, NVIDIA H200, 118253 MiB, 143771 MiB, 100 %, 455.65 W
2026/08/14 06:08:54.098, 0, NVIDIA H200, 118253 MiB, 143771 MiB, 100 %, 454.89 W
2026/08/14 06:08:55.101, 0, NVIDIA H200, 118253 MiB, 143771 MiB, 100 %, 454.32 W
2026/08/14 06:08:56.105, 0, NVIDIA H200, 118253 MiB, 143771 MiB, 100 %, 458.58 W
2026/08/14 06:08:57.108, 0, NVIDIA H200, 118253 MiB, 143771 MiB, 9 %, 257.18 W
2026/08/14 06:08:58.111, 0, NVIDIA H200, 118253 MiB, 143771 MiB, 0 %, 155.07 W
2026/08/14 06:08:59.114, 0, NVIDIA H200, 118253 MiB, 143771 MiB, 0 %, 183.72 W
2026/08/14 06:09:00.118, 0, NVIDIA H200, 118253 MiB, 143771 MiB, 59 %, 225.57 W
2026/08/14 06:09:01.124, 0, NVIDIA H200, 118253 MiB, 143771 MiB, 100 %, 450.49 W
2026/08/14 06:09:02.126, 0, NVIDIA H200, 118253 MiB, 143771 MiB, 100 %, 447.26 W
2026/08/14 06:09:03.130, 0, NVIDIA H200, 118253 MiB, 143771 MiB, 100 %, 270.52 W
2026/08/14 06:09:04.135, 0, NVIDIA H200, 118253 MiB, 143771 MiB, 100 %, 447.99 W
2026/08/14 06:09:05.137, 0, NVIDIA H200, 118253 MiB, 143771 MiB, 0 %, 298.33 W
2026/08/14 06:09:06.140, 0, NVIDIA H200, 118253 MiB, 143771 MiB, 0 %, 201.67 W
2026/08/14 06:09:07.144, 0, NVIDIA H200, 118253 MiB, 143771 MiB, 72 %, 184.62 W
2026/08/14 06:09:08.147, 0, NVIDIA H200, 118253 MiB, 143771 MiB, 100 %, 342.30 W
2026/08/14 06:09:09.150, 0, NVIDIA H200, 118253 MiB, 143771 MiB, 100 %, 435.57 W
2026/08/14 06:09:10.155, 0, NVIDIA H200, 118253 MiB, 143771 MiB, 100 %, 448.04 W
2026/08/14 06:09:11.157, 0, NVIDIA H200, 118253 MiB, 143771 MiB, 0 %, 293.83 W
2026/08/14 06:09:12.163, 0, NVIDIA H200, 118253 MiB, 143771 MiB, 100 %, 439.71 W
2026/08/14 06:09:13.167, 0, NVIDIA H200, 118253 MiB, 143771 MiB, 100 %, 444.11 W
2026/08/14 06:09:14.171, 0, NVIDIA H200, 118253 MiB, 143771 MiB, 0 %, 161.73 W
2026/08/14 06:09:15.174, 0, NVIDIA H200, 118253 MiB, 143771 MiB, 0 %, 186.55 W
2026/08/14 06:09:16.180, 0, NVIDIA H200, 118253 MiB, 143771 MiB, 100 %, 216.97 W
2026/08/14 06:09:17.183, 0, NVIDIA H200, 118253 MiB, 143771 MiB, 100 %, 445.42 W
2026/08/14 06:09:18.188, 0, NVIDIA H200, 118253 MiB, 143771 MiB, 100 %, 443.69 W
2026/08/14 06:09:19.191, 0, NVIDIA H200, 118253 MiB, 143771 MiB, 39 %, 294.27 W
2026/08/14 06:09:20.194, 0, NVIDIA H200, 118253 MiB, 143771 MiB, 100 %, 448.08 W
2026/08/14 06:09:21.198, 0, NVIDIA H200, 118253 MiB, 143771 MiB, 100 %, 428.78 W
2026/08/14 06:09:22.201, 0, NVIDIA H200, 118253 MiB, 143771 MiB, 35 %, 171.81 W
2026/08/14 06:09:23.205, 0, NVIDIA H200, 118253 MiB, 143771 MiB, 0 %, 154.50 W
2026/08/14 06:09:24.208, 0, NVIDIA H200, 118253 MiB, 143771 MiB, 100 %, 292.32 W
2026/08/14 06:09:25.211, 0, NVIDIA H200, 118253 MiB, 143771 MiB, 100 %, 445.23 W
2026/08/14 06:09:26.213, 0, NVIDIA H200, 118253 MiB, 143771 MiB, 100 %, 442.13 W
2026/08/14 06:09:27.216, 0, NVIDIA H200, 118253 MiB, 143771 MiB, 100 %, 293.17 W
2026/08/14 06:09:28.222, 0, NVIDIA H200, 118253 MiB, 143771 MiB, 100 %, 442.24 W
2026/08/14 06:09:29.225, 0, NVIDIA H200, 118253 MiB, 143771 MiB, 0 %, 289.86 W
2026/08/14 06:09:30.229, 0, NVIDIA H200, 118253 MiB, 143771 MiB, 0 %, 190.22 W
2026/08/14 06:09:31.232, 0, NVIDIA H200, 118253 MiB, 143771 MiB, 0 %, 186.73 W
2026/08/14 06:09:32.235, 0, NVIDIA H200, 118253 MiB, 143771 MiB, 100 %, 371.10 W
2026/08/14 06:09:33.238, 0, NVIDIA H200, 118253 MiB, 143771 MiB, 28 %, 245.05 W
2026/08/14 06:09:34.243, 0, NVIDIA H200, 118253 MiB, 143771 MiB, 80 %, 185.05 W
2026/08/14 06:09:35.247, 0, NVIDIA H200, 118253 MiB, 143771 MiB, 0 %, 154.96 W
2026/08/14 06:09:36.250, 0, NVIDIA H200, 118253 MiB, 143771 MiB, 100 %, 442.57 W
2026/08/14 06:09:37.253, 0, NVIDIA H200, 118253 MiB, 143771 MiB, 100 %, 427.15 W
2026/08/14 06:09:38.256, 0, NVIDIA H200, 118253 MiB, 143771 MiB, 0 %, 167.57 W
2026/08/14 06:09:39.259, 0, NVIDIA H200, 118253 MiB, 143771 MiB, 0 %, 172.21 W
2026/08/14 06:09:40.262, 0, NVIDIA H200, 118253 MiB, 143771 MiB, 0 %, 170.97 W
2026/08/14 06:09:41.265, 0, NVIDIA H200, 118253 MiB, 143771 MiB, 100 %, 373.58 W
2026/08/14 06:09:42.268, 0, NVIDIA H200, 118253 MiB, 143771 MiB, 100 %, 440.46 W
2026/08/14 06:09:43.271, 0, NVIDIA H200, 118253 MiB, 143771 MiB, 100 %, 436.40 W
2026/08/14 06:09:44.274, 0, NVIDIA H200, 118253 MiB, 143771 MiB, 0 %, 199.60 W
2026/08/14 06:09:45.277, 0, NVIDIA H200, 118253 MiB, 143771 MiB, 0 %, 158.89 W
2026/08/14 06:09:46.280, 0, NVIDIA H200, 118253 MiB, 143771 MiB, 100 %, 267.29 W
2026/08/14 06:09:47.282, 0, NVIDIA H200, 118253 MiB, 143771 MiB, 100 %, 447.56 W
2026/08/14 06:09:48.285, 0, NVIDIA H200, 118253 MiB, 143771 MiB, 100 %, 448.44 W
2026/08/14 06:09:49.288, 0, NVIDIA H200, 118253 MiB, 143771 MiB, 100 %, 289.65 W
2026/08/14 06:09:50.291, 0, NVIDIA H200, 118253 MiB, 143771 MiB, 100 %, 445.02 W
2026/08/14 06:09:51.294, 0, NVIDIA H200, 118253 MiB, 143771 MiB, 5 %, 358.81 W
2026/08/14 06:09:52.298, 0, NVIDIA H200, 118253 MiB, 143771 MiB, 53 %, 169.97 W
2026/08/14 06:09:53.303, 0, NVIDIA H200, 118253 MiB, 143771 MiB, 26 %, 171.86 W
2026/08/14 06:09:54.306, 0, NVIDIA H200, 118253 MiB, 143771 MiB, 100 %, 322.94 W
2026/08/14 06:09:55.311, 0, NVIDIA H200, 118253 MiB, 143771 MiB, 100 %, 444.31 W
2026/08/14 06:09:56.315, 0, NVIDIA H200, 118253 MiB, 143771 MiB, 100 %, 446.18 W
2026/08/14 06:09:57.320, 0, NVIDIA H200, 118253 MiB, 143771 MiB, 0 %, 328.20 W
2026/08/14 06:09:58.323, 0, NVIDIA H200, 118253 MiB, 143771 MiB, 0 %, 171.40 W
2026/08/14 06:09:59.325, 0, NVIDIA H200, 118253 MiB, 143771 MiB, 0 %, 169.99 W
2026/08/14 06:10:00.328, 0, NVIDIA H200, 118253 MiB, 143771 MiB, 100 %, 355.59 W
2026/08/14 06:10:01.335, 0, NVIDIA H200, 118253 MiB, 143771 MiB, 100 %, 452.29 W
2026/08/14 06:10:02.337, 0, NVIDIA H200, 118253 MiB, 143771 MiB, 100 %, 292.20 W
2026/08/14 06:10:03.341, 0, NVIDIA H200, 118253 MiB, 143771 MiB, 100 %, 447.14 W
2026/08/14 06:10:04.345, 0, NVIDIA H200, 118253 MiB, 143771 MiB, 100 %, 447.46 W
2026/08/14 06:10:05.356, 0, NVIDIA H200, 118253 MiB, 143771 MiB, 1 %, 225.78 W
2026/08/14 06:10:06.359, 0, NVIDIA H200, 118253 MiB, 143771 MiB, 52 %, 220.64 W
2026/08/14 06:10:07.370, 0, NVIDIA H200, 118253 MiB, 143771 MiB, 0 %, 154.26 W
2026/08/14 06:10:08.372, 0, NVIDIA H200, 118253 MiB, 143771 MiB, 100 %, 450.27 W
2026/08/14 06:10:09.376, 0, NVIDIA H200, 118253 MiB, 143771 MiB, 100 %, 450.93 W
2026/08/14 06:10:10.379, 0, NVIDIA H200, 118253 MiB, 143771 MiB, 100 %, 449.52 W
2026/08/14 06:10:11.383, 0, NVIDIA H200, 118253 MiB, 143771 MiB, 100 %, 449.91 W
2026/08/14 06:10:12.385, 0, NVIDIA H200, 118253 MiB, 143771 MiB, 100 %, 451.80 W
2026/08/14 06:10:13.393, 0, NVIDIA H200, 118253 MiB, 143771 MiB, 100 %, 450.09 W
2026/08/14 06:10:14.396, 0, NVIDIA H200, 118253 MiB, 143771 MiB, 100 %, 456.99 W
2026/08/14 06:10:15.399, 0, NVIDIA H200, 118253 MiB, 143771 MiB, 0 %, 219.86 W
2026/08/14 06:10:16.402, 0, NVIDIA H200, 118253 MiB, 143771 MiB, 28 %, 168.79 W
2026/08/14 06:10:17.406, 0, NVIDIA H200, 118253 MiB, 143771 MiB, 1 %, 153.61 W
2026/08/14 06:10:18.409, 0, NVIDIA H200, 118253 MiB, 143771 MiB, 100 %, 445.46 W
2026/08/14 06:10:19.421, 0, NVIDIA H200, 118253 MiB, 143771 MiB, 0 %, 373.98 W
2026/08/14 06:10:20.425, 0, NVIDIA H200, 118253 MiB, 143771 MiB, 100 %, 362.57 W
2026/08/14 06:10:21.427, 0, NVIDIA H200, 118253 MiB, 143771 MiB, 100 %, 451.96 W
2026/08/14 06:10:22.431, 0, NVIDIA H200, 118253 MiB, 143771 MiB, 100 %, 457.11 W
2026/08/14 06:10:23.434, 0, NVIDIA H200, 118253 MiB, 143771 MiB, 100 %, 449.20 W
2026/08/14 06:10:24.439, 0, NVIDIA H200, 118253 MiB, 143771 MiB, 49 %, 266.71 W
2026/08/14 06:10:25.443, 0, NVIDIA H200, 118253 MiB, 143771 MiB, 0 %, 161.90 W
2026/08/14 06:10:26.447, 0, NVIDIA H200, 118253 MiB, 143771 MiB, 0 %, 186.09 W
2026/08/14 06:10:27.451, 0, NVIDIA H200, 118253 MiB, 143771 MiB, 100 %, 392.04 W
2026/08/14 06:10:28.453, 0, NVIDIA H200, 118253 MiB, 143771 MiB, 100 %, 449.74 W
2026/08/14 06:10:29.457, 0, NVIDIA H200, 118253 MiB, 143771 MiB, 100 %, 454.00 W
2026/08/14 06:10:30.460, 0, NVIDIA H200, 118253 MiB, 143771 MiB, 100 %, 448.80 W
2026/08/14 06:10:31.463, 0, NVIDIA H200, 118253 MiB, 143771 MiB, 100 %, 293.64 W
2026/08/14 06:10:32.466, 0, NVIDIA H200, 118253 MiB, 143771 MiB, 100 %, 450.48 W
2026/08/14 06:10:33.469, 0, NVIDIA H200, 118253 MiB, 143771 MiB, 100 %, 452.78 W
2026/08/14 06:10:34.473, 0, NVIDIA H200, 118253 MiB, 143771 MiB, 100 %, 442.89 W
2026/08/14 06:10:35.476, 0, NVIDIA H200, 118253 MiB, 143771 MiB, 100 %, 453.97 W
2026/08/14 06:10:36.479, 0, NVIDIA H200, 118253 MiB, 143771 MiB, 100 %, 452.49 W
2026/08/14 06:10:37.483, 0, NVIDIA H200, 118253 MiB, 143771 MiB, 100 %, 454.87 W
2026/08/14 06:10:38.486, 0, NVIDIA H200, 118253 MiB, 143771 MiB, 100 %, 456.35 W
2026/08/14 06:10:39.490, 0, NVIDIA H200, 118253 MiB, 143771 MiB, 100 %, 454.76 W
2026/08/14 06:10:40.493, 0, NVIDIA H200, 118253 MiB, 143771 MiB, 100 %, 452.51 W
2026/08/14 06:10:41.497, 0, NVIDIA H200, 118253 MiB, 143771 MiB, 100 %, 457.10 W
2026/08/14 06:10:42.499, 0, NVIDIA H200, 118253 MiB, 143771 MiB, 100 %, 454.25 W
2026/08/14 06:10:43.503, 0, NVIDIA H200, 118253 MiB, 143771 MiB, 25 %, 271.07 W
2026/08/14 06:10:44.506, 0, NVIDIA H200, 118253 MiB, 143771 MiB, 12 %, 198.48 W
2026/08/14 06:10:45.509, 0, NVIDIA H200, 118253 MiB, 143771 MiB, 0 %, 172.00 W
2026/08/14 06:10:46.513, 0, NVIDIA H200, 118253 MiB, 143771 MiB, 100 %, 416.34 W
2026/08/14 06:10:47.516, 0, NVIDIA H200, 118253 MiB, 143771 MiB, 100 %, 444.42 W
2026/08/14 06:10:48.518, 0, NVIDIA H200, 118253 MiB, 143771 MiB, 100 %, 445.35 W
2026/08/14 06:10:49.522, 0, NVIDIA H200, 118253 MiB, 143771 MiB, 57 %, 398.04 W
2026/08/14 06:10:50.526, 0, NVIDIA H200, 118253 MiB, 143771 MiB, 89 %, 175.20 W
2026/08/14 06:10:51.529, 0, NVIDIA H200, 118253 MiB, 143771 MiB, 10 %, 186.10 W
2026/08/14 06:10:52.532, 0, NVIDIA H200, 118253 MiB, 143771 MiB, 100 %, 305.69 W
2026/08/14 06:10:53.535, 0, NVIDIA H200, 118253 MiB, 143771 MiB, 100 %, 443.27 W
2026/08/14 06:10:54.538, 0, NVIDIA H200, 118253 MiB, 143771 MiB, 100 %, 445.21 W
2026/08/14 06:10:55.540, 0, NVIDIA H200, 118253 MiB, 143771 MiB, 0 %, 294.23 W
2026/08/14 06:10:56.543, 0, NVIDIA H200, 118253 MiB, 143771 MiB, 100 %, 441.26 W
2026/08/14 06:10:57.546, 0, NVIDIA H200, 118253 MiB, 143771 MiB, 100 %, 437.04 W
2026/08/14 06:10:58.549, 0, NVIDIA H200, 118253 MiB, 143771 MiB, 0 %, 174.55 W
2026/08/14 06:10:59.552, 0, NVIDIA H200, 118253 MiB, 143771 MiB, 0 %, 172.24 W
2026/08/14 06:11:00.555, 0, NVIDIA H200, 118253 MiB, 143771 MiB, 100 %, 296.25 W
2026/08/14 06:11:01.558, 0, NVIDIA H200, 118253 MiB, 143771 MiB, 100 %, 442.77 W
2026/08/14 06:11:02.568, 0, NVIDIA H200, 118253 MiB, 143771 MiB, 100 %, 427.35 W
2026/08/14 06:11:03.572, 0, NVIDIA H200, 118253 MiB, 143771 MiB, 100 %, 308.42 W
2026/08/14 06:11:04.578, 0, NVIDIA H200, 118253 MiB, 143771 MiB, 100 %, 446.61 W
2026/08/14 06:11:05.584, 0, NVIDIA H200, 118253 MiB, 143771 MiB, 0 %, 205.60 W
2026/08/14 06:11:06.590, 0, NVIDIA H200, 118253 MiB, 143771 MiB, 63 %, 219.70 W
2026/08/14 06:11:07.594, 0, NVIDIA H200, 118253 MiB, 143771 MiB, 0 %, 181.46 W
2026/08/14 06:11:08.599, 0, NVIDIA H200, 118253 MiB, 143771 MiB, 100 %, 444.32 W
2026/08/14 06:11:09.602, 0, NVIDIA H200, 118253 MiB, 143771 MiB, 100 %, 443.76 W
2026/08/14 06:11:10.606, 0, NVIDIA H200, 118253 MiB, 143771 MiB, 63 %, 397.40 W
2026/08/14 06:11:11.610, 0, NVIDIA H200, 118253 MiB, 143771 MiB, 100 %, 342.00 W
2026/08/14 06:11:12.613, 0, NVIDIA H200, 118253 MiB, 143771 MiB, 100 %, 444.25 W
2026/08/14 06:11:13.615, 0, NVIDIA H200, 118253 MiB, 143771 MiB, 100 %, 440.61 W
2026/08/14 06:11:14.622, 0, NVIDIA H200, 118253 MiB, 143771 MiB, 100 %, 450.88 W
2026/08/14 06:11:15.626, 0, NVIDIA H200, 118253 MiB, 143771 MiB, 100 %, 452.04 W
2026/08/14 06:11:16.630, 0, NVIDIA H200, 118253 MiB, 143771 MiB, 0 %, 188.12 W
2026/08/14 06:11:17.633, 0, NVIDIA H200, 118253 MiB, 143771 MiB, 0 %, 172.68 W
2026/08/14 06:11:18.637, 0, NVIDIA H200, 118253 MiB, 143771 MiB, 82 %, 196.45 W
2026/08/14 06:11:19.639, 0, NVIDIA H200, 118253 MiB, 143771 MiB, 100 %, 448.85 W
2026/08/14 06:11:20.642, 0, NVIDIA H200, 118253 MiB, 143771 MiB, 100 %, 450.29 W
2026/08/14 06:11:21.645, 0, NVIDIA H200, 118253 MiB, 143771 MiB, 100 %, 289.73 W
2026/08/14 06:11:22.649, 0, NVIDIA H200, 118253 MiB, 143771 MiB, 100 %, 442.80 W
2026/08/14 06:11:23.652, 0, NVIDIA H200, 118253 MiB, 143771 MiB, 100 %, 443.41 W
2026/08/14 06:11:24.655, 0, NVIDIA H200, 118253 MiB, 143771 MiB, 100 %, 444.20 W
2026/08/14 06:11:25.657, 0, NVIDIA H200, 118253 MiB, 143771 MiB, 100 %, 447.58 W
2026/08/14 06:11:26.661, 0, NVIDIA H200, 118253 MiB, 143771 MiB, 73 %, 244.69 W
2026/08/14 06:11:27.664, 0, NVIDIA H200, 118253 MiB, 143771 MiB, 38 %, 171.81 W
2026/08/14 06:11:28.667, 0, NVIDIA H200, 118253 MiB, 143771 MiB, 0 %, 150.12 W
2026/08/14 06:11:29.670, 0, NVIDIA H200, 118253 MiB, 143771 MiB, 100 %, 430.54 W
2026/08/14 06:11:30.673, 0, NVIDIA H200, 118253 MiB, 143771 MiB, 100 %, 442.81 W
2026/08/14 06:11:31.676, 0, NVIDIA H200, 118253 MiB, 143771 MiB, 100 %, 294.05 W
2026/08/14 06:11:32.679, 0, NVIDIA H200, 118253 MiB, 143771 MiB, 100 %, 448.79 W
2026/08/14 06:11:33.683, 0, NVIDIA H200, 118253 MiB, 143771 MiB, 100 %, 450.02 W
2026/08/14 06:11:34.686, 0, NVIDIA H200, 118253 MiB, 143771 MiB, 1 %, 286.30 W
2026/08/14 06:11:35.690, 0, NVIDIA H200, 118253 MiB, 143771 MiB, 0 %, 231.31 W
2026/08/14 06:11:36.694, 0, NVIDIA H200, 118253 MiB, 143771 MiB, 0 %, 190.31 W
2026/08/14 06:11:37.697, 0, NVIDIA H200, 118253 MiB, 143771 MiB, 100 %, 346.95 W
2026/08/14 06:11:38.700, 0, NVIDIA H200, 118253 MiB, 143771 MiB, 100 %, 450.65 W
2026/08/14 06:11:39.704, 0, NVIDIA H200, 118253 MiB, 143771 MiB, 83 %, 314.31 W
2026/08/14 06:11:40.707, 0, NVIDIA H200, 118253 MiB, 143771 MiB, 0 %, 154.89 W
2026/08/14 06:11:41.710, 0, NVIDIA H200, 118253 MiB, 143771 MiB, 16 %, 259.75 W
2026/08/14 06:11:42.714, 0, NVIDIA H200, 118253 MiB, 143771 MiB, 4 %, 167.11 W
2026/08/14 06:11:43.717, 0, NVIDIA H200, 118253 MiB, 143771 MiB, 100 %, 448.68 W
2026/08/14 06:11:44.719, 0, NVIDIA H200, 118253 MiB, 143771 MiB, 100 %, 297.84 W
2026/08/14 06:11:45.723, 0, NVIDIA H200, 118253 MiB, 143771 MiB, 0 %, 392.77 W
2026/08/14 06:11:46.727, 0, NVIDIA H200, 118253 MiB, 143771 MiB, 87 %, 173.74 W
2026/08/14 06:11:47.730, 0, NVIDIA H200, 118253 MiB, 143771 MiB, 0 %, 161.69 W
2026/08/14 06:11:48.733, 0, NVIDIA H200, 118253 MiB, 143771 MiB, 100 %, 247.95 W
2026/08/14 06:11:49.736, 0, NVIDIA H200, 118253 MiB, 143771 MiB, 97 %, 438.44 W
2026/08/14 06:11:50.739, 0, NVIDIA H200, 118253 MiB, 143771 MiB, 100 %, 301.91 W
2026/08/14 06:11:51.742, 0, NVIDIA H200, 118253 MiB, 143771 MiB, 100 %, 450.50 W
2026/08/14 06:11:52.746, 0, NVIDIA H200, 118253 MiB, 143771 MiB, 100 %, 443.91 W
2026/08/14 06:11:53.749, 0, NVIDIA H200, 118253 MiB, 143771 MiB, 100 %, 451.13 W
2026/08/14 06:11:54.752, 0, NVIDIA H200, 118253 MiB, 143771 MiB, 100 %, 452.90 W
2026/08/14 06:11:55.755, 0, NVIDIA H200, 118253 MiB, 143771 MiB, 100 %, 450.63 W
2026/08/14 06:11:56.759, 0, NVIDIA H200, 118253 MiB, 143771 MiB, 0 %, 156.02 W
2026/08/14 06:11:57.763, 0, NVIDIA H200, 118253 MiB, 143771 MiB, 84 %, 273.43 W
2026/08/14 06:11:58.767, 0, NVIDIA H200, 118253 MiB, 143771 MiB, 0 %, 170.71 W
2026/08/14 06:11:59.770, 0, NVIDIA H200, 118253 MiB, 143771 MiB, 100 %, 458.47 W
2026/08/14 06:12:00.773, 0, NVIDIA H200, 118253 MiB, 143771 MiB, 0 %, 360.38 W
2026/08/14 06:12:01.777, 0, NVIDIA H200, 118253 MiB, 143771 MiB, 100 %, 356.82 W
2026/08/14 06:12:02.780, 0, NVIDIA H200, 118253 MiB, 143771 MiB, 100 %, 444.80 W
2026/08/14 06:12:03.783, 0, NVIDIA H200, 118253 MiB, 143771 MiB, 100 %, 445.11 W
2026/08/14 06:12:04.787, 0, NVIDIA H200, 118253 MiB, 143771 MiB, 0 %, 364.83 W
2026/08/14 06:12:05.790, 0, NVIDIA H200, 118253 MiB, 143771 MiB, 72 %, 175.38 W
2026/08/14 06:12:06.793, 0, NVIDIA H200, 118253 MiB, 143771 MiB, 0 %, 172.51 W
2026/08/14 06:12:07.796, 0, NVIDIA H200, 118253 MiB, 143771 MiB, 100 %, 295.68 W
2026/08/14 06:12:08.800, 0, NVIDIA H200, 118253 MiB, 143771 MiB, 100 %, 453.19 W
2026/08/14 06:12:09.803, 0, NVIDIA H200, 118725 MiB, 143771 MiB, 0 %, 271.37 W
2026/08/14 06:12:10.807, 0, NVIDIA H200, 118725 MiB, 143771 MiB, 100 %, 453.22 W
2026/08/14 06:12:11.810, 0, NVIDIA H200, 118725 MiB, 143771 MiB, 100 %, 443.91 W
2026/08/14 06:12:12.813, 0, NVIDIA H200, 118725 MiB, 143771 MiB, 100 %, 445.79 W
2026/08/14 06:12:13.817, 0, NVIDIA H200, 118725 MiB, 143771 MiB, 0 %, 303.82 W
2026/08/14 06:12:14.821, 0, NVIDIA H200, 118725 MiB, 143771 MiB, 0 %, 176.29 W
2026/08/14 06:12:15.824, 0, NVIDIA H200, 118725 MiB, 143771 MiB, 21 %, 185.36 W
2026/08/14 06:12:16.828, 0, NVIDIA H200, 118725 MiB, 143771 MiB, 100 %, 324.00 W
2026/08/14 06:12:17.832, 0, NVIDIA H200, 118725 MiB, 143771 MiB, 100 %, 452.09 W
2026/08/14 06:12:18.836, 0, NVIDIA H200, 118725 MiB, 143771 MiB, 0 %, 351.57 W
2026/08/14 06:12:19.839, 0, NVIDIA H200, 118725 MiB, 143771 MiB, 100 %, 369.86 W
2026/08/14 06:12:20.843, 0, NVIDIA H200, 118725 MiB, 143771 MiB, 100 %, 451.56 W
2026/08/14 06:12:21.846, 0, NVIDIA H200, 118725 MiB, 143771 MiB, 100 %, 448.58 W
2026/08/14 06:12:22.849, 0, NVIDIA H200, 118725 MiB, 143771 MiB, 100 %, 452.14 W
2026/08/14 06:12:23.853, 0, NVIDIA H200, 118725 MiB, 143771 MiB, 100 %, 461.96 W
2026/08/14 06:12:24.855, 0, NVIDIA H200, 118725 MiB, 143771 MiB, 100 %, 454.61 W
2026/08/14 06:12:25.859, 0, NVIDIA H200, 118725 MiB, 143771 MiB, 100 %, 457.66 W
2026/08/14 06:12:26.862, 0, NVIDIA H200, 118725 MiB, 143771 MiB, 100 %, 452.51 W
2026/08/14 06:12:27.866, 0, NVIDIA H200, 118725 MiB, 143771 MiB, 0 %, 186.24 W
2026/08/14 06:12:28.870, 0, NVIDIA H200, 118725 MiB, 143771 MiB, 0 %, 193.33 W
2026/08/14 06:12:29.874, 0, NVIDIA H200, 118725 MiB, 143771 MiB, 100 %, 265.87 W
2026/08/14 06:12:30.877, 0, NVIDIA H200, 118725 MiB, 143771 MiB, 100 %, 444.59 W
2026/08/14 06:12:31.884, 0, NVIDIA H200, 118725 MiB, 143771 MiB, 0 %, 373.72 W
2026/08/14 06:12:32.887, 0, NVIDIA H200, 118725 MiB, 143771 MiB, 100 %, 354.34 W
2026/08/14 06:12:33.893, 0, NVIDIA H200, 118725 MiB, 143771 MiB, 100 %, 442.00 W
2026/08/14 06:12:34.896, 0, NVIDIA H200, 118725 MiB, 143771 MiB, 9 %, 292.79 W
2026/08/14 06:12:35.900, 0, NVIDIA H200, 118725 MiB, 143771 MiB, 58 %, 177.88 W
2026/08/14 06:12:36.904, 0, NVIDIA H200, 118725 MiB, 143771 MiB, 81 %, 204.84 W
2026/08/14 06:12:37.915, 0, NVIDIA H200, 118725 MiB, 143771 MiB, 100 %, 443.25 W
2026/08/14 06:12:38.918, 0, NVIDIA H200, 118725 MiB, 143771 MiB, 0 %, 329.08 W
2026/08/14 06:12:39.929, 0, NVIDIA H200, 118725 MiB, 143771 MiB, 100 %, 399.79 W
2026/08/14 06:12:40.933, 0, NVIDIA H200, 118725 MiB, 143771 MiB, 100 %, 441.09 W
2026/08/14 06:12:41.941, 0, NVIDIA H200, 118725 MiB, 143771 MiB, 0 %, 166.60 W
2026/08/14 06:12:42.943, 0, NVIDIA H200, 118725 MiB, 143771 MiB, 27 %, 184.63 W
2026/08/14 06:12:43.946, 0, NVIDIA H200, 118725 MiB, 143771 MiB, 100 %, 315.48 W
2026/08/14 06:12:44.949, 0, NVIDIA H200, 118725 MiB, 143771 MiB, 100 %, 443.02 W
2026/08/14 06:12:45.952, 0, NVIDIA H200, 118725 MiB, 143771 MiB, 0 %, 286.40 W
2026/08/14 06:12:46.954, 0, NVIDIA H200, 118725 MiB, 143771 MiB, 100 %, 445.21 W
2026/08/14 06:12:47.958, 0, NVIDIA H200, 118725 MiB, 143771 MiB, 100 %, 444.03 W
2026/08/14 06:12:48.961, 0, NVIDIA H200, 118725 MiB, 143771 MiB, 0 %, 165.21 W
2026/08/14 06:12:49.965, 0, NVIDIA H200, 118725 MiB, 143771 MiB, 0 %, 157.04 W
2026/08/14 06:12:50.968, 0, NVIDIA H200, 118725 MiB, 143771 MiB, 100 %, 285.21 W
2026/08/14 06:12:51.972, 0, NVIDIA H200, 118725 MiB, 143771 MiB, 100 %, 443.36 W
2026/08/14 06:12:52.975, 0, NVIDIA H200, 118725 MiB, 143771 MiB, 100 %, 443.68 W
2026/08/14 06:12:53.981, 0, NVIDIA H200, 118725 MiB, 143771 MiB, 100 %, 449.12 W
2026/08/14 06:12:54.984, 0, NVIDIA H200, 118725 MiB, 143771 MiB, 100 %, 448.79 W
2026/08/14 06:12:55.988, 0, NVIDIA H200, 118725 MiB, 143771 MiB, 100 %, 450.41 W
2026/08/14 06:12:56.991, 0, NVIDIA H200, 118725 MiB, 143771 MiB, 100 %, 456.14 W
2026/08/14 06:12:57.994, 0, NVIDIA H200, 118725 MiB, 143771 MiB, 100 %, 453.52 W
2026/08/14 06:12:58.997, 0, NVIDIA H200, 118725 MiB, 143771 MiB, 100 %, 453.09 W
2026/08/14 06:13:00.001, 0, NVIDIA H200, 118725 MiB, 143771 MiB, 100 %, 440.05 W
2026/08/14 06:13:01.004, 0, NVIDIA H200, 118725 MiB, 143771 MiB, 100 %, 287.89 W
2026/08/14 06:13:02.008, 0, NVIDIA H200, 118725 MiB, 143771 MiB, 100 %, 442.96 W
2026/08/14 06:13:03.011, 0, NVIDIA H200, 118725 MiB, 143771 MiB, 100 %, 395.39 W
2026/08/14 06:13:04.028, 0, NVIDIA H200, 118725 MiB, 143771 MiB, 33 %, 172.26 W
2026/08/14 06:13:05.031, 0, NVIDIA H200, 118725 MiB, 143771 MiB, 0 %, 174.16 W
2026/08/14 06:13:06.043, 0, NVIDIA H200, 118725 MiB, 143771 MiB, 100 %, 304.88 W
2026/08/14 06:13:07.046, 0, NVIDIA H200, 118725 MiB, 143771 MiB, 100 %, 443.78 W
2026/08/14 06:13:08.058, 0, NVIDIA H200, 118725 MiB, 143771 MiB, 0 %, 300.45 W
2026/08/14 06:13:09.061, 0, NVIDIA H200, 118725 MiB, 143771 MiB, 0 %, 176.68 W
2026/08/14 06:13:10.064, 0, NVIDIA H200, 118725 MiB, 143771 MiB, 0 %, 180.49 W
2026/08/14 06:13:11.067, 0, NVIDIA H200, 118725 MiB, 143771 MiB, 100 %, 404.04 W
2026/08/14 06:13:12.070, 0, NVIDIA H200, 118725 MiB, 143771 MiB, 100 %, 438.79 W
2026/08/14 06:13:13.073, 0, NVIDIA H200, 118725 MiB, 143771 MiB, 0 %, 324.66 W
2026/08/14 06:13:14.084, 0, NVIDIA H200, 118725 MiB, 143771 MiB, 0 %, 213.39 W
2026/08/14 06:13:15.088, 0, NVIDIA H200, 118725 MiB, 143771 MiB, 0 %, 119.40 W
2026/08/14 06:13:16.092, 0, NVIDIA H200, 118725 MiB, 143771 MiB, 0 %, 119.14 W
2026/08/14 06:13:17.096, 0, NVIDIA H200, 118725 MiB, 143771 MiB, 0 %, 118.83 W
2026/08/14 06:13:18.099, 0, NVIDIA H200, 118725 MiB, 143771 MiB, 0 %, 118.77 W
2026/08/14 06:13:19.102, 0, NVIDIA H200, 118725 MiB, 143771 MiB, 0 %, 118.59 W
2026/08/14 06:13:20.105, 0, NVIDIA H200, 118725 MiB, 143771 MiB, 0 %, 118.55 W
2026/08/14 06:13:21.109, 0, NVIDIA H200, 118725 MiB, 143771 MiB, 0 %, 118.40 W
2026/08/14 06:13:22.113, 0, NVIDIA H200, 118725 MiB, 143771 MiB, 0 %, 118.27 W
2026/08/14 06:13:23.116, 0, NVIDIA H200, 118725 MiB, 143771 MiB, 0 %, 118.21 W
2026/08/14 06:13:24.119, 0, NVIDIA H200, 118725 MiB, 143771 MiB, 0 %, 118.12 W
2026/08/14 06:13:25.123, 0, NVIDIA H200, 118725 MiB, 143771 MiB, 0 %, 118.05 W
2026/08/14 06:13:26.126, 0, NVIDIA H200, 118725 MiB, 143771 MiB, 0 %, 117.93 W
2026/08/14 06:13:27.128, 0, NVIDIA H200, 118725 MiB, 143771 MiB, 0 %, 117.85 W
2026/08/14 06:13:28.131, 0, NVIDIA H200, 118725 MiB, 143771 MiB, 0 %, 117.71 W
2026/08/14 06:13:29.135, 0, NVIDIA H200, 118725 MiB, 143771 MiB, 0 %, 117.64 W
2026/08/14 06:13:30.138, 0, NVIDIA H200, 118725 MiB, 143771 MiB, 0 %, 117.61 W
2026/08/14 06:13:31.202, 0, NVIDIA H200, 118725 MiB, 143771 MiB, 0 %, 117.52 W
2026/08/14 06:13:32.205, 0, NVIDIA H200, 118725 MiB, 143771 MiB, 0 %, 117.49 W
2026/08/14 06:13:33.208, 0, NVIDIA H200, 118725 MiB, 143771 MiB, 0 %, 117.50 W
2026/08/14 06:13:34.211, 0, NVIDIA H200, 118725 MiB, 143771 MiB, 0 %, 117.43 W
2026/08/14 06:13:35.215, 0, NVIDIA H200, 118725 MiB, 143771 MiB, 0 %, 117.28 W
2026/08/14 06:13:36.219, 0, NVIDIA H200, 118725 MiB, 143771 MiB, 0 %, 117.23 W
2026/08/14 06:13:37.223, 0, NVIDIA H200, 118725 MiB, 143771 MiB, 0 %, 117.24 W
2026/08/14 06:13:38.226, 0, NVIDIA H200, 118725 MiB, 143771 MiB, 0 %, 116.72 W
2026/08/14 06:13:39.229, 0, NVIDIA H200, 118725 MiB, 143771 MiB, 0 %, 116.19 W
2026/08/14 06:13:40.232, 0, NVIDIA H200, 118725 MiB, 143771 MiB, 0 %, 116.15 W
2026/08/14 06:13:41.236, 0, NVIDIA H200, 118725 MiB, 143771 MiB, 0 %, 116.13 W
2026/08/14 06:13:42.239, 0, NVIDIA H200, 118725 MiB, 143771 MiB, 0 %, 115.90 W
2026/08/14 06:13:43.243, 0, NVIDIA H200, 118725 MiB, 143771 MiB, 0 %, 115.91 W
2026/08/14 06:13:44.247, 0, NVIDIA H200, 118725 MiB, 143771 MiB, 0 %, 115.90 W
2026/08/14 06:13:45.250, 0, NVIDIA H200, 118725 MiB, 143771 MiB, 0 %, 115.85 W
2026/08/14 06:13:46.254, 0, NVIDIA H200, 118725 MiB, 143771 MiB, 0 %, 115.75 W
2026/08/14 06:13:47.257, 0, NVIDIA H200, 118725 MiB, 143771 MiB, 0 %, 115.67 W
2026/08/14 06:13:48.261, 0, NVIDIA H200, 118725 MiB, 143771 MiB, 0 %, 115.72 W
2026/08/14 06:13:49.265, 0, NVIDIA H200, 118725 MiB, 143771 MiB, 0 %, 115.76 W
2026/08/14 06:13:50.267, 0, NVIDIA H200, 118725 MiB, 143771 MiB, 0 %, 115.70 W
2026/08/14 06:13:51.270, 0, NVIDIA H200, 118725 MiB, 143771 MiB, 0 %, 115.65 W
2026/08/14 06:13:52.273, 0, NVIDIA H200, 118725 MiB, 143771 MiB, 0 %, 115.69 W
2026/08/14 06:13:53.277, 0, NVIDIA H200, 118725 MiB, 143771 MiB, 0 %, 115.59 W
2026/08/14 06:13:54.280, 0, NVIDIA H200, 118725 MiB, 143771 MiB, 0 %, 115.60 W
2026/08/14 06:13:55.283, 0, NVIDIA H200, 118725 MiB, 143771 MiB, 0 %, 115.54 W
2026/08/14 06:13:56.286, 0, NVIDIA H200, 118725 MiB, 143771 MiB, 0 %, 115.58 W
2026/08/14 06:13:57.290, 0, NVIDIA H200, 118725 MiB, 143771 MiB, 0 %, 115.53 W
2026/08/14 06:13:58.294, 0, NVIDIA H200, 118725 MiB, 143771 MiB, 0 %, 115.45 W
2026/08/14 06:13:59.299, 0, NVIDIA H200, 118725 MiB, 143771 MiB, 0 %, 115.52 W
2026/08/14 06:14:00.302, 0, NVIDIA H200, 118725 MiB, 143771 MiB, 0 %, 115.36 W
2026/08/14 06:14:01.308, 0, NVIDIA H200, 118725 MiB, 143771 MiB, 0 %, 115.38 W
2026/08/14 06:14:02.312, 0, NVIDIA H200, 118725 MiB, 143771 MiB, 0 %, 115.32 W
2026/08/14 06:14:03.318, 0, NVIDIA H200, 118725 MiB, 143771 MiB, 0 %, 115.36 W
2026/08/14 06:14:04.322, 0, NVIDIA H200, 118725 MiB, 143771 MiB, 0 %, 115.36 W
2026/08/14 06:14:05.328, 0, NVIDIA H200, 118725 MiB, 143771 MiB, 0 %, 115.35 W
2026/08/14 06:14:06.331, 0, NVIDIA H200, 118725 MiB, 143771 MiB, 0 %, 115.26 W
2026/08/14 06:14:07.338, 0, NVIDIA H200, 118725 MiB, 143771 MiB, 0 %, 115.30 W
2026/08/14 06:14:08.342, 0, NVIDIA H200, 118725 MiB, 143771 MiB, 0 %, 115.19 W
2026/08/14 06:14:09.357, 0, NVIDIA H200, 118725 MiB, 143771 MiB, 0 %, 115.28 W
2026/08/14 06:14:10.360, 0, NVIDIA H200, 118725 MiB, 143771 MiB, 0 %, 115.24 W
2026/08/14 06:14:11.365, 0, NVIDIA H200, 118725 MiB, 143771 MiB, 0 %, 115.22 W
2026/08/14 06:14:12.368, 0, NVIDIA H200, 118725 MiB, 143771 MiB, 0 %, 115.16 W
2026/08/14 06:14:13.372, 0, NVIDIA H200, 118725 MiB, 143771 MiB, 0 %, 115.16 W
2026/08/14 06:14:14.375, 0, NVIDIA H200, 118725 MiB, 143771 MiB, 0 %, 115.21 W
2026/08/14 06:14:15.378, 0, NVIDIA H200, 118725 MiB, 143771 MiB, 0 %, 115.18 W
2026/08/14 06:14:16.381, 0, NVIDIA H200, 118725 MiB, 143771 MiB, 0 %, 115.14 W
2026/08/14 06:14:17.385, 0, NVIDIA H200, 118725 MiB, 143771 MiB, 0 %, 115.14 W
2026/08/14 06:14:18.388, 0, NVIDIA H200, 118725 MiB, 143771 MiB, 0 %, 115.09 W
2026/08/14 06:14:19.396, 0, NVIDIA H200, 118725 MiB, 143771 MiB, 0 %, 115.13 W
2026/08/14 06:14:20.400, 0, NVIDIA H200, 118725 MiB, 143771 MiB, 0 %, 115.10 W
2026/08/14 06:14:21.403, 0, NVIDIA H200, 118725 MiB, 143771 MiB, 0 %, 115.08 W
2026/08/14 06:14:22.406, 0, NVIDIA H200, 118725 MiB, 143771 MiB, 0 %, 114.95 W
2026/08/14 06:14:23.411, 0, NVIDIA H200, 118725 MiB, 143771 MiB, 0 %, 115.09 W
2026/08/14 06:14:24.414, 0, NVIDIA H200, 118725 MiB, 143771 MiB, 0 %, 115.03 W
2026/08/14 06:14:25.417, 0, NVIDIA H200, 118725 MiB, 143771 MiB, 0 %, 115.06 W
2026/08/14 06:14:26.421, 0, NVIDIA H200, 118725 MiB, 143771 MiB, 0 %, 115.01 W
2026/08/14 06:14:27.426, 0, NVIDIA H200, 118725 MiB, 143771 MiB, 0 %, 114.95 W
2026/08/14 06:14:28.430, 0, NVIDIA H200, 118725 MiB, 143771 MiB, 0 %, 114.99 W
2026/08/14 06:14:29.434, 0, NVIDIA H200, 118725 MiB, 143771 MiB, 0 %, 115.01 W
2026/08/14 06:14:30.437, 0, NVIDIA H200, 118725 MiB, 143771 MiB, 0 %, 114.96 W
2026/08/14 06:14:31.441, 0, NVIDIA H200, 118725 MiB, 143771 MiB, 0 %, 114.93 W
2026/08/14 06:14:32.443, 0, NVIDIA H200, 118725 MiB, 143771 MiB, 0 %, 114.99 W
2026/08/14 06:14:33.481, 0, NVIDIA H200, 118725 MiB, 143771 MiB, 0 %, 114.98 W
2026/08/14 06:14:34.532, 0, NVIDIA H200, 118725 MiB, 143771 MiB, 0 %, 114.95 W
2026/08/14 06:14:35.536, 0, NVIDIA H200, 118725 MiB, 143771 MiB, 0 %, 115.08 W
2026/08/14 06:14:36.538, 0, NVIDIA H200, 118725 MiB, 143771 MiB, 0 %, 114.87 W
2026/08/14 06:14:37.542, 0, NVIDIA H200, 118725 MiB, 143771 MiB, 0 %, 114.91 W
2026/08/14 06:14:38.544, 0, NVIDIA H200, 118725 MiB, 143771 MiB, 0 %, 114.83 W
2026/08/14 06:14:39.547, 0, NVIDIA H200, 118725 MiB, 143771 MiB, 0 %, 114.89 W
2026/08/14 06:14:40.551, 0, NVIDIA H200, 118725 MiB, 143771 MiB, 0 %, 114.82 W
2026/08/14 06:14:41.554, 0, NVIDIA H200, 118725 MiB, 143771 MiB, 0 %, 114.86 W
2026/08/14 06:14:42.557, 0, NVIDIA H200, 118725 MiB, 143771 MiB, 0 %, 114.87 W
2026/08/14 06:14:43.560, 0, NVIDIA H200, 118725 MiB, 143771 MiB, 0 %, 114.90 W
2026/08/14 06:14:44.563, 0, NVIDIA H200, 118725 MiB, 143771 MiB, 0 %, 114.80 W
2026/08/14 06:14:45.565, 0, NVIDIA H200, 118725 MiB, 143771 MiB, 0 %, 114.85 W
2026/08/14 06:14:46.568, 0, NVIDIA H200, 118725 MiB, 143771 MiB, 0 %, 114.86 W
2026/08/14 06:14:47.571, 0, NVIDIA H200, 118725 MiB, 143771 MiB, 0 %, 114.87 W
2026/08/14 06:14:48.574, 0, NVIDIA H200, 118725 MiB, 143771 MiB, 0 %, 114.74 W
2026/08/14 06:14:49.577, 0, NVIDIA H200, 118725 MiB, 143771 MiB, 0 %, 114.83 W
2026/08/14 06:14:50.580, 0, NVIDIA H200, 118725 MiB, 143771 MiB, 0 %, 114.89 W
2026/08/14 06:14:51.584, 0, NVIDIA H200, 118725 MiB, 143771 MiB, 0 %, 114.84 W
2026/08/14 06:14:52.586, 0, NVIDIA H200, 118725 MiB, 143771 MiB, 0 %, 114.85 W
2026/08/14 06:14:53.590, 0, NVIDIA H200, 118725 MiB, 143771 MiB, 0 %, 114.79 W
2026/08/14 06:14:54.592, 0, NVIDIA H200, 118725 MiB, 143771 MiB, 0 %, 114.68 W
2026/08/14 06:14:55.597, 0, NVIDIA H200, 118725 MiB, 143771 MiB, 0 %, 114.82 W
2026/08/14 06:14:56.599, 0, NVIDIA H200, 118725 MiB, 143771 MiB, 0 %, 114.69 W
2026/08/14 06:14:57.602, 0, NVIDIA H200, 118725 MiB, 143771 MiB, 0 %, 114.72 W
2026/08/14 06:14:58.604, 0, NVIDIA H200, 118725 MiB, 143771 MiB, 0 %, 114.72 W
2026/08/14 06:14:59.608, 0, NVIDIA H200, 118725 MiB, 143771 MiB, 0 %, 114.75 W
2026/08/14 06:15:00.611, 0, NVIDIA H200, 118725 MiB, 143771 MiB, 0 %, 114.73 W
2026/08/14 06:15:01.614, 0, NVIDIA H200, 118725 MiB, 143771 MiB, 0 %, 114.74 W
2026/08/14 06:15:02.617, 0, NVIDIA H200, 118725 MiB, 143771 MiB, 0 %, 114.74 W
2026/08/14 06:15:03.620, 0, NVIDIA H200, 118725 MiB, 143771 MiB, 0 %, 114.76 W
2026/08/14 06:15:04.624, 0, NVIDIA H200, 118725 MiB, 143771 MiB, 0 %, 114.69 W
2026/08/14 06:15:05.627, 0, NVIDIA H200, 118725 MiB, 143771 MiB, 0 %, 114.74 W
2026/08/14 06:15:06.630, 0, NVIDIA H200, 118725 MiB, 143771 MiB, 0 %, 114.66 W
2026/08/14 06:15:07.632, 0, NVIDIA H200, 118725 MiB, 143771 MiB, 0 %, 114.68 W
2026/08/14 06:15:08.636, 0, NVIDIA H200, 118725 MiB, 143771 MiB, 0 %, 114.70 W
2026/08/14 06:15:09.638, 0, NVIDIA H200, 118725 MiB, 143771 MiB, 0 %, 114.72 W
2026/08/14 06:15:10.642, 0, NVIDIA H200, 118725 MiB, 143771 MiB, 0 %, 114.68 W
2026/08/14 06:15:11.645, 0, NVIDIA H200, 118725 MiB, 143771 MiB, 0 %, 114.65 W
2026/08/14 06:15:12.649, 0, NVIDIA H200, 118725 MiB, 143771 MiB, 0 %, 114.65 W
2026/08/14 06:15:13.653, 0, NVIDIA H200, 118725 MiB, 143771 MiB, 0 %, 114.66 W
2026/08/14 06:15:14.656, 0, NVIDIA H200, 118725 MiB, 143771 MiB, 0 %, 114.63 W
2026/08/14 06:15:15.660, 0, NVIDIA H200, 118725 MiB, 143771 MiB, 0 %, 114.67 W
2026/08/14 06:15:16.664, 0, NVIDIA H200, 118725 MiB, 143771 MiB, 0 %, 114.63 W
2026/08/14 06:15:17.667, 0, NVIDIA H200, 118725 MiB, 143771 MiB, 0 %, 114.68 W
2026/08/14 06:15:18.670, 0, NVIDIA H200, 118725 MiB, 143771 MiB, 0 %, 114.63 W
2026/08/14 06:15:19.673, 0, NVIDIA H200, 118725 MiB, 143771 MiB, 0 %, 114.62 W
2026/08/14 06:15:20.676, 0, NVIDIA H200, 118725 MiB, 143771 MiB, 0 %, 114.62 W
2026/08/14 06:15:21.680, 0, NVIDIA H200, 118725 MiB, 143771 MiB, 0 %, 114.64 W
2026/08/14 06:15:22.682, 0, NVIDIA H200, 118725 MiB, 143771 MiB, 0 %, 114.53 W
2026/08/14 06:15:23.685, 0, NVIDIA H200, 118725 MiB, 143771 MiB, 0 %, 114.64 W
2026/08/14 06:15:24.689, 0, NVIDIA H200, 118725 MiB, 143771 MiB, 0 %, 114.62 W
2026/08/14 06:15:25.692, 0, NVIDIA H200, 118725 MiB, 143771 MiB, 0 %, 114.58 W
2026/08/14 06:15:26.696, 0, NVIDIA H200, 118725 MiB, 143771 MiB, 0 %, 114.56 W
2026/08/14 06:15:27.699, 0, NVIDIA H200, 118725 MiB, 143771 MiB, 0 %, 114.61 W
2026/08/14 06:15:28.701, 0, NVIDIA H200, 118725 MiB, 143771 MiB, 0 %, 114.68 W
2026/08/14 06:15:29.704, 0, NVIDIA H200, 118725 MiB, 143771 MiB, 0 %, 114.57 W
2026/08/14 06:15:30.708, 0, NVIDIA H200, 118725 MiB, 143771 MiB, 0 %, 114.61 W
2026/08/14 06:15:31.711, 0, NVIDIA H200, 118725 MiB, 143771 MiB, 0 %, 114.62 W
2026/08/14 06:15:32.714, 0, NVIDIA H200, 118725 MiB, 143771 MiB, 0 %, 114.43 W
2026/08/14 06:15:33.717, 0, NVIDIA H200, 118725 MiB, 143771 MiB, 0 %, 114.56 W
2026/08/14 06:15:34.720, 0, NVIDIA H200, 118725 MiB, 143771 MiB, 0 %, 114.53 W
2026/08/14 06:15:35.723, 0, NVIDIA H200, 118725 MiB, 143771 MiB, 0 %, 114.58 W
2026/08/14 06:15:36.725, 0, NVIDIA H200, 118725 MiB, 143771 MiB, 0 %, 114.56 W
2026/08/14 06:15:37.728, 0, NVIDIA H200, 118725 MiB, 143771 MiB, 0 %, 114.53 W
2026/08/14 06:15:38.731, 0, NVIDIA H200, 118725 MiB, 143771 MiB, 0 %, 114.52 W
2026/08/14 06:15:39.734, 0, NVIDIA H200, 118725 MiB, 143771 MiB, 0 %, 114.62 W
2026/08/14 06:15:40.738, 0, NVIDIA H200, 118725 MiB, 143771 MiB, 0 %, 114.57 W
2026/08/14 06:15:41.742, 0, NVIDIA H200, 118725 MiB, 143771 MiB, 0 %, 114.56 W
2026/08/14 06:15:42.745, 0, NVIDIA H200, 118725 MiB, 143771 MiB, 0 %, 114.60 W
2026/08/14 06:15:43.748, 0, NVIDIA H200, 118725 MiB, 143771 MiB, 0 %, 114.54 W
2026/08/14 06:15:44.751, 0, NVIDIA H200, 118725 MiB, 143771 MiB, 0 %, 114.51 W
2026/08/14 06:15:45.754, 0, NVIDIA H200, 118725 MiB, 143771 MiB, 0 %, 114.56 W
2026/08/14 06:15:46.758, 0, NVIDIA H200, 118725 MiB, 143771 MiB, 0 %, 114.51 W
2026/08/14 06:15:47.761, 0, NVIDIA H200, 118725 MiB, 143771 MiB, 0 %, 114.44 W
2026/08/14 06:15:48.764, 0, NVIDIA H200, 118725 MiB, 143771 MiB, 0 %, 114.46 W
2026/08/14 06:15:49.768, 0, NVIDIA H200, 118725 MiB, 143771 MiB, 0 %, 114.51 W
2026/08/14 06:15:50.771, 0, NVIDIA H200, 118725 MiB, 143771 MiB, 0 %, 114.43 W
2026/08/14 06:15:51.774, 0, NVIDIA H200, 118725 MiB, 143771 MiB, 0 %, 114.54 W
2026/08/14 06:15:52.778, 0, NVIDIA H200, 118725 MiB, 143771 MiB, 0 %, 114.53 W
2026/08/14 06:15:53.782, 0, NVIDIA H200, 118725 MiB, 143771 MiB, 0 %, 114.42 W
2026/08/14 06:15:54.786, 0, NVIDIA H200, 118725 MiB, 143771 MiB, 0 %, 114.40 W
2026/08/14 06:15:55.790, 0, NVIDIA H200, 118725 MiB, 143771 MiB, 0 %, 114.51 W
2026/08/14 06:15:56.793, 0, NVIDIA H200, 118725 MiB, 143771 MiB, 0 %, 114.41 W
2026/08/14 06:15:57.798, 0, NVIDIA H200, 118725 MiB, 143771 MiB, 0 %, 114.49 W
2026/08/14 06:15:58.801, 0, NVIDIA H200, 118725 MiB, 143771 MiB, 0 %, 114.54 W
2026/08/14 06:15:59.804, 0, NVIDIA H200, 118725 MiB, 143771 MiB, 0 %, 114.49 W
2026/08/14 06:16:00.807, 0, NVIDIA H200, 118725 MiB, 143771 MiB, 0 %, 114.47 W
2026/08/14 06:16:01.810, 0, NVIDIA H200, 118725 MiB, 143771 MiB, 0 %, 114.56 W
2026/08/14 06:16:02.813, 0, NVIDIA H200, 118725 MiB, 143771 MiB, 0 %, 114.50 W
2026/08/14 06:16:03.817, 0, NVIDIA H200, 118725 MiB, 143771 MiB, 0 %, 114.58 W
2026/08/14 06:16:04.821, 0, NVIDIA H200, 118725 MiB, 143771 MiB, 0 %, 114.46 W
2026/08/14 06:16:05.825, 0, NVIDIA H200, 118725 MiB, 143771 MiB, 0 %, 114.50 W
2026/08/14 06:16:06.828, 0, NVIDIA H200, 118725 MiB, 143771 MiB, 0 %, 114.45 W
2026/08/14 06:16:07.831, 0, NVIDIA H200, 118725 MiB, 143771 MiB, 0 %, 114.48 W
2026/08/14 06:16:08.835, 0, NVIDIA H200, 118725 MiB, 143771 MiB, 0 %, 114.51 W
2026/08/14 06:16:09.838, 0, NVIDIA H200, 118725 MiB, 143771 MiB, 0 %, 114.51 W
2026/08/14 06:16:10.842, 0, NVIDIA H200, 118725 MiB, 143771 MiB, 0 %, 114.46 W
2026/08/14 06:16:11.846, 0, NVIDIA H200, 118725 MiB, 143771 MiB, 0 %, 114.42 W
2026/08/14 06:16:12.850, 0, NVIDIA H200, 118725 MiB, 143771 MiB, 0 %, 114.53 W
2026/08/14 06:16:13.853, 0, NVIDIA H200, 118725 MiB, 143771 MiB, 0 %, 114.46 W
2026/08/14 06:16:14.856, 0, NVIDIA H200, 118725 MiB, 143771 MiB, 0 %, 114.45 W
2026/08/14 06:16:15.861, 0, NVIDIA H200, 118725 MiB, 143771 MiB, 0 %, 114.48 W
2026/08/14 06:16:16.864, 0, NVIDIA H200, 118725 MiB, 143771 MiB, 0 %, 114.48 W
2026/08/14 06:16:17.871, 0, NVIDIA H200, 118725 MiB, 143771 MiB, 0 %, 114.57 W
2026/08/14 06:16:18.873, 0, NVIDIA H200, 118725 MiB, 143771 MiB, 0 %, 114.49 W
2026/08/14 06:16:19.877, 0, NVIDIA H200, 118725 MiB, 143771 MiB, 0 %, 114.50 W
2026/08/14 06:16:20.880, 0, NVIDIA H200, 118725 MiB, 143771 MiB, 0 %, 114.51 W
2026/08/14 06:16:21.885, 0, NVIDIA H200, 118725 MiB, 143771 MiB, 0 %, 114.52 W
2026/08/14 06:16:22.889, 0, NVIDIA H200, 118725 MiB, 143771 MiB, 0 %, 114.52 W
2026/08/14 06:16:23.898, 0, NVIDIA H200, 118725 MiB, 143771 MiB, 0 %, 114.49 W
2026/08/14 06:16:24.901, 0, NVIDIA H200, 118725 MiB, 143771 MiB, 0 %, 114.48 W
2026/08/14 06:16:25.906, 0, NVIDIA H200, 118725 MiB, 143771 MiB, 0 %, 114.47 W
2026/08/14 06:16:26.909, 0, NVIDIA H200, 118725 MiB, 143771 MiB, 0 %, 114.51 W
2026/08/14 06:16:27.914, 0, NVIDIA H200, 118725 MiB, 143771 MiB, 0 %, 114.49 W
2026/08/14 06:16:28.917, 0, NVIDIA H200, 118725 MiB, 143771 MiB, 0 %, 114.43 W
2026/08/14 06:16:29.922, 0, NVIDIA H200, 118725 MiB, 143771 MiB, 0 %, 114.44 W
2026/08/14 06:16:30.924, 0, NVIDIA H200, 118725 MiB, 143771 MiB, 0 %, 114.47 W
2026/08/14 06:16:31.929, 0, NVIDIA H200, 118725 MiB, 143771 MiB, 0 %, 114.44 W
2026/08/14 06:16:32.932, 0, NVIDIA H200, 118725 MiB, 143771 MiB, 0 %, 114.58 W
2026/08/14 06:16:33.935, 0, NVIDIA H200, 118725 MiB, 143771 MiB, 0 %, 114.46 W
2026/08/14 06:16:34.938, 0, NVIDIA H200, 118725 MiB, 143771 MiB, 0 %, 114.48 W
2026/08/14 06:16:35.942, 0, NVIDIA H200, 118725 MiB, 143771 MiB, 0 %, 114.50 W
2026/08/14 06:16:36.945, 0, NVIDIA H200, 118725 MiB, 143771 MiB, 0 %, 114.43 W
2026/08/14 06:16:37.949, 0, NVIDIA H200, 118725 MiB, 143771 MiB, 0 %, 114.43 W
2026/08/14 06:16:38.952, 0, NVIDIA H200, 118725 MiB, 143771 MiB, 0 %, 114.43 W
2026/08/14 06:16:39.956, 0, NVIDIA H200, 118725 MiB, 143771 MiB, 0 %, 114.52 W
2026/08/14 06:16:40.958, 0, NVIDIA H200, 118725 MiB, 143771 MiB, 0 %, 114.48 W
2026/08/14 06:16:41.962, 0, NVIDIA H200, 118725 MiB, 143771 MiB, 0 %, 114.31 W
2026/08/14 06:16:42.965, 0, NVIDIA H200, 118725 MiB, 143771 MiB, 0 %, 114.42 W
2026/08/14 06:16:43.969, 0, NVIDIA H200, 118725 MiB, 143771 MiB, 0 %, 114.43 W
2026/08/14 06:16:44.973, 0, NVIDIA H200, 118725 MiB, 143771 MiB, 0 %, 114.45 W
2026/08/14 06:16:45.977, 0, NVIDIA H200, 118725 MiB, 143771 MiB, 0 %, 114.45 W
2026/08/14 06:16:46.981, 0, NVIDIA H200, 118725 MiB, 143771 MiB, 0 %, 114.48 W
2026/08/14 06:16:47.983, 0, NVIDIA H200, 118725 MiB, 143771 MiB, 0 %, 114.36 W
2026/08/14 06:16:48.987, 0, NVIDIA H200, 118725 MiB, 143771 MiB, 0 %, 114.39 W
2026/08/14 06:16:49.991, 0, NVIDIA H200, 118725 MiB, 143771 MiB, 0 %, 114.49 W
2026/08/14 06:16:50.995, 0, NVIDIA H200, 118725 MiB, 143771 MiB, 0 %, 114.41 W
2026/08/14 06:16:52.002, 0, NVIDIA H200, 118725 MiB, 143771 MiB, 0 %, 114.42 W
2026/08/14 06:16:53.005, 0, NVIDIA H200, 118725 MiB, 143771 MiB, 0 %, 114.45 W
2026/08/14 06:16:54.009, 0, NVIDIA H200, 118725 MiB, 143771 MiB, 0 %, 114.43 W
2026/08/14 06:16:55.012, 0, NVIDIA H200, 118725 MiB, 143771 MiB, 0 %, 114.41 W
2026/08/14 06:16:56.017, 0, NVIDIA H200, 118725 MiB, 143771 MiB, 0 %, 114.39 W
2026/08/14 06:16:57.020, 0, NVIDIA H200, 118725 MiB, 143771 MiB, 0 %, 114.43 W
2026/08/14 06:16:58.026, 0, NVIDIA H200, 118725 MiB, 143771 MiB, 0 %, 114.46 W
2026/08/14 06:16:59.029, 0, NVIDIA H200, 118725 MiB, 143771 MiB, 0 %, 114.44 W
2026/08/14 06:17:00.034, 0, NVIDIA H200, 118725 MiB, 143771 MiB, 0 %, 114.46 W
2026/08/14 06:17:01.037, 0, NVIDIA H200, 118725 MiB, 143771 MiB, 0 %, 114.43 W
2026/08/14 06:17:02.040, 0, NVIDIA H200, 118725 MiB, 143771 MiB, 0 %, 114.35 W
2026/08/14 06:17:03.043, 0, NVIDIA H200, 118725 MiB, 143771 MiB, 0 %, 114.40 W
2026/08/14 06:17:04.048, 0, NVIDIA H200, 118725 MiB, 143771 MiB, 0 %, 114.39 W
2026/08/14 06:17:05.051, 0, NVIDIA H200, 118725 MiB, 143771 MiB, 0 %, 114.44 W
2026/08/14 06:17:06.055, 0, NVIDIA H200, 118725 MiB, 143771 MiB, 0 %, 114.42 W
2026/08/14 06:17:07.057, 0, NVIDIA H200, 118725 MiB, 143771 MiB, 0 %, 114.40 W
2026/08/14 06:17:08.060, 0, NVIDIA H200, 118725 MiB, 143771 MiB, 0 %, 114.37 W
2026/08/14 06:17:09.063, 0, NVIDIA H200, 118725 MiB, 143771 MiB, 0 %, 114.40 W
2026/08/14 06:17:10.066, 0, NVIDIA H200, 118725 MiB, 143771 MiB, 0 %, 114.38 W
2026/08/14 06:17:11.070, 0, NVIDIA H200, 118725 MiB, 143771 MiB, 0 %, 114.44 W
2026/08/14 06:17:12.074, 0, NVIDIA H200, 118725 MiB, 143771 MiB, 0 %, 114.41 W
2026/08/14 06:17:13.077, 0, NVIDIA H200, 118725 MiB, 143771 MiB, 0 %, 114.48 W
2026/08/14 06:17:14.081, 0, NVIDIA H200, 118725 MiB, 143771 MiB, 0 %, 114.44 W
2026/08/14 06:17:15.084, 0, NVIDIA H200, 118725 MiB, 143771 MiB, 0 %, 114.32 W
2026/08/14 06:17:16.088, 0, NVIDIA H200, 118725 MiB, 143771 MiB, 0 %, 114.38 W
2026/08/14 06:17:17.091, 0, NVIDIA H200, 118725 MiB, 143771 MiB, 0 %, 114.49 W
2026/08/14 06:17:18.093, 0, NVIDIA H200, 118725 MiB, 143771 MiB, 0 %, 114.41 W
2026/08/14 06:17:19.096, 0, NVIDIA H200, 118725 MiB, 143771 MiB, 0 %, 114.46 W
2026/08/14 06:17:20.100, 0, NVIDIA H200, 118725 MiB, 143771 MiB, 0 %, 114.42 W
2026/08/14 06:17:21.103, 0, NVIDIA H200, 118725 MiB, 143771 MiB, 0 %, 114.39 W
2026/08/14 06:17:22.107, 0, NVIDIA H200, 118725 MiB, 143771 MiB, 0 %, 114.39 W
2026/08/14 06:17:23.110, 0, NVIDIA H200, 118725 MiB, 143771 MiB, 0 %, 114.46 W
2026/08/14 06:17:24.114, 0, NVIDIA H200, 118725 MiB, 143771 MiB, 0 %, 114.36 W
2026/08/14 06:17:25.118, 0, NVIDIA H200, 118725 MiB, 143771 MiB, 0 %, 114.39 W
2026/08/14 06:17:26.121, 0, NVIDIA H200, 118725 MiB, 143771 MiB, 0 %, 114.35 W
2026/08/14 06:17:27.124, 0, NVIDIA H200, 118725 MiB, 143771 MiB, 0 %, 114.34 W
2026/08/14 06:17:28.128, 0, NVIDIA H200, 118725 MiB, 143771 MiB, 0 %, 114.33 W
2026/08/14 06:17:29.131, 0, NVIDIA H200, 118725 MiB, 143771 MiB, 0 %, 114.40 W
2026/08/14 06:17:30.134, 0, NVIDIA H200, 118725 MiB, 143771 MiB, 0 %, 114.43 W
2026/08/14 06:17:31.138, 0, NVIDIA H200, 118725 MiB, 143771 MiB, 0 %, 114.43 W
2026/08/14 06:17:32.141, 0, NVIDIA H200, 118725 MiB, 143771 MiB, 0 %, 114.33 W
2026/08/14 06:17:33.146, 0, NVIDIA H200, 118725 MiB, 143771 MiB, 0 %, 114.35 W
2026/08/14 06:17:34.150, 0, NVIDIA H200, 118725 MiB, 143771 MiB, 0 %, 114.36 W
2026/08/14 06:17:35.154, 0, NVIDIA H200, 118725 MiB, 143771 MiB, 0 %, 114.48 W
2026/08/14 06:17:36.159, 0, NVIDIA H200, 118725 MiB, 143771 MiB, 0 %, 114.36 W
2026/08/14 06:17:37.163, 0, NVIDIA H200, 118725 MiB, 143771 MiB, 0 %, 114.48 W
2026/08/14 06:17:38.169, 0, NVIDIA H200, 118725 MiB, 143771 MiB, 0 %, 114.36 W
2026/08/14 06:17:39.172, 0, NVIDIA H200, 118725 MiB, 143771 MiB, 0 %, 114.44 W
2026/08/14 06:17:40.176, 0, NVIDIA H200, 118725 MiB, 143771 MiB, 0 %, 114.37 W
2026/08/14 06:17:41.179, 0, NVIDIA H200, 118725 MiB, 143771 MiB, 0 %, 114.41 W
2026/08/14 06:17:42.184, 0, NVIDIA H200, 118725 MiB, 143771 MiB, 0 %, 114.36 W
2026/08/14 06:17:43.187, 0, NVIDIA H200, 118725 MiB, 143771 MiB, 0 %, 114.39 W
2026/08/14 06:17:44.190, 0, NVIDIA H200, 118725 MiB, 143771 MiB, 0 %, 114.35 W
2026/08/14 06:17:45.193, 0, NVIDIA H200, 118725 MiB, 143771 MiB, 0 %, 114.46 W
2026/08/14 06:17:46.197, 0, NVIDIA H200, 118725 MiB, 143771 MiB, 0 %, 114.39 W
2026/08/14 06:17:47.201, 0, NVIDIA H200, 118725 MiB, 143771 MiB, 0 %, 114.37 W
2026/08/14 06:17:48.204, 0, NVIDIA H200, 118725 MiB, 143771 MiB, 0 %, 114.30 W
2026/08/14 06:17:49.207, 0, NVIDIA H200, 118725 MiB, 143771 MiB, 0 %, 114.33 W
2026/08/14 06:17:50.211, 0, NVIDIA H200, 118725 MiB, 143771 MiB, 0 %, 114.38 W
2026/08/14 06:17:51.215, 0, NVIDIA H200, 118725 MiB, 143771 MiB, 0 %, 114.42 W
2026/08/14 06:17:52.218, 0, NVIDIA H200, 118725 MiB, 143771 MiB, 0 %, 114.46 W
2026/08/14 06:17:53.222, 0, NVIDIA H200, 118725 MiB, 143771 MiB, 0 %, 114.35 W
2026/08/14 06:17:54.225, 0, NVIDIA H200, 118725 MiB, 143771 MiB, 0 %, 114.39 W
2026/08/14 06:17:55.229, 0, NVIDIA H200, 118725 MiB, 143771 MiB, 0 %, 114.46 W
2026/08/14 06:17:56.232, 0, NVIDIA H200, 118725 MiB, 143771 MiB, 0 %, 114.40 W
2026/08/14 06:17:57.235, 0, NVIDIA H200, 118725 MiB, 143771 MiB, 0 %, 114.46 W
2026/08/14 06:17:58.239, 0, NVIDIA H200, 118725 MiB, 143771 MiB, 0 %, 114.29 W
2026/08/14 06:17:59.242, 0, NVIDIA H200, 118725 MiB, 143771 MiB, 0 %, 114.48 W
2026/08/14 06:18:00.245, 0, NVIDIA H200, 118725 MiB, 143771 MiB, 0 %, 114.34 W
2026/08/14 06:18:01.248, 0, NVIDIA H200, 118725 MiB, 143771 MiB, 0 %, 114.45 W
2026/08/14 06:18:02.252, 0, NVIDIA H200, 118725 MiB, 143771 MiB, 0 %, 114.38 W
2026/08/14 06:18:03.255, 0, NVIDIA H200, 118725 MiB, 143771 MiB, 0 %, 114.42 W
2026/08/14 06:18:04.259, 0, NVIDIA H200, 118725 MiB, 143771 MiB, 0 %, 114.34 W
2026/08/14 06:18:05.262, 0, NVIDIA H200, 118725 MiB, 143771 MiB, 0 %, 114.40 W
2026/08/14 06:18:06.265, 0, NVIDIA H200, 118725 MiB, 143771 MiB, 0 %, 114.36 W
2026/08/14 06:18:07.269, 0, NVIDIA H200, 118725 MiB, 143771 MiB, 0 %, 114.35 W
2026/08/14 06:18:08.272, 0, NVIDIA H200, 118725 MiB, 143771 MiB, 0 %, 114.39 W
2026/08/14 06:18:09.275, 0, NVIDIA H200, 118725 MiB, 143771 MiB, 0 %, 114.41 W
2026/08/14 06:18:10.279, 0, NVIDIA H200, 118725 MiB, 143771 MiB, 0 %, 114.37 W
2026/08/14 06:18:11.281, 0, NVIDIA H200, 118725 MiB, 143771 MiB, 0 %, 114.43 W
2026/08/14 06:18:12.285, 0, NVIDIA H200, 118725 MiB, 143771 MiB, 0 %, 114.34 W
2026/08/14 06:18:13.288, 0, NVIDIA H200, 118725 MiB, 143771 MiB, 0 %, 114.45 W
2026/08/14 06:18:14.291, 0, NVIDIA H200, 118725 MiB, 143771 MiB, 0 %, 114.32 W
2026/08/14 06:18:15.295, 0, NVIDIA H200, 118725 MiB, 143771 MiB, 0 %, 114.37 W
2026/08/14 06:18:16.297, 0, NVIDIA H200, 118725 MiB, 143771 MiB, 0 %, 114.44 W
2026/08/14 06:18:17.301, 0, NVIDIA H200, 118725 MiB, 143771 MiB, 0 %, 114.38 W
2026/08/14 06:18:18.304, 0, NVIDIA H200, 118725 MiB, 143771 MiB, 0 %, 114.33 W
2026/08/14 06:18:19.314, 0, NVIDIA H200, 118725 MiB, 143771 MiB, 0 %, 114.46 W
2026/08/14 06:18:20.317, 0, NVIDIA H200, 118725 MiB, 143771 MiB, 0 %, 114.31 W
2026/08/14 06:18:21.322, 0, NVIDIA H200, 118725 MiB, 143771 MiB, 0 %, 114.42 W
2026/08/14 06:18:22.325, 0, NVIDIA H200, 118725 MiB, 143771 MiB, 0 %, 114.38 W
2026/08/14 06:18:23.328, 0, NVIDIA H200, 118725 MiB, 143771 MiB, 0 %, 114.44 W
2026/08/14 06:18:24.333, 0, NVIDIA H200, 118725 MiB, 143771 MiB, 0 %, 114.31 W
2026/08/14 06:18:25.337, 0, NVIDIA H200, 118725 MiB, 143771 MiB, 0 %, 114.43 W
2026/08/14 06:18:26.341, 0, NVIDIA H200, 118725 MiB, 143771 MiB, 0 %, 114.32 W
2026/08/14 06:18:27.346, 0, NVIDIA H200, 118725 MiB, 143771 MiB, 0 %, 114.32 W
2026/08/14 06:18:28.350, 0, NVIDIA H200, 118725 MiB, 143771 MiB, 0 %, 114.30 W
2026/08/14 06:18:29.364, 0, NVIDIA H200, 118725 MiB, 143771 MiB, 0 %, 114.42 W
2026/08/14 06:18:30.367, 0, NVIDIA H200, 118725 MiB, 143771 MiB, 0 %, 114.32 W
2026/08/14 06:18:31.371, 0, NVIDIA H200, 118725 MiB, 143771 MiB, 0 %, 114.44 W
2026/08/14 06:18:32.374, 0, NVIDIA H200, 118725 MiB, 143771 MiB, 0 %, 114.27 W
2026/08/14 06:18:33.377, 0, NVIDIA H200, 118725 MiB, 143771 MiB, 0 %, 114.38 W
2026/08/14 06:18:34.381, 0, NVIDIA H200, 118725 MiB, 143771 MiB, 0 %, 114.42 W
2026/08/14 06:18:35.384, 0, NVIDIA H200, 118725 MiB, 143771 MiB, 0 %, 114.43 W
2026/08/14 06:18:36.387, 0, NVIDIA H200, 118725 MiB, 143771 MiB, 0 %, 114.29 W
2026/08/14 06:18:37.398, 0, NVIDIA H200, 118725 MiB, 143771 MiB, 0 %, 114.39 W
2026/08/14 06:18:38.400, 0, NVIDIA H200, 118725 MiB, 143771 MiB, 0 %, 114.25 W
2026/08/14 06:18:39.411, 0, NVIDIA H200, 118725 MiB, 143771 MiB, 0 %, 114.39 W
2026/08/14 06:18:40.414, 0, NVIDIA H200, 118725 MiB, 143771 MiB, 0 %, 114.37 W
2026/08/14 06:18:41.418, 0, NVIDIA H200, 118725 MiB, 143771 MiB, 0 %, 114.27 W
2026/08/14 06:18:42.420, 0, NVIDIA H200, 118725 MiB, 143771 MiB, 0 %, 114.20 W
2026/08/14 06:18:43.424, 0, NVIDIA H200, 118725 MiB, 143771 MiB, 0 %, 114.36 W
2026/08/14 06:18:44.427, 0, NVIDIA H200, 118725 MiB, 143771 MiB, 0 %, 114.39 W
2026/08/14 06:18:45.430, 0, NVIDIA H200, 118725 MiB, 143771 MiB, 0 %, 114.25 W
2026/08/14 06:18:46.434, 0, NVIDIA H200, 118725 MiB, 143771 MiB, 0 %, 114.35 W
2026/08/14 06:18:47.436, 0, NVIDIA H200, 118725 MiB, 143771 MiB, 0 %, 114.36 W
2026/08/14 06:18:48.439, 0, NVIDIA H200, 118725 MiB, 143771 MiB, 0 %, 114.34 W
2026/08/14 06:18:49.443, 0, NVIDIA H200, 118725 MiB, 143771 MiB, 0 %, 114.39 W
2026/08/14 06:18:50.446, 0, NVIDIA H200, 118725 MiB, 143771 MiB, 0 %, 114.33 W
2026/08/14 06:18:51.450, 0, NVIDIA H200, 118725 MiB, 143771 MiB, 0 %, 114.34 W
2026/08/14 06:18:52.453, 0, NVIDIA H200, 118725 MiB, 143771 MiB, 0 %, 114.33 W
2026/08/14 06:18:53.456, 0, NVIDIA H200, 118725 MiB, 143771 MiB, 0 %, 114.26 W
2026/08/14 06:18:54.460, 0, NVIDIA H200, 118725 MiB, 143771 MiB, 0 %, 114.22 W
2026/08/14 06:18:55.463, 0, NVIDIA H200, 118725 MiB, 143771 MiB, 0 %, 114.32 W
2026/08/14 06:18:56.466, 0, NVIDIA H200, 118725 MiB, 143771 MiB, 0 %, 114.30 W
2026/08/14 06:18:57.469, 0, NVIDIA H200, 118725 MiB, 143771 MiB, 0 %, 114.25 W
2026/08/14 06:18:58.472, 0, NVIDIA H200, 118725 MiB, 143771 MiB, 0 %, 114.32 W
2026/08/14 06:18:59.479, 0, NVIDIA H200, 118725 MiB, 143771 MiB, 0 %, 114.35 W
2026/08/14 06:19:00.482, 0, NVIDIA H200, 118725 MiB, 143771 MiB, 0 %, 114.28 W
2026/08/14 06:19:01.486, 0, NVIDIA H200, 118725 MiB, 143771 MiB, 0 %, 114.33 W
2026/08/14 06:19:02.489, 0, NVIDIA H200, 118725 MiB, 143771 MiB, 0 %, 114.35 W
2026/08/14 06:19:03.493, 0, NVIDIA H200, 118725 MiB, 143771 MiB, 0 %, 114.32 W
2026/08/14 06:19:04.496, 0, NVIDIA H200, 118725 MiB, 143771 MiB, 0 %, 114.35 W
2026/08/14 06:19:05.500, 0, NVIDIA H200, 118725 MiB, 143771 MiB, 0 %, 114.35 W
2026/08/14 06:19:06.503, 0, NVIDIA H200, 118725 MiB, 143771 MiB, 0 %, 114.29 W
2026/08/14 06:19:07.506, 0, NVIDIA H200, 118725 MiB, 143771 MiB, 0 %, 114.40 W
2026/08/14 06:19:08.510, 0, NVIDIA H200, 118725 MiB, 143771 MiB, 0 %, 114.33 W
2026/08/14 06:19:09.514, 0, NVIDIA H200, 118725 MiB, 143771 MiB, 0 %, 114.39 W
2026/08/14 06:19:10.518, 0, NVIDIA H200, 118725 MiB, 143771 MiB, 0 %, 114.43 W
2026/08/14 06:19:11.520, 0, NVIDIA H200, 118725 MiB, 143771 MiB, 0 %, 114.38 W
2026/08/14 06:19:12.523, 0, NVIDIA H200, 118725 MiB, 143771 MiB, 0 %, 114.27 W
2026/08/14 06:19:13.527, 0, NVIDIA H200, 118725 MiB, 143771 MiB, 0 %, 114.44 W
2026/08/14 06:19:14.531, 0, NVIDIA H200, 118725 MiB, 143771 MiB, 0 %, 114.36 W
2026/08/14 06:19:15.534, 0, NVIDIA H200, 118725 MiB, 143771 MiB, 0 %, 114.29 W
2026/08/14 06:19:16.538, 0, NVIDIA H200, 118725 MiB, 143771 MiB, 0 %, 114.30 W
2026/08/14 06:19:17.542, 0, NVIDIA H200, 118725 MiB, 143771 MiB, 0 %, 114.23 W
2026/08/14 06:19:18.545, 0, NVIDIA H200, 118725 MiB, 143771 MiB, 0 %, 114.34 W
2026/08/14 06:19:19.548, 0, NVIDIA H200, 118725 MiB, 143771 MiB, 0 %, 114.35 W
2026/08/14 06:19:20.551, 0, NVIDIA H200, 118725 MiB, 143771 MiB, 0 %, 114.31 W
2026/08/14 06:19:21.554, 0, NVIDIA H200, 118725 MiB, 143771 MiB, 0 %, 114.29 W
2026/08/14 06:19:22.557, 0, NVIDIA H200, 118725 MiB, 143771 MiB, 0 %, 114.32 W
2026/08/14 06:19:23.561, 0, NVIDIA H200, 118725 MiB, 143771 MiB, 0 %, 114.38 W
2026/08/14 06:19:24.564, 0, NVIDIA H200, 118725 MiB, 143771 MiB, 0 %, 114.23 W
2026/08/14 06:19:25.567, 0, NVIDIA H200, 118725 MiB, 143771 MiB, 0 %, 114.37 W
2026/08/14 06:19:26.570, 0, NVIDIA H200, 118725 MiB, 143771 MiB, 0 %, 114.27 W
2026/08/14 06:19:27.574, 0, NVIDIA H200, 118725 MiB, 143771 MiB, 0 %, 114.35 W
2026/08/14 06:19:28.577, 0, NVIDIA H200, 118725 MiB, 143771 MiB, 0 %, 114.26 W
2026/08/14 06:19:29.581, 0, NVIDIA H200, 118725 MiB, 143771 MiB, 0 %, 114.31 W
2026/08/14 06:19:30.586, 0, NVIDIA H200, 118725 MiB, 143771 MiB, 0 %, 114.29 W
2026/08/14 06:19:31.589, 0, NVIDIA H200, 118725 MiB, 143771 MiB, 0 %, 114.36 W
2026/08/14 06:19:32.592, 0, NVIDIA H200, 118725 MiB, 143771 MiB, 0 %, 114.30 W
2026/08/14 06:19:33.596, 0, NVIDIA H200, 118725 MiB, 143771 MiB, 0 %, 114.32 W
2026/08/14 06:19:34.599, 0, NVIDIA H200, 118725 MiB, 143771 MiB, 0 %, 114.30 W
2026/08/14 06:19:35.601, 0, NVIDIA H200, 118725 MiB, 143771 MiB, 0 %, 114.15 W
2026/08/14 06:19:36.605, 0, NVIDIA H200, 118725 MiB, 143771 MiB, 0 %, 114.32 W
2026/08/14 06:19:37.607, 0, NVIDIA H200, 118725 MiB, 143771 MiB, 0 %, 114.29 W
2026/08/14 06:19:38.610, 0, NVIDIA H200, 118725 MiB, 143771 MiB, 0 %, 114.35 W
2026/08/14 06:19:39.613, 0, NVIDIA H200, 118725 MiB, 143771 MiB, 0 %, 114.41 W
2026/08/14 06:19:40.616, 0, NVIDIA H200, 118725 MiB, 143771 MiB, 0 %, 114.31 W
2026/08/14 06:19:41.619, 0, NVIDIA H200, 118725 MiB, 143771 MiB, 0 %, 114.33 W
2026/08/14 06:19:42.623, 0, NVIDIA H200, 118725 MiB, 143771 MiB, 0 %, 114.20 W
2026/08/14 06:19:43.626, 0, NVIDIA H200, 118725 MiB, 143771 MiB, 0 %, 114.31 W
2026/08/14 06:19:44.629, 0, NVIDIA H200, 118725 MiB, 143771 MiB, 0 %, 114.30 W
2026/08/14 06:19:45.633, 0, NVIDIA H200, 118725 MiB, 143771 MiB, 0 %, 114.26 W
2026/08/14 06:19:46.636, 0, NVIDIA H200, 118725 MiB, 143771 MiB, 0 %, 114.35 W
2026/08/14 06:19:47.639, 0, NVIDIA H200, 118725 MiB, 143771 MiB, 0 %, 114.16 W
2026/08/14 06:19:48.642, 0, NVIDIA H200, 118725 MiB, 143771 MiB, 0 %, 114.24 W
2026/08/14 06:19:49.645, 0, NVIDIA H200, 118725 MiB, 143771 MiB, 0 %, 114.32 W
2026/08/14 06:19:50.648, 0, NVIDIA H200, 118725 MiB, 143771 MiB, 0 %, 114.25 W
2026/08/14 06:19:51.652, 0, NVIDIA H200, 118725 MiB, 143771 MiB, 0 %, 114.18 W
2026/08/14 06:19:52.655, 0, NVIDIA H200, 118725 MiB, 143771 MiB, 0 %, 114.34 W
2026/08/14 06:19:53.658, 0, NVIDIA H200, 118725 MiB, 143771 MiB, 0 %, 114.23 W
2026/08/14 06:19:54.661, 0, NVIDIA H200, 118725 MiB, 143771 MiB, 0 %, 114.12 W
2026/08/14 06:19:55.664, 0, NVIDIA H200, 118725 MiB, 143771 MiB, 0 %, 114.15 W
2026/08/14 06:19:56.668, 0, NVIDIA H200, 118725 MiB, 143771 MiB, 0 %, 114.17 W
2026/08/14 06:19:57.670, 0, NVIDIA H200, 118725 MiB, 143771 MiB, 0 %, 114.33 W
2026/08/14 06:19:58.673, 0, NVIDIA H200, 118725 MiB, 143771 MiB, 0 %, 114.23 W
2026/08/14 06:19:59.677, 0, NVIDIA H200, 118725 MiB, 143771 MiB, 0 %, 114.29 W
2026/08/14 06:20:00.680, 0, NVIDIA H200, 118725 MiB, 143771 MiB, 0 %, 114.24 W
2026/08/14 06:20:01.684, 0, NVIDIA H200, 118725 MiB, 143771 MiB, 0 %, 114.15 W
2026/08/14 06:20:02.687, 0, NVIDIA H200, 118725 MiB, 143771 MiB, 0 %, 114.18 W
2026/08/14 06:20:03.690, 0, NVIDIA H200, 118725 MiB, 143771 MiB, 0 %, 114.09 W
2026/08/14 06:20:04.693, 0, NVIDIA H200, 118725 MiB, 143771 MiB, 0 %, 114.20 W
2026/08/14 06:20:05.696, 0, NVIDIA H200, 118725 MiB, 143771 MiB, 0 %, 114.19 W
2026/08/14 06:20:06.699, 0, NVIDIA H200, 118725 MiB, 143771 MiB, 0 %, 114.26 W
2026/08/14 06:20:07.701, 0, NVIDIA H200, 118725 MiB, 143771 MiB, 0 %, 114.10 W
2026/08/14 06:20:08.705, 0, NVIDIA H200, 118725 MiB, 143771 MiB, 0 %, 114.18 W
2026/08/14 06:20:09.709, 0, NVIDIA H200, 118725 MiB, 143771 MiB, 0 %, 114.08 W
2026/08/14 06:20:10.713, 0, NVIDIA H200, 118725 MiB, 143771 MiB, 0 %, 114.24 W
2026/08/14 06:20:11.716, 0, NVIDIA H200, 118725 MiB, 143771 MiB, 0 %, 114.27 W
2026/08/14 06:20:12.720, 0, NVIDIA H200, 118725 MiB, 143771 MiB, 0 %, 114.12 W
2026/08/14 06:20:13.725, 0, NVIDIA H200, 118725 MiB, 143771 MiB, 0 %, 114.26 W
2026/08/14 06:20:14.728, 0, NVIDIA H200, 118725 MiB, 143771 MiB, 0 %, 114.14 W
2026/08/14 06:20:15.733, 0, NVIDIA H200, 118725 MiB, 143771 MiB, 0 %, 114.19 W
2026/08/14 06:20:16.736, 0, NVIDIA H200, 118725 MiB, 143771 MiB, 0 %, 114.13 W
2026/08/14 06:20:17.742, 0, NVIDIA H200, 118725 MiB, 143771 MiB, 0 %, 114.29 W
2026/08/14 06:20:18.745, 0, NVIDIA H200, 118725 MiB, 143771 MiB, 0 %, 114.18 W
2026/08/14 06:20:19.751, 0, NVIDIA H200, 118725 MiB, 143771 MiB, 0 %, 114.15 W
2026/08/14 06:20:20.754, 0, NVIDIA H200, 118725 MiB, 143771 MiB, 0 %, 114.19 W
2026/08/14 06:20:21.760, 0, NVIDIA H200, 118725 MiB, 143771 MiB, 0 %, 114.13 W
2026/08/14 06:20:22.763, 0, NVIDIA H200, 118725 MiB, 143771 MiB, 0 %, 114.14 W
2026/08/14 06:20:23.767, 0, NVIDIA H200, 118725 MiB, 143771 MiB, 0 %, 114.11 W
2026/08/14 06:20:24.770, 0, NVIDIA H200, 118725 MiB, 143771 MiB, 0 %, 114.08 W
2026/08/14 06:20:25.773, 0, NVIDIA H200, 118725 MiB, 143771 MiB, 0 %, 114.08 W
2026/08/14 06:20:26.777, 0, NVIDIA H200, 118725 MiB, 143771 MiB, 0 %, 114.05 W
2026/08/14 06:20:27.779, 0, NVIDIA H200, 118725 MiB, 143771 MiB, 0 %, 114.14 W
2026/08/14 06:20:28.783, 0, NVIDIA H200, 118725 MiB, 143771 MiB, 0 %, 114.11 W
2026/08/14 06:20:29.787, 0, NVIDIA H200, 118725 MiB, 143771 MiB, 0 %, 114.11 W
2026/08/14 06:20:30.790, 0, NVIDIA H200, 118725 MiB, 143771 MiB, 0 %, 114.13 W
2026/08/14 06:20:31.794, 0, NVIDIA H200, 118725 MiB, 143771 MiB, 0 %, 114.10 W
2026/08/14 06:20:32.797, 0, NVIDIA H200, 118725 MiB, 143771 MiB, 0 %, 113.99 W
2026/08/14 06:20:33.800, 0, NVIDIA H200, 118725 MiB, 143771 MiB, 0 %, 114.19 W
2026/08/14 06:20:34.803, 0, NVIDIA H200, 118725 MiB, 143771 MiB, 0 %, 114.06 W
2026/08/14 06:20:35.806, 0, NVIDIA H200, 118725 MiB, 143771 MiB, 0 %, 114.10 W
2026/08/14 06:20:36.809, 0, NVIDIA H200, 118725 MiB, 143771 MiB, 0 %, 114.06 W
2026/08/14 06:20:37.813, 0, NVIDIA H200, 118725 MiB, 143771 MiB, 0 %, 114.12 W
2026/08/14 06:20:38.816, 0, NVIDIA H200, 118725 MiB, 143771 MiB, 0 %, 114.15 W
2026/08/14 06:20:39.820, 0, NVIDIA H200, 118725 MiB, 143771 MiB, 0 %, 114.13 W
2026/08/14 06:20:40.823, 0, NVIDIA H200, 118725 MiB, 143771 MiB, 0 %, 114.15 W
2026/08/14 06:20:41.827, 0, NVIDIA H200, 118725 MiB, 143771 MiB, 0 %, 114.03 W
2026/08/14 06:20:42.830, 0, NVIDIA H200, 118725 MiB, 143771 MiB, 0 %, 114.05 W
2026/08/14 06:20:43.834, 0, NVIDIA H200, 118725 MiB, 143771 MiB, 0 %, 114.19 W
2026/08/14 06:20:44.836, 0, NVIDIA H200, 118725 MiB, 143771 MiB, 0 %, 114.03 W
2026/08/14 06:20:45.839, 0, NVIDIA H200, 118725 MiB, 143771 MiB, 0 %, 114.06 W
2026/08/14 06:20:46.843, 0, NVIDIA H200, 118725 MiB, 143771 MiB, 0 %, 114.15 W
2026/08/14 06:20:47.846, 0, NVIDIA H200, 118725 MiB, 143771 MiB, 0 %, 114.10 W
2026/08/14 06:20:48.849, 0, NVIDIA H200, 118725 MiB, 143771 MiB, 0 %, 114.10 W
2026/08/14 06:20:49.852, 0, NVIDIA H200, 118725 MiB, 143771 MiB, 0 %, 114.13 W
2026/08/14 06:20:50.856, 0, NVIDIA H200, 118725 MiB, 143771 MiB, 0 %, 114.07 W
2026/08/14 06:20:51.860, 0, NVIDIA H200, 118725 MiB, 143771 MiB, 0 %, 114.15 W
2026/08/14 06:20:52.863, 0, NVIDIA H200, 118725 MiB, 143771 MiB, 0 %, 114.12 W
2026/08/14 06:20:53.869, 0, NVIDIA H200, 118725 MiB, 143771 MiB, 0 %, 114.17 W
2026/08/14 06:20:54.872, 0, NVIDIA H200, 118725 MiB, 143771 MiB, 0 %, 114.11 W
2026/08/14 06:20:55.878, 0, NVIDIA H200, 118725 MiB, 143771 MiB, 0 %, 114.18 W
2026/08/14 06:20:56.882, 0, NVIDIA H200, 118725 MiB, 143771 MiB, 0 %, 114.13 W
2026/08/14 06:20:57.887, 0, NVIDIA H200, 118725 MiB, 143771 MiB, 0 %, 114.13 W
2026/08/14 06:20:58.890, 0, NVIDIA H200, 118725 MiB, 143771 MiB, 0 %, 114.23 W
2026/08/14 06:20:59.895, 0, NVIDIA H200, 118725 MiB, 143771 MiB, 0 %, 114.04 W
2026/08/14 06:21:00.898, 0, NVIDIA H200, 118725 MiB, 143771 MiB, 0 %, 114.09 W
2026/08/14 06:21:01.902, 0, NVIDIA H200, 118725 MiB, 143771 MiB, 0 %, 114.12 W
2026/08/14 06:21:02.906, 0, NVIDIA H200, 118725 MiB, 143771 MiB, 0 %, 114.04 W
2026/08/14 06:21:03.913, 0, NVIDIA H200, 118725 MiB, 143771 MiB, 0 %, 114.11 W
2026/08/14 06:21:04.916, 0, NVIDIA H200, 118725 MiB, 143771 MiB, 0 %, 114.11 W
2026/08/14 06:21:05.928, 0, NVIDIA H200, 118725 MiB, 143771 MiB, 0 %, 114.08 W
2026/08/14 06:21:06.931, 0, NVIDIA H200, 118725 MiB, 143771 MiB, 0 %, 114.00 W
2026/08/14 06:21:07.934, 0, NVIDIA H200, 118725 MiB, 143771 MiB, 0 %, 114.07 W
2026/08/14 06:21:08.937, 0, NVIDIA H200, 118725 MiB, 143771 MiB, 0 %, 114.07 W
2026/08/14 06:21:09.947, 0, NVIDIA H200, 118725 MiB, 143771 MiB, 0 %, 113.98 W
2026/08/14 06:21:10.951, 0, NVIDIA H200, 118725 MiB, 143771 MiB, 0 %, 114.05 W
2026/08/14 06:21:11.954, 0, NVIDIA H200, 118725 MiB, 143771 MiB, 0 %, 114.02 W
2026/08/14 06:21:12.957, 0, NVIDIA H200, 118725 MiB, 143771 MiB, 0 %, 114.04 W
2026/08/14 06:21:13.961, 0, NVIDIA H200, 118725 MiB, 143771 MiB, 0 %, 114.17 W
2026/08/14 06:21:14.964, 0, NVIDIA H200, 118725 MiB, 143771 MiB, 0 %, 114.12 W
2026/08/14 06:21:15.968, 0, NVIDIA H200, 118725 MiB, 143771 MiB, 0 %, 114.10 W
2026/08/14 06:21:16.972, 0, NVIDIA H200, 118725 MiB, 143771 MiB, 0 %, 114.10 W
2026/08/14 06:21:17.977, 0, NVIDIA H200, 118725 MiB, 143771 MiB, 0 %, 113.97 W
2026/08/14 06:21:18.980, 0, NVIDIA H200, 118725 MiB, 143771 MiB, 0 %, 114.14 W
2026/08/14 06:21:19.984, 0, NVIDIA H200, 118725 MiB, 143771 MiB, 0 %, 114.05 W
2026/08/14 06:21:20.988, 0, NVIDIA H200, 118725 MiB, 143771 MiB, 0 %, 114.02 W
2026/08/14 06:21:21.991, 0, NVIDIA H200, 118725 MiB, 143771 MiB, 0 %, 114.09 W
2026/08/14 06:21:22.994, 0, NVIDIA H200, 118725 MiB, 143771 MiB, 0 %, 114.00 W
2026/08/14 06:21:23.997, 0, NVIDIA H200, 118725 MiB, 143771 MiB, 0 %, 114.08 W
2026/08/14 06:21:25.000, 0, NVIDIA H200, 118725 MiB, 143771 MiB, 0 %, 114.09 W
2026/08/14 06:21:26.007, 0, NVIDIA H200, 118725 MiB, 143771 MiB, 0 %, 114.06 W
2026/08/14 06:21:27.010, 0, NVIDIA H200, 118725 MiB, 143771 MiB, 0 %, 114.20 W
2026/08/14 06:21:28.016, 0, NVIDIA H200, 118725 MiB, 143771 MiB, 0 %, 114.09 W
2026/08/14 06:21:29.019, 0, NVIDIA H200, 118725 MiB, 143771 MiB, 0 %, 114.07 W
2026/08/14 06:21:30.024, 0, NVIDIA H200, 118725 MiB, 143771 MiB, 0 %, 114.10 W
2026/08/14 06:21:31.028, 0, NVIDIA H200, 118725 MiB, 143771 MiB, 0 %, 114.01 W
2026/08/14 06:21:32.033, 0, NVIDIA H200, 118725 MiB, 143771 MiB, 0 %, 114.06 W
2026/08/14 06:21:33.036, 0, NVIDIA H200, 118725 MiB, 143771 MiB, 0 %, 114.03 W
2026/08/14 06:21:34.041, 0, NVIDIA H200, 118725 MiB, 143771 MiB, 0 %, 114.14 W
2026/08/14 06:21:35.044, 0, NVIDIA H200, 118725 MiB, 143771 MiB, 0 %, 114.11 W
2026/08/14 06:21:36.047, 0, NVIDIA H200, 118725 MiB, 143771 MiB, 0 %, 114.01 W
2026/08/14 06:21:37.050, 0, NVIDIA H200, 118725 MiB, 143771 MiB, 0 %, 114.04 W
2026/08/14 06:21:38.054, 0, NVIDIA H200, 118725 MiB, 143771 MiB, 0 %, 114.00 W
2026/08/14 06:21:39.057, 0, NVIDIA H200, 118725 MiB, 143771 MiB, 0 %, 114.13 W
2026/08/14 06:21:40.059, 0, NVIDIA H200, 118725 MiB, 143771 MiB, 0 %, 113.96 W
2026/08/14 06:21:41.062, 0, NVIDIA H200, 118725 MiB, 143771 MiB, 0 %, 114.13 W
2026/08/14 06:21:42.066, 0, NVIDIA H200, 118725 MiB, 143771 MiB, 0 %, 114.06 W
2026/08/14 06:21:43.069, 0, NVIDIA H200, 118725 MiB, 143771 MiB, 0 %, 114.02 W
2026/08/14 06:21:44.073, 0, NVIDIA H200, 118725 MiB, 143771 MiB, 0 %, 114.01 W
2026/08/14 06:21:45.076, 0, NVIDIA H200, 118725 MiB, 143771 MiB, 0 %, 114.00 W
2026/08/14 06:21:46.080, 0, NVIDIA H200, 118725 MiB, 143771 MiB, 0 %, 114.11 W
2026/08/14 06:21:47.083, 0, NVIDIA H200, 118725 MiB, 143771 MiB, 0 %, 114.08 W
2026/08/14 06:21:48.087, 0, NVIDIA H200, 118725 MiB, 143771 MiB, 0 %, 113.95 W
2026/08/14 06:21:49.091, 0, NVIDIA H200, 118725 MiB, 143771 MiB, 0 %, 114.03 W
2026/08/14 06:21:50.094, 0, NVIDIA H200, 118725 MiB, 143771 MiB, 0 %, 114.03 W
2026/08/14 06:21:51.096, 0, NVIDIA H200, 118725 MiB, 143771 MiB, 0 %, 114.04 W
2026/08/14 06:21:52.100, 0, NVIDIA H200, 118725 MiB, 143771 MiB, 0 %, 113.99 W
2026/08/14 06:21:53.103, 0, NVIDIA H200, 118725 MiB, 143771 MiB, 0 %, 114.19 W
2026/08/14 06:21:54.106, 0, NVIDIA H200, 118725 MiB, 143771 MiB, 0 %, 113.98 W
2026/08/14 06:21:55.110, 0, NVIDIA H200, 118725 MiB, 143771 MiB, 0 %, 114.12 W
2026/08/14 06:21:56.113, 0, NVIDIA H200, 118725 MiB, 143771 MiB, 0 %, 113.99 W
2026/08/14 06:21:57.116, 0, NVIDIA H200, 118725 MiB, 143771 MiB, 0 %, 114.00 W
2026/08/14 06:21:58.120, 0, NVIDIA H200, 118725 MiB, 143771 MiB, 0 %, 113.98 W
2026/08/14 06:21:59.123, 0, NVIDIA H200, 118725 MiB, 143771 MiB, 0 %, 114.18 W
2026/08/14 06:22:00.126, 0, NVIDIA H200, 118725 MiB, 143771 MiB, 0 %, 114.04 W
2026/08/14 06:22:01.130, 0, NVIDIA H200, 118725 MiB, 143771 MiB, 0 %, 114.17 W
2026/08/14 06:22:02.132, 0, NVIDIA H200, 118725 MiB, 143771 MiB, 0 %, 113.96 W
2026/08/14 06:22:03.136, 0, NVIDIA H200, 118725 MiB, 143771 MiB, 0 %, 113.98 W
2026/08/14 06:22:04.140, 0, NVIDIA H200, 118725 MiB, 143771 MiB, 0 %, 114.08 W
2026/08/14 06:22:05.144, 0, NVIDIA H200, 118725 MiB, 143771 MiB, 0 %, 114.08 W
2026/08/14 06:22:06.147, 0, NVIDIA H200, 118725 MiB, 143771 MiB, 0 %, 114.10 W
2026/08/14 06:22:07.151, 0, NVIDIA H200, 118725 MiB, 143771 MiB, 0 %, 114.10 W
2026/08/14 06:22:08.157, 0, NVIDIA H200, 118725 MiB, 143771 MiB, 0 %, 114.06 W
2026/08/14 06:22:09.160, 0, NVIDIA H200, 118725 MiB, 143771 MiB, 0 %, 114.12 W
2026/08/14 06:22:10.166, 0, NVIDIA H200, 118725 MiB, 143771 MiB, 0 %, 113.99 W
2026/08/14 06:22:11.170, 0, NVIDIA H200, 118725 MiB, 143771 MiB, 0 %, 114.18 W
2026/08/14 06:22:12.176, 0, NVIDIA H200, 118725 MiB, 143771 MiB, 0 %, 113.96 W
2026/08/14 06:22:13.179, 0, NVIDIA H200, 118725 MiB, 143771 MiB, 0 %, 114.08 W
2026/08/14 06:22:14.184, 0, NVIDIA H200, 118725 MiB, 143771 MiB, 0 %, 114.10 W
2026/08/14 06:22:15.188, 0, NVIDIA H200, 118725 MiB, 143771 MiB, 0 %, 114.05 W
2026/08/14 06:22:16.190, 0, NVIDIA H200, 118725 MiB, 143771 MiB, 0 %, 114.02 W
2026/08/14 06:22:17.194, 0, NVIDIA H200, 118725 MiB, 143771 MiB, 0 %, 114.10 W
2026/08/14 06:22:18.197, 0, NVIDIA H200, 118725 MiB, 143771 MiB, 0 %, 113.99 W
2026/08/14 06:22:19.200, 0, NVIDIA H200, 118725 MiB, 143771 MiB, 0 %, 114.10 W
2026/08/14 06:22:20.203, 0, NVIDIA H200, 118725 MiB, 143771 MiB, 0 %, 114.05 W
2026/08/14 06:22:21.206, 0, NVIDIA H200, 118725 MiB, 143771 MiB, 0 %, 114.04 W
2026/08/14 06:22:22.210, 0, NVIDIA H200, 118725 MiB, 143771 MiB, 0 %, 114.04 W
2026/08/14 06:22:23.213, 0, NVIDIA H200, 118725 MiB, 143771 MiB, 0 %, 114.06 W
2026/08/14 06:22:24.216, 0, NVIDIA H200, 118725 MiB, 143771 MiB, 0 %, 114.11 W
2026/08/14 06:22:25.219, 0, NVIDIA H200, 118725 MiB, 143771 MiB, 0 %, 114.21 W
2026/08/14 06:22:26.222, 0, NVIDIA H200, 118725 MiB, 143771 MiB, 0 %, 114.06 W
2026/08/14 06:22:27.225, 0, NVIDIA H200, 118725 MiB, 143771 MiB, 0 %, 114.01 W
2026/08/14 06:22:28.229, 0, NVIDIA H200, 118725 MiB, 143771 MiB, 0 %, 114.13 W
2026/08/14 06:22:29.232, 0, NVIDIA H200, 118725 MiB, 143771 MiB, 0 %, 114.02 W
2026/08/14 06:22:30.236, 0, NVIDIA H200, 118725 MiB, 143771 MiB, 0 %, 113.99 W
2026/08/14 06:22:31.238, 0, NVIDIA H200, 118725 MiB, 143771 MiB, 0 %, 114.11 W
2026/08/14 06:22:32.242, 0, NVIDIA H200, 118725 MiB, 143771 MiB, 0 %, 114.06 W
2026/08/14 06:22:33.245, 0, NVIDIA H200, 118725 MiB, 143771 MiB, 0 %, 114.04 W
2026/08/14 06:22:34.248, 0, NVIDIA H200, 118725 MiB, 143771 MiB, 0 %, 114.03 W
2026/08/14 06:22:35.250, 0, NVIDIA H200, 118725 MiB, 143771 MiB, 0 %, 114.09 W
2026/08/14 06:22:36.255, 0, NVIDIA H200, 118725 MiB, 143771 MiB, 0 %, 114.09 W
2026/08/14 06:22:37.257, 0, NVIDIA H200, 118725 MiB, 143771 MiB, 0 %, 114.08 W
2026/08/14 06:22:38.261, 0, NVIDIA H200, 118725 MiB, 143771 MiB, 0 %, 114.05 W
2026/08/14 06:22:39.265, 0, NVIDIA H200, 118725 MiB, 143771 MiB, 0 %, 114.06 W
2026/08/14 06:22:40.269, 0, NVIDIA H200, 118725 MiB, 143771 MiB, 0 %, 114.05 W
2026/08/14 06:22:41.271, 0, NVIDIA H200, 118725 MiB, 143771 MiB, 0 %, 114.05 W
2026/08/14 06:22:42.274, 0, NVIDIA H200, 118725 MiB, 143771 MiB, 0 %, 113.99 W
2026/08/14 06:22:43.277, 0, NVIDIA H200, 118725 MiB, 143771 MiB, 0 %, 114.07 W
2026/08/14 06:22:44.280, 0, NVIDIA H200, 118725 MiB, 143771 MiB, 0 %, 114.07 W
2026/08/14 06:22:45.283, 0, NVIDIA H200, 118725 MiB, 143771 MiB, 0 %, 114.02 W
2026/08/14 06:22:46.286, 0, NVIDIA H200, 118725 MiB, 143771 MiB, 0 %, 114.03 W
2026/08/14 06:22:47.289, 0, NVIDIA H200, 118725 MiB, 143771 MiB, 0 %, 114.10 W
2026/08/14 06:22:48.292, 0, NVIDIA H200, 118725 MiB, 143771 MiB, 0 %, 114.12 W
2026/08/14 06:22:49.296, 0, NVIDIA H200, 118725 MiB, 143771 MiB, 0 %, 114.02 W
2026/08/14 06:22:50.298, 0, NVIDIA H200, 118725 MiB, 143771 MiB, 0 %, 114.06 W
2026/08/14 06:22:51.303, 0, NVIDIA H200, 118725 MiB, 143771 MiB, 0 %, 114.04 W
2026/08/14 06:22:52.307, 0, NVIDIA H200, 118725 MiB, 143771 MiB, 0 %, 114.05 W
2026/08/14 06:22:53.311, 0, NVIDIA H200, 118725 MiB, 143771 MiB, 0 %, 113.97 W
2026/08/14 06:22:54.315, 0, NVIDIA H200, 118725 MiB, 143771 MiB, 0 %, 114.05 W
2026/08/14 06:22:55.319, 0, NVIDIA H200, 118725 MiB, 143771 MiB, 0 %, 114.16 W
2026/08/14 06:22:56.323, 0, NVIDIA H200, 118725 MiB, 143771 MiB, 0 %, 113.96 W
2026/08/14 06:22:57.327, 0, NVIDIA H200, 118725 MiB, 143771 MiB, 0 %, 114.15 W
2026/08/14 06:22:58.331, 0, NVIDIA H200, 118725 MiB, 143771 MiB, 0 %, 114.15 W
2026/08/14 06:22:59.341, 0, NVIDIA H200, 118725 MiB, 143771 MiB, 0 %, 114.08 W
2026/08/14 06:23:00.344, 0, NVIDIA H200, 118725 MiB, 143771 MiB, 0 %, 114.05 W
2026/08/14 06:23:01.359, 0, NVIDIA H200, 118725 MiB, 143771 MiB, 0 %, 114.08 W
2026/08/14 06:23:02.363, 0, NVIDIA H200, 118725 MiB, 143771 MiB, 0 %, 113.97 W
2026/08/14 06:23:03.366, 0, NVIDIA H200, 118725 MiB, 143771 MiB, 0 %, 114.11 W
2026/08/14 06:23:04.369, 0, NVIDIA H200, 118725 MiB, 143771 MiB, 0 %, 114.08 W
2026/08/14 06:23:05.374, 0, NVIDIA H200, 118725 MiB, 143771 MiB, 0 %, 114.12 W
2026/08/14 06:23:06.378, 0, NVIDIA H200, 118725 MiB, 143771 MiB, 0 %, 113.97 W
2026/08/14 06:23:07.385, 0, NVIDIA H200, 118725 MiB, 143771 MiB, 0 %, 114.11 W
2026/08/14 06:23:08.388, 0, NVIDIA H200, 118725 MiB, 143771 MiB, 0 %, 114.02 W
2026/08/14 06:23:09.398, 0, NVIDIA H200, 118725 MiB, 143771 MiB, 0 %, 114.08 W
2026/08/14 06:23:10.401, 0, NVIDIA H200, 118725 MiB, 143771 MiB, 0 %, 114.03 W
2026/08/14 06:23:11.405, 0, NVIDIA H200, 118725 MiB, 143771 MiB, 0 %, 114.04 W
2026/08/14 06:23:12.408, 0, NVIDIA H200, 118725 MiB, 143771 MiB, 0 %, 114.01 W
2026/08/14 06:23:13.414, 0, NVIDIA H200, 118725 MiB, 143771 MiB, 0 %, 114.05 W
2026/08/14 06:23:14.416, 0, NVIDIA H200, 118725 MiB, 143771 MiB, 0 %, 114.09 W
2026/08/14 06:23:15.419, 0, NVIDIA H200, 118725 MiB, 143771 MiB, 0 %, 114.06 W
2026/08/14 06:23:16.421, 0, NVIDIA H200, 118725 MiB, 143771 MiB, 0 %, 114.11 W
2026/08/14 06:23:17.425, 0, NVIDIA H200, 118725 MiB, 143771 MiB, 0 %, 113.94 W
2026/08/14 06:23:18.428, 0, NVIDIA H200, 118725 MiB, 143771 MiB, 0 %, 114.05 W
2026/08/14 06:23:19.443, 0, NVIDIA H200, 118725 MiB, 143771 MiB, 0 %, 114.14 W
2026/08/14 06:23:20.447, 0, NVIDIA H200, 118725 MiB, 143771 MiB, 0 %, 114.15 W
2026/08/14 06:23:21.451, 0, NVIDIA H200, 118725 MiB, 143771 MiB, 0 %, 114.00 W
2026/08/14 06:23:22.453, 0, NVIDIA H200, 118725 MiB, 143771 MiB, 0 %, 113.97 W
2026/08/14 06:23:23.456, 0, NVIDIA H200, 118725 MiB, 143771 MiB, 0 %, 114.11 W
2026/08/14 06:23:24.459, 0, NVIDIA H200, 118725 MiB, 143771 MiB, 0 %, 114.02 W
2026/08/14 06:23:25.463, 0, NVIDIA H200, 118725 MiB, 143771 MiB, 0 %, 113.99 W
2026/08/14 06:23:26.466, 0, NVIDIA H200, 118725 MiB, 143771 MiB, 0 %, 114.11 W
2026/08/14 06:23:27.469, 0, NVIDIA H200, 118725 MiB, 143771 MiB, 0 %, 114.10 W
2026/08/14 06:23:28.472, 0, NVIDIA H200, 118725 MiB, 143771 MiB, 0 %, 113.96 W
2026/08/14 06:23:29.476, 0, NVIDIA H200, 118725 MiB, 143771 MiB, 0 %, 114.03 W
2026/08/14 06:23:30.479, 0, NVIDIA H200, 118725 MiB, 143771 MiB, 0 %, 114.00 W
2026/08/14 06:23:31.482, 0, NVIDIA H200, 118725 MiB, 143771 MiB, 0 %, 114.11 W
2026/08/14 06:23:32.485, 0, NVIDIA H200, 118725 MiB, 143771 MiB, 0 %, 113.98 W
2026/08/14 06:23:33.488, 0, NVIDIA H200, 118725 MiB, 143771 MiB, 0 %, 114.06 W
2026/08/14 06:23:34.492, 0, NVIDIA H200, 118725 MiB, 143771 MiB, 0 %, 113.97 W
2026/08/14 06:23:35.494, 0, NVIDIA H200, 118725 MiB, 143771 MiB, 0 %, 114.10 W
2026/08/14 06:23:36.497, 0, NVIDIA H200, 118725 MiB, 143771 MiB, 0 %, 113.97 W
2026/08/14 06:23:37.500, 0, NVIDIA H200, 118725 MiB, 143771 MiB, 0 %, 114.03 W
2026/08/14 06:23:38.503, 0, NVIDIA H200, 118725 MiB, 143771 MiB, 0 %, 114.00 W
2026/08/14 06:23:39.506, 0, NVIDIA H200, 118725 MiB, 143771 MiB, 0 %, 114.03 W
2026/08/14 06:23:40.510, 0, NVIDIA H200, 118725 MiB, 143771 MiB, 0 %, 114.02 W
2026/08/14 06:23:41.513, 0, NVIDIA H200, 118725 MiB, 143771 MiB, 0 %, 114.06 W
2026/08/14 06:23:42.517, 0, NVIDIA H200, 118725 MiB, 143771 MiB, 0 %, 114.08 W
2026/08/14 06:23:43.520, 0, NVIDIA H200, 118725 MiB, 143771 MiB, 0 %, 114.01 W
2026/08/14 06:23:44.523, 0, NVIDIA H200, 118725 MiB, 143771 MiB, 0 %, 113.97 W
2026/08/14 06:23:45.527, 0, NVIDIA H200, 118725 MiB, 143771 MiB, 0 %, 114.06 W
2026/08/14 06:23:46.530, 0, NVIDIA H200, 118725 MiB, 143771 MiB, 0 %, 114.05 W
2026/08/14 06:23:47.534, 0, NVIDIA H200, 118725 MiB, 143771 MiB, 0 %, 114.07 W
2026/08/14 06:23:48.537, 0, NVIDIA H200, 118725 MiB, 143771 MiB, 0 %, 113.95 W
2026/08/14 06:23:49.541, 0, NVIDIA H200, 118725 MiB, 143771 MiB, 0 %, 114.17 W
2026/08/14 06:23:50.544, 0, NVIDIA H200, 118725 MiB, 143771 MiB, 0 %, 114.02 W
2026/08/14 06:23:51.548, 0, NVIDIA H200, 118725 MiB, 143771 MiB, 0 %, 114.00 W
2026/08/14 06:23:52.550, 0, NVIDIA H200, 118725 MiB, 143771 MiB, 0 %, 114.07 W
2026/08/14 06:23:53.554, 0, NVIDIA H200, 118725 MiB, 143771 MiB, 0 %, 114.02 W
2026/08/14 06:23:54.557, 0, NVIDIA H200, 118725 MiB, 143771 MiB, 0 %, 114.08 W
2026/08/14 06:23:55.560, 0, NVIDIA H200, 118725 MiB, 143771 MiB, 0 %, 114.01 W
2026/08/14 06:23:56.563, 0, NVIDIA H200, 118725 MiB, 143771 MiB, 0 %, 114.07 W
2026/08/14 06:23:57.566, 0, NVIDIA H200, 118725 MiB, 143771 MiB, 0 %, 114.05 W
2026/08/14 06:23:58.569, 0, NVIDIA H200, 118725 MiB, 143771 MiB, 0 %, 114.19 W
2026/08/14 06:23:59.574, 0, NVIDIA H200, 118725 MiB, 143771 MiB, 0 %, 114.09 W
2026/08/14 06:24:00.581, 0, NVIDIA H200, 118725 MiB, 143771 MiB, 0 %, 114.10 W
2026/08/14 06:24:01.584, 0, NVIDIA H200, 118725 MiB, 143771 MiB, 0 %, 114.05 W
2026/08/14 06:24:02.588, 0, NVIDIA H200, 118725 MiB, 143771 MiB, 0 %, 114.05 W
2026/08/14 06:24:03.590, 0, NVIDIA H200, 118725 MiB, 143771 MiB, 0 %, 114.04 W
2026/08/14 06:24:04.592, 0, NVIDIA H200, 118725 MiB, 143771 MiB, 0 %, 114.06 W
2026/08/14 06:24:05.596, 0, NVIDIA H200, 118725 MiB, 143771 MiB, 0 %, 114.07 W
2026/08/14 06:24:06.600, 0, NVIDIA H200, 118725 MiB, 143771 MiB, 0 %, 113.95 W
2026/08/14 06:24:07.602, 0, NVIDIA H200, 118725 MiB, 143771 MiB, 0 %, 114.04 W
2026/08/14 06:24:08.606, 0, NVIDIA H200, 118725 MiB, 143771 MiB, 0 %, 114.08 W
2026/08/14 06:24:09.609, 0, NVIDIA H200, 118725 MiB, 143771 MiB, 0 %, 114.13 W
2026/08/14 06:24:10.612, 0, NVIDIA H200, 118725 MiB, 143771 MiB, 0 %, 114.07 W
2026/08/14 06:24:11.615, 0, NVIDIA H200, 118725 MiB, 143771 MiB, 0 %, 114.04 W
2026/08/14 06:24:12.617, 0, NVIDIA H200, 118725 MiB, 143771 MiB, 0 %, 114.01 W
2026/08/14 06:24:13.620, 0, NVIDIA H200, 118725 MiB, 143771 MiB, 0 %, 114.09 W
2026/08/14 06:24:14.624, 0, NVIDIA H200, 118725 MiB, 143771 MiB, 0 %, 114.04 W
2026/08/14 06:24:15.627, 0, NVIDIA H200, 118725 MiB, 143771 MiB, 0 %, 114.01 W
2026/08/14 06:24:16.630, 0, NVIDIA H200, 118725 MiB, 143771 MiB, 0 %, 113.93 W
2026/08/14 06:24:17.634, 0, NVIDIA H200, 118725 MiB, 143771 MiB, 0 %, 114.10 W
2026/08/14 06:24:18.637, 0, NVIDIA H200, 118725 MiB, 143771 MiB, 0 %, 114.06 W
2026/08/14 06:24:19.640, 0, NVIDIA H200, 118725 MiB, 143771 MiB, 0 %, 114.07 W
2026/08/14 06:24:20.643, 0, NVIDIA H200, 118725 MiB, 143771 MiB, 0 %, 114.10 W
2026/08/14 06:24:21.646, 0, NVIDIA H200, 118725 MiB, 143771 MiB, 0 %, 114.01 W
2026/08/14 06:24:22.649, 0, NVIDIA H200, 118725 MiB, 143771 MiB, 0 %, 113.92 W
2026/08/14 06:24:23.652, 0, NVIDIA H200, 118725 MiB, 143771 MiB, 0 %, 114.02 W
2026/08/14 06:24:24.654, 0, NVIDIA H200, 118725 MiB, 143771 MiB, 0 %, 114.04 W
2026/08/14 06:24:25.658, 0, NVIDIA H200, 118725 MiB, 143771 MiB, 0 %, 114.13 W
2026/08/14 06:24:26.661, 0, NVIDIA H200, 118725 MiB, 143771 MiB, 0 %, 113.96 W
2026/08/14 06:24:27.663, 0, NVIDIA H200, 118725 MiB, 143771 MiB, 0 %, 114.02 W
2026/08/14 06:24:28.667, 0, NVIDIA H200, 118725 MiB, 143771 MiB, 0 %, 114.11 W
2026/08/14 06:24:29.670, 0, NVIDIA H200, 118725 MiB, 143771 MiB, 0 %, 114.08 W
2026/08/14 06:24:30.674, 0, NVIDIA H200, 118725 MiB, 143771 MiB, 0 %, 114.04 W
2026/08/14 06:24:31.676, 0, NVIDIA H200, 118725 MiB, 143771 MiB, 0 %, 114.13 W
2026/08/14 06:24:32.679, 0, NVIDIA H200, 118725 MiB, 143771 MiB, 0 %, 113.96 W
2026/08/14 06:24:33.683, 0, NVIDIA H200, 118725 MiB, 143771 MiB, 0 %, 114.09 W
2026/08/14 06:24:34.686, 0, NVIDIA H200, 118725 MiB, 143771 MiB, 0 %, 114.06 W
2026/08/14 06:24:35.689, 0, NVIDIA H200, 118725 MiB, 143771 MiB, 0 %, 114.04 W
2026/08/14 06:24:36.693, 0, NVIDIA H200, 118725 MiB, 143771 MiB, 0 %, 114.07 W
2026/08/14 06:24:37.696, 0, NVIDIA H200, 118725 MiB, 143771 MiB, 0 %, 114.09 W
2026/08/14 06:24:38.700, 0, NVIDIA H200, 118725 MiB, 143771 MiB, 0 %, 113.99 W
2026/08/14 06:24:39.703, 0, NVIDIA H200, 118725 MiB, 143771 MiB, 0 %, 114.01 W
2026/08/14 06:24:40.705, 0, NVIDIA H200, 118725 MiB, 143771 MiB, 0 %, 114.05 W
2026/08/14 06:24:41.709, 0, NVIDIA H200, 118725 MiB, 143771 MiB, 0 %, 114.05 W
2026/08/14 06:24:42.712, 0, NVIDIA H200, 118725 MiB, 143771 MiB, 0 %, 113.99 W
2026/08/14 06:24:43.715, 0, NVIDIA H200, 118725 MiB, 143771 MiB, 0 %, 114.11 W
2026/08/14 06:24:44.718, 0, NVIDIA H200, 118725 MiB, 143771 MiB, 0 %, 113.99 W
2026/08/14 06:24:45.721, 0, NVIDIA H200, 118725 MiB, 143771 MiB, 0 %, 114.09 W
2026/08/14 06:24:46.724, 0, NVIDIA H200, 118725 MiB, 143771 MiB, 0 %, 114.14 W
2026/08/14 06:24:47.729, 0, NVIDIA H200, 118725 MiB, 143771 MiB, 0 %, 114.07 W
2026/08/14 06:24:48.733, 0, NVIDIA H200, 118725 MiB, 143771 MiB, 0 %, 114.02 W
2026/08/14 06:24:49.741, 0, NVIDIA H200, 118725 MiB, 143771 MiB, 0 %, 114.07 W
2026/08/14 06:24:50.744, 0, NVIDIA H200, 118725 MiB, 143771 MiB, 0 %, 114.01 W
2026/08/14 06:24:51.749, 0, NVIDIA H200, 118725 MiB, 143771 MiB, 0 %, 114.01 W
2026/08/14 06:24:52.751, 0, NVIDIA H200, 118725 MiB, 143771 MiB, 0 %, 113.98 W
2026/08/14 06:24:53.756, 0, NVIDIA H200, 118725 MiB, 143771 MiB, 0 %, 113.97 W
2026/08/14 06:24:54.759, 0, NVIDIA H200, 118725 MiB, 143771 MiB, 0 %, 113.97 W
2026/08/14 06:24:55.763, 0, NVIDIA H200, 118725 MiB, 143771 MiB, 0 %, 114.05 W
2026/08/14 06:24:56.766, 0, NVIDIA H200, 118725 MiB, 143771 MiB, 0 %, 113.91 W
2026/08/14 06:24:57.769, 0, NVIDIA H200, 118725 MiB, 143771 MiB, 0 %, 114.14 W
2026/08/14 06:24:58.772, 0, NVIDIA H200, 118725 MiB, 143771 MiB, 0 %, 114.00 W
2026/08/14 06:24:59.776, 0, NVIDIA H200, 118725 MiB, 143771 MiB, 0 %, 113.96 W
2026/08/14 06:25:00.779, 0, NVIDIA H200, 118725 MiB, 143771 MiB, 0 %, 114.00 W
2026/08/14 06:25:01.782, 0, NVIDIA H200, 118725 MiB, 143771 MiB, 0 %, 114.06 W
2026/08/14 06:25:02.785, 0, NVIDIA H200, 118725 MiB, 143771 MiB, 0 %, 113.99 W
2026/08/14 06:25:03.788, 0, NVIDIA H200, 118725 MiB, 143771 MiB, 0 %, 114.08 W
2026/08/14 06:25:04.791, 0, NVIDIA H200, 118725 MiB, 143771 MiB, 0 %, 113.99 W
2026/08/14 06:25:05.794, 0, NVIDIA H200, 118725 MiB, 143771 MiB, 0 %, 114.03 W
2026/08/14 06:25:06.796, 0, NVIDIA H200, 118725 MiB, 143771 MiB, 0 %, 114.04 W
2026/08/14 06:25:07.801, 0, NVIDIA H200, 118725 MiB, 143771 MiB, 0 %, 114.29 W
2026/08/14 06:25:08.803, 0, NVIDIA H200, 118725 MiB, 143771 MiB, 0 %, 114.14 W
2026/08/14 06:25:09.806, 0, NVIDIA H200, 118725 MiB, 143771 MiB, 0 %, 114.08 W
2026/08/14 06:25:10.810, 0, NVIDIA H200, 118725 MiB, 143771 MiB, 0 %, 114.00 W
2026/08/14 06:25:11.813, 0, NVIDIA H200, 118725 MiB, 143771 MiB, 0 %, 113.97 W
2026/08/14 06:25:12.815, 0, NVIDIA H200, 118725 MiB, 143771 MiB, 0 %, 113.97 W
2026/08/14 06:25:13.819, 0, NVIDIA H200, 118725 MiB, 143771 MiB, 0 %, 114.08 W
2026/08/14 06:25:14.821, 0, NVIDIA H200, 118725 MiB, 143771 MiB, 0 %, 114.02 W
2026/08/14 06:25:15.825, 0, NVIDIA H200, 118725 MiB, 143771 MiB, 0 %, 114.03 W
2026/08/14 06:25:16.828, 0, NVIDIA H200, 118725 MiB, 143771 MiB, 0 %, 114.11 W
2026/08/14 06:25:17.832, 0, NVIDIA H200, 118725 MiB, 143771 MiB, 0 %, 114.06 W
2026/08/14 06:25:18.836, 0, NVIDIA H200, 118725 MiB, 143771 MiB, 0 %, 114.07 W
2026/08/14 06:25:19.841, 0, NVIDIA H200, 118725 MiB, 143771 MiB, 0 %, 114.03 W
2026/08/14 06:25:20.846, 0, NVIDIA H200, 118725 MiB, 143771 MiB, 0 %, 114.07 W
2026/08/14 06:25:21.848, 0, NVIDIA H200, 118725 MiB, 143771 MiB, 0 %, 114.10 W
2026/08/14 06:25:22.851, 0, NVIDIA H200, 118725 MiB, 143771 MiB, 0 %, 114.10 W
2026/08/14 06:25:23.854, 0, NVIDIA H200, 118725 MiB, 143771 MiB, 0 %, 114.17 W
2026/08/14 06:25:24.857, 0, NVIDIA H200, 118725 MiB, 143771 MiB, 0 %, 114.06 W
2026/08/14 06:25:25.861, 0, NVIDIA H200, 118725 MiB, 143771 MiB, 0 %, 114.11 W
2026/08/14 06:25:26.865, 0, NVIDIA H200, 118725 MiB, 143771 MiB, 0 %, 114.05 W
2026/08/14 06:25:27.876, 0, NVIDIA H200, 118725 MiB, 143771 MiB, 0 %, 114.16 W
2026/08/14 06:25:28.880, 0, NVIDIA H200, 118725 MiB, 143771 MiB, 0 %, 114.10 W
2026/08/14 06:25:29.883, 0, NVIDIA H200, 118725 MiB, 143771 MiB, 0 %, 114.17 W
2026/08/14 06:25:30.887, 0, NVIDIA H200, 118725 MiB, 143771 MiB, 0 %, 114.17 W
2026/08/14 06:25:31.893, 0, NVIDIA H200, 118725 MiB, 143771 MiB, 0 %, 114.23 W
2026/08/14 06:25:32.897, 0, NVIDIA H200, 118725 MiB, 143771 MiB, 0 %, 114.17 W
2026/08/14 06:25:33.902, 0, NVIDIA H200, 118725 MiB, 143771 MiB, 0 %, 114.15 W
2026/08/14 06:25:34.904, 0, NVIDIA H200, 118725 MiB, 143771 MiB, 0 %, 114.20 W
2026/08/14 06:25:35.911, 0, NVIDIA H200, 118725 MiB, 143771 MiB, 0 %, 114.04 W
2026/08/14 06:25:36.914, 0, NVIDIA H200, 118725 MiB, 143771 MiB, 0 %, 114.16 W
2026/08/14 06:25:37.931, 0, NVIDIA H200, 118725 MiB, 143771 MiB, 0 %, 114.23 W
2026/08/14 06:25:38.934, 0, NVIDIA H200, 118725 MiB, 143771 MiB, 0 %, 114.17 W
2026/08/14 06:25:39.940, 0, NVIDIA H200, 118725 MiB, 143771 MiB, 0 %, 114.18 W
2026/08/14 06:25:40.944, 0, NVIDIA H200, 118725 MiB, 143771 MiB, 0 %, 114.13 W
2026/08/14 06:25:41.947, 0, NVIDIA H200, 118725 MiB, 143771 MiB, 0 %, 114.16 W
2026/08/14 06:25:42.952, 0, NVIDIA H200, 118725 MiB, 143771 MiB, 0 %, 114.20 W
2026/08/14 06:25:43.955, 0, NVIDIA H200, 118725 MiB, 143771 MiB, 0 %, 114.19 W
2026/08/14 06:25:44.958, 0, NVIDIA H200, 118725 MiB, 143771 MiB, 0 %, 114.25 W
2026/08/14 06:25:45.962, 0, NVIDIA H200, 118725 MiB, 143771 MiB, 0 %, 114.15 W
2026/08/14 06:25:46.965, 0, NVIDIA H200, 118725 MiB, 143771 MiB, 0 %, 114.10 W
2026/08/14 06:25:47.969, 0, NVIDIA H200, 118725 MiB, 143771 MiB, 0 %, 114.26 W
2026/08/14 06:25:48.971, 0, NVIDIA H200, 118725 MiB, 143771 MiB, 0 %, 114.15 W
2026/08/14 06:25:49.975, 0, NVIDIA H200, 118725 MiB, 143771 MiB, 0 %, 114.21 W
2026/08/14 06:25:50.978, 0, NVIDIA H200, 118725 MiB, 143771 MiB, 0 %, 114.16 W
2026/08/14 06:25:51.982, 0, NVIDIA H200, 118725 MiB, 143771 MiB, 0 %, 114.14 W
2026/08/14 06:25:52.986, 0, NVIDIA H200, 118725 MiB, 143771 MiB, 0 %, 114.13 W
2026/08/14 06:25:53.989, 0, NVIDIA H200, 118725 MiB, 143771 MiB, 0 %, 114.12 W
2026/08/14 06:25:54.992, 0, NVIDIA H200, 118725 MiB, 143771 MiB, 0 %, 114.24 W
2026/08/14 06:25:55.996, 0, NVIDIA H200, 118725 MiB, 143771 MiB, 0 %, 114.21 W
2026/08/14 06:25:56.999, 0, NVIDIA H200, 118725 MiB, 143771 MiB, 0 %, 114.14 W
2026/08/14 06:25:58.004, 0, NVIDIA H200, 118725 MiB, 143771 MiB, 0 %, 114.21 W
2026/08/14 06:25:59.008, 0, NVIDIA H200, 118725 MiB, 143771 MiB, 0 %, 114.18 W
2026/08/14 06:26:00.012, 0, NVIDIA H200, 118725 MiB, 143771 MiB, 0 %, 114.09 W
2026/08/14 06:26:01.015, 0, NVIDIA H200, 118725 MiB, 143771 MiB, 0 %, 114.04 W
2026/08/14 06:26:02.020, 0, NVIDIA H200, 118725 MiB, 143771 MiB, 0 %, 114.06 W
2026/08/14 06:26:03.023, 0, NVIDIA H200, 118725 MiB, 143771 MiB, 0 %, 114.03 W
2026/08/14 06:26:04.028, 0, NVIDIA H200, 118725 MiB, 143771 MiB, 0 %, 114.04 W
2026/08/14 06:26:05.030, 0, NVIDIA H200, 118725 MiB, 143771 MiB, 0 %, 114.03 W
2026/08/14 06:26:06.044, 0, NVIDIA H200, 118725 MiB, 143771 MiB, 0 %, 114.10 W
2026/08/14 06:26:07.048, 0, NVIDIA H200, 118725 MiB, 143771 MiB, 0 %, 114.14 W
2026/08/14 06:26:08.053, 0, NVIDIA H200, 118725 MiB, 143771 MiB, 0 %, 114.05 W
2026/08/14 06:26:09.056, 0, NVIDIA H200, 118725 MiB, 143771 MiB, 0 %, 114.08 W
2026/08/14 06:26:10.059, 0, NVIDIA H200, 118725 MiB, 143771 MiB, 0 %, 114.20 W
2026/08/14 06:26:11.063, 0, NVIDIA H200, 118725 MiB, 143771 MiB, 0 %, 114.16 W
2026/08/14 06:26:12.065, 0, NVIDIA H200, 118725 MiB, 143771 MiB, 0 %, 114.09 W
2026/08/14 06:26:13.069, 0, NVIDIA H200, 118725 MiB, 143771 MiB, 0 %, 114.21 W
2026/08/14 06:26:14.071, 0, NVIDIA H200, 118725 MiB, 143771 MiB, 0 %, 114.17 W
2026/08/14 06:26:15.074, 0, NVIDIA H200, 118725 MiB, 143771 MiB, 0 %, 114.14 W
2026/08/14 06:26:16.078, 0, NVIDIA H200, 118725 MiB, 143771 MiB, 0 %, 114.04 W
2026/08/14 06:26:17.081, 0, NVIDIA H200, 118725 MiB, 143771 MiB, 0 %, 114.15 W
2026/08/14 06:26:18.084, 0, NVIDIA H200, 118725 MiB, 143771 MiB, 0 %, 113.97 W
2026/08/14 06:26:19.088, 0, NVIDIA H200, 118725 MiB, 143771 MiB, 0 %, 114.06 W
2026/08/14 06:26:20.091, 0, NVIDIA H200, 118725 MiB, 143771 MiB, 0 %, 114.02 W
2026/08/14 06:26:21.095, 0, NVIDIA H200, 118725 MiB, 143771 MiB, 0 %, 114.09 W
2026/08/14 06:26:22.098, 0, NVIDIA H200, 118725 MiB, 143771 MiB, 0 %, 114.03 W
2026/08/14 06:26:23.101, 0, NVIDIA H200, 118725 MiB, 143771 MiB, 0 %, 114.07 W
2026/08/14 06:26:24.104, 0, NVIDIA H200, 118725 MiB, 143771 MiB, 0 %, 114.05 W
2026/08/14 06:26:25.107, 0, NVIDIA H200, 118725 MiB, 143771 MiB, 0 %, 113.99 W
2026/08/14 06:26:26.110, 0, NVIDIA H200, 118725 MiB, 143771 MiB, 0 %, 114.11 W
2026/08/14 06:26:27.114, 0, NVIDIA H200, 118725 MiB, 143771 MiB, 0 %, 114.06 W
2026/08/14 06:26:28.118, 0, NVIDIA H200, 118725 MiB, 143771 MiB, 0 %, 114.12 W
2026/08/14 06:26:29.121, 0, NVIDIA H200, 118725 MiB, 143771 MiB, 0 %, 114.10 W
2026/08/14 06:26:30.125, 0, NVIDIA H200, 118725 MiB, 143771 MiB, 0 %, 113.94 W
2026/08/14 06:26:31.128, 0, NVIDIA H200, 118725 MiB, 143771 MiB, 0 %, 114.08 W
2026/08/14 06:26:32.131, 0, NVIDIA H200, 118725 MiB, 143771 MiB, 0 %, 114.08 W
2026/08/14 06:26:33.134, 0, NVIDIA H200, 118725 MiB, 143771 MiB, 0 %, 114.15 W
2026/08/14 06:26:34.137, 0, NVIDIA H200, 118725 MiB, 143771 MiB, 0 %, 113.97 W
2026/08/14 06:26:35.141, 0, NVIDIA H200, 118725 MiB, 143771 MiB, 0 %, 114.09 W
2026/08/14 06:26:36.144, 0, NVIDIA H200, 118725 MiB, 143771 MiB, 0 %, 114.00 W
2026/08/14 06:26:37.147, 0, NVIDIA H200, 118725 MiB, 143771 MiB, 0 %, 114.13 W
2026/08/14 06:26:38.149, 0, NVIDIA H200, 118725 MiB, 143771 MiB, 0 %, 113.94 W
2026/08/14 06:26:39.153, 0, NVIDIA H200, 118725 MiB, 143771 MiB, 0 %, 114.08 W
2026/08/14 06:26:40.158, 0, NVIDIA H200, 118725 MiB, 143771 MiB, 0 %, 113.99 W
2026/08/14 06:26:41.163, 0, NVIDIA H200, 118725 MiB, 143771 MiB, 0 %, 114.14 W
2026/08/14 06:26:42.169, 0, NVIDIA H200, 118725 MiB, 143771 MiB, 0 %, 114.10 W
2026/08/14 06:26:43.172, 0, NVIDIA H200, 118725 MiB, 143771 MiB, 0 %, 114.01 W
2026/08/14 06:26:44.177, 0, NVIDIA H200, 118725 MiB, 143771 MiB, 0 %, 114.03 W
2026/08/14 06:26:45.181, 0, NVIDIA H200, 118725 MiB, 143771 MiB, 0 %, 113.97 W
2026/08/14 06:26:46.186, 0, NVIDIA H200, 118725 MiB, 143771 MiB, 0 %, 114.15 W
2026/08/14 06:26:47.189, 0, NVIDIA H200, 118725 MiB, 143771 MiB, 0 %, 114.12 W
2026/08/14 06:26:48.192, 0, NVIDIA H200, 118725 MiB, 143771 MiB, 0 %, 113.97 W
2026/08/14 06:26:49.197, 0, NVIDIA H200, 118725 MiB, 143771 MiB, 0 %, 113.97 W
2026/08/14 06:26:50.200, 0, NVIDIA H200, 118725 MiB, 143771 MiB, 0 %, 114.06 W
2026/08/14 06:26:51.203, 0, NVIDIA H200, 118725 MiB, 143771 MiB, 0 %, 114.07 W
2026/08/14 06:26:52.206, 0, NVIDIA H200, 118725 MiB, 143771 MiB, 0 %, 114.03 W
2026/08/14 06:26:53.209, 0, NVIDIA H200, 118725 MiB, 143771 MiB, 0 %, 114.01 W
2026/08/14 06:26:54.211, 0, NVIDIA H200, 118725 MiB, 143771 MiB, 0 %, 114.02 W
2026/08/14 06:26:55.214, 0, NVIDIA H200, 118725 MiB, 143771 MiB, 0 %, 114.11 W
2026/08/14 06:26:56.218, 0, NVIDIA H200, 118725 MiB, 143771 MiB, 0 %, 114.09 W
2026/08/14 06:26:57.222, 0, NVIDIA H200, 118725 MiB, 143771 MiB, 0 %, 114.04 W
2026/08/14 06:26:58.226, 0, NVIDIA H200, 118725 MiB, 143771 MiB, 0 %, 114.02 W
2026/08/14 06:26:59.229, 0, NVIDIA H200, 118725 MiB, 143771 MiB, 0 %, 114.06 W
2026/08/14 06:27:00.232, 0, NVIDIA H200, 118725 MiB, 143771 MiB, 0 %, 114.04 W
2026/08/14 06:27:01.235, 0, NVIDIA H200, 118725 MiB, 143771 MiB, 0 %, 114.09 W
2026/08/14 06:27:02.237, 0, NVIDIA H200, 118725 MiB, 143771 MiB, 0 %, 114.03 W
2026/08/14 06:27:03.241, 0, NVIDIA H200, 118725 MiB, 143771 MiB, 0 %, 114.06 W
2026/08/14 06:27:04.244, 0, NVIDIA H200, 118725 MiB, 143771 MiB, 0 %, 114.14 W
2026/08/14 06:27:05.247, 0, NVIDIA H200, 118725 MiB, 143771 MiB, 0 %, 114.17 W
2026/08/14 06:27:06.252, 0, NVIDIA H200, 118725 MiB, 143771 MiB, 0 %, 114.01 W
2026/08/14 06:27:07.255, 0, NVIDIA H200, 118725 MiB, 143771 MiB, 0 %, 114.22 W
2026/08/14 06:27:08.259, 0, NVIDIA H200, 118725 MiB, 143771 MiB, 0 %, 113.93 W
2026/08/14 06:27:09.261, 0, NVIDIA H200, 118725 MiB, 143771 MiB, 0 %, 114.14 W
2026/08/14 06:27:10.265, 0, NVIDIA H200, 118725 MiB, 143771 MiB, 0 %, 114.04 W
2026/08/14 06:27:11.267, 0, NVIDIA H200, 118725 MiB, 143771 MiB, 0 %, 114.10 W
2026/08/14 06:27:12.270, 0, NVIDIA H200, 118725 MiB, 143771 MiB, 0 %, 114.12 W
2026/08/14 06:27:13.273, 0, NVIDIA H200, 118725 MiB, 143771 MiB, 0 %, 114.04 W
2026/08/14 06:27:14.276, 0, NVIDIA H200, 118725 MiB, 143771 MiB, 0 %, 113.91 W
2026/08/14 06:27:15.280, 0, NVIDIA H200, 118725 MiB, 143771 MiB, 0 %, 114.12 W
2026/08/14 06:27:16.283, 0, NVIDIA H200, 118725 MiB, 143771 MiB, 0 %, 113.96 W
2026/08/14 06:27:17.287, 0, NVIDIA H200, 118725 MiB, 143771 MiB, 0 %, 114.05 W
2026/08/14 06:27:18.290, 0, NVIDIA H200, 118725 MiB, 143771 MiB, 0 %, 114.03 W
2026/08/14 06:27:19.293, 0, NVIDIA H200, 118725 MiB, 143771 MiB, 0 %, 114.12 W
2026/08/14 06:27:20.295, 0, NVIDIA H200, 118725 MiB, 143771 MiB, 0 %, 114.03 W
2026/08/14 06:27:21.300, 0, NVIDIA H200, 118725 MiB, 143771 MiB, 0 %, 114.08 W
2026/08/14 06:27:22.302, 0, NVIDIA H200, 118725 MiB, 143771 MiB, 0 %, 114.05 W
2026/08/14 06:27:23.314, 0, NVIDIA H200, 118725 MiB, 143771 MiB, 0 %, 114.06 W
2026/08/14 06:27:24.317, 0, NVIDIA H200, 118725 MiB, 143771 MiB, 0 %, 114.10 W
2026/08/14 06:27:25.321, 0, NVIDIA H200, 118725 MiB, 143771 MiB, 0 %, 114.01 W
2026/08/14 06:27:26.324, 0, NVIDIA H200, 118725 MiB, 143771 MiB, 0 %, 114.05 W
2026/08/14 06:27:27.329, 0, NVIDIA H200, 118725 MiB, 143771 MiB, 0 %, 113.99 W
2026/08/14 06:27:28.333, 0, NVIDIA H200, 118725 MiB, 143771 MiB, 0 %, 114.05 W
2026/08/14 06:27:29.349, 0, NVIDIA H200, 118725 MiB, 143771 MiB, 0 %, 114.04 W
2026/08/14 06:27:30.352, 0, NVIDIA H200, 118725 MiB, 143771 MiB, 0 %, 113.88 W
2026/08/14 06:27:31.359, 0, NVIDIA H200, 118725 MiB, 143771 MiB, 0 %, 114.07 W
2026/08/14 06:27:32.362, 0, NVIDIA H200, 118725 MiB, 143771 MiB, 0 %, 113.97 W
2026/08/14 06:27:33.371, 0, NVIDIA H200, 118725 MiB, 143771 MiB, 0 %, 114.06 W
2026/08/14 06:27:34.374, 0, NVIDIA H200, 118725 MiB, 143771 MiB, 0 %, 113.91 W
2026/08/14 06:27:35.378, 0, NVIDIA H200, 118725 MiB, 143771 MiB, 0 %, 114.10 W
2026/08/14 06:27:36.382, 0, NVIDIA H200, 118725 MiB, 143771 MiB, 0 %, 113.86 W
2026/08/14 06:27:37.387, 0, NVIDIA H200, 118725 MiB, 143771 MiB, 0 %, 113.98 W
2026/08/14 06:27:38.390, 0, NVIDIA H200, 118725 MiB, 143771 MiB, 0 %, 114.07 W
2026/08/14 06:27:39.395, 0, NVIDIA H200, 118725 MiB, 143771 MiB, 0 %, 114.07 W
2026/08/14 06:27:40.397, 0, NVIDIA H200, 118725 MiB, 143771 MiB, 0 %, 114.08 W
2026/08/14 06:27:41.401, 0, NVIDIA H200, 118725 MiB, 143771 MiB, 0 %, 113.99 W
2026/08/14 06:27:42.403, 0, NVIDIA H200, 118725 MiB, 143771 MiB, 0 %, 113.98 W
2026/08/14 06:27:43.408, 0, NVIDIA H200, 118725 MiB, 143771 MiB, 0 %, 114.08 W
2026/08/14 06:27:44.411, 0, NVIDIA H200, 118725 MiB, 143771 MiB, 0 %, 114.00 W
2026/08/14 06:27:45.415, 0, NVIDIA H200, 118725 MiB, 143771 MiB, 0 %, 114.07 W
2026/08/14 06:27:46.419, 0, NVIDIA H200, 118725 MiB, 143771 MiB, 0 %, 114.03 W
2026/08/14 06:27:47.423, 0, NVIDIA H200, 118725 MiB, 143771 MiB, 0 %, 114.11 W
2026/08/14 06:27:48.426, 0, NVIDIA H200, 118725 MiB, 143771 MiB, 0 %, 114.04 W
2026/08/14 06:27:49.433, 0, NVIDIA H200, 118725 MiB, 143771 MiB, 0 %, 114.07 W
2026/08/14 06:27:50.436, 0, NVIDIA H200, 118725 MiB, 143771 MiB, 0 %, 114.15 W
2026/08/14 06:27:51.440, 0, NVIDIA H200, 118725 MiB, 143771 MiB, 0 %, 114.07 W
2026/08/14 06:27:52.443, 0, NVIDIA H200, 118725 MiB, 143771 MiB, 0 %, 114.04 W
2026/08/14 06:27:53.447, 0, NVIDIA H200, 118725 MiB, 143771 MiB, 0 %, 114.09 W
2026/08/14 06:27:54.450, 0, NVIDIA H200, 118725 MiB, 143771 MiB, 0 %, 114.09 W
2026/08/14 06:27:55.453, 0, NVIDIA H200, 118725 MiB, 143771 MiB, 0 %, 114.04 W
2026/08/14 06:27:56.456, 0, NVIDIA H200, 118725 MiB, 143771 MiB, 0 %, 114.08 W
2026/08/14 06:27:57.459, 0, NVIDIA H200, 118725 MiB, 143771 MiB, 0 %, 113.99 W
2026/08/14 06:27:58.462, 0, NVIDIA H200, 118725 MiB, 143771 MiB, 0 %, 114.10 W
2026/08/14 06:27:59.466, 0, NVIDIA H200, 118725 MiB, 143771 MiB, 0 %, 114.00 W
2026/08/14 06:28:00.470, 0, NVIDIA H200, 118725 MiB, 143771 MiB, 0 %, 114.06 W
2026/08/14 06:28:01.473, 0, NVIDIA H200, 118725 MiB, 143771 MiB, 0 %, 114.12 W
2026/08/14 06:28:02.476, 0, NVIDIA H200, 118725 MiB, 143771 MiB, 0 %, 113.96 W
2026/08/14 06:28:03.479, 0, NVIDIA H200, 118725 MiB, 143771 MiB, 0 %, 114.01 W
2026/08/14 06:28:04.482, 0, NVIDIA H200, 118725 MiB, 143771 MiB, 0 %, 113.93 W
2026/08/14 06:28:05.485, 0, NVIDIA H200, 118725 MiB, 143771 MiB, 0 %, 114.09 W
2026/08/14 06:28:06.489, 0, NVIDIA H200, 118725 MiB, 143771 MiB, 0 %, 113.96 W
2026/08/14 06:28:07.491, 0, NVIDIA H200, 118725 MiB, 143771 MiB, 0 %, 113.99 W
2026/08/14 06:28:08.495, 0, NVIDIA H200, 118725 MiB, 143771 MiB, 0 %, 114.02 W
2026/08/14 06:28:09.498, 0, NVIDIA H200, 118725 MiB, 143771 MiB, 0 %, 114.00 W
2026/08/14 06:28:10.501, 0, NVIDIA H200, 118725 MiB, 143771 MiB, 0 %, 113.94 W
2026/08/14 06:28:11.505, 0, NVIDIA H200, 118725 MiB, 143771 MiB, 0 %, 114.07 W
2026/08/14 06:28:12.509, 0, NVIDIA H200, 118725 MiB, 143771 MiB, 0 %, 114.15 W
2026/08/14 06:28:13.512, 0, NVIDIA H200, 118725 MiB, 143771 MiB, 0 %, 114.12 W
2026/08/14 06:28:14.515, 0, NVIDIA H200, 118725 MiB, 143771 MiB, 0 %, 113.94 W
2026/08/14 06:28:15.518, 0, NVIDIA H200, 118725 MiB, 143771 MiB, 0 %, 114.03 W
2026/08/14 06:28:16.521, 0, NVIDIA H200, 118725 MiB, 143771 MiB, 0 %, 114.04 W
2026/08/14 06:28:17.525, 0, NVIDIA H200, 118725 MiB, 143771 MiB, 0 %, 114.02 W
2026/08/14 06:28:18.528, 0, NVIDIA H200, 118725 MiB, 143771 MiB, 0 %, 113.97 W
2026/08/14 06:28:19.541, 0, NVIDIA H200, 118725 MiB, 143771 MiB, 0 %, 114.07 W
2026/08/14 06:28:20.545, 0, NVIDIA H200, 118725 MiB, 143771 MiB, 0 %, 113.92 W
2026/08/14 06:28:21.548, 0, NVIDIA H200, 118725 MiB, 143771 MiB, 0 %, 114.08 W
2026/08/14 06:28:22.551, 0, NVIDIA H200, 118725 MiB, 143771 MiB, 0 %, 114.14 W
2026/08/14 06:28:23.554, 0, NVIDIA H200, 118725 MiB, 143771 MiB, 0 %, 113.86 W
2026/08/14 06:28:24.557, 0, NVIDIA H200, 118725 MiB, 143771 MiB, 0 %, 114.03 W
2026/08/14 06:28:25.561, 0, NVIDIA H200, 118725 MiB, 143771 MiB, 0 %, 114.12 W
2026/08/14 06:28:26.566, 0, NVIDIA H200, 118725 MiB, 143771 MiB, 0 %, 114.04 W
2026/08/14 06:28:27.568, 0, NVIDIA H200, 118725 MiB, 143771 MiB, 0 %, 114.02 W
2026/08/14 06:28:28.571, 0, NVIDIA H200, 118725 MiB, 143771 MiB, 0 %, 114.24 W
2026/08/14 06:28:29.575, 0, NVIDIA H200, 118725 MiB, 143771 MiB, 0 %, 113.91 W
2026/08/14 06:28:30.578, 0, NVIDIA H200, 118725 MiB, 143771 MiB, 0 %, 114.01 W
2026/08/14 06:28:31.582, 0, NVIDIA H200, 118725 MiB, 143771 MiB, 0 %, 114.07 W
2026/08/14 06:28:32.585, 0, NVIDIA H200, 118725 MiB, 143771 MiB, 0 %, 114.02 W
2026/08/14 06:28:33.588, 0, NVIDIA H200, 118725 MiB, 143771 MiB, 0 %, 114.04 W
2026/08/14 06:28:34.592, 0, NVIDIA H200, 118725 MiB, 143771 MiB, 0 %, 113.93 W
2026/08/14 06:28:35.595, 0, NVIDIA H200, 118725 MiB, 143771 MiB, 0 %, 114.05 W
2026/08/14 06:28:36.598, 0, NVIDIA H200, 118725 MiB, 143771 MiB, 0 %, 114.02 W
2026/08/14 06:28:37.601, 0, NVIDIA H200, 118725 MiB, 143771 MiB, 0 %, 114.07 W
2026/08/14 06:28:38.604, 0, NVIDIA H200, 118725 MiB, 143771 MiB, 0 %, 114.04 W
2026/08/14 06:28:39.607, 0, NVIDIA H200, 118725 MiB, 143771 MiB, 0 %, 114.08 W
2026/08/14 06:28:40.611, 0, NVIDIA H200, 118725 MiB, 143771 MiB, 0 %, 114.01 W
2026/08/14 06:28:41.614, 0, NVIDIA H200, 118725 MiB, 143771 MiB, 0 %, 114.10 W
2026/08/14 06:28:42.617, 0, NVIDIA H200, 118725 MiB, 143771 MiB, 0 %, 113.90 W
2026/08/14 06:28:43.620, 0, NVIDIA H200, 118725 MiB, 143771 MiB, 0 %, 113.97 W
2026/08/14 06:28:44.623, 0, NVIDIA H200, 118725 MiB, 143771 MiB, 0 %, 114.09 W
2026/08/14 06:28:45.626, 0, NVIDIA H200, 118725 MiB, 143771 MiB, 0 %, 113.99 W
2026/08/14 06:28:46.629, 0, NVIDIA H200, 118725 MiB, 143771 MiB, 0 %, 114.00 W
2026/08/14 06:28:47.632, 0, NVIDIA H200, 118725 MiB, 143771 MiB, 0 %, 114.02 W
2026/08/14 06:28:48.635, 0, NVIDIA H200, 118725 MiB, 143771 MiB, 0 %, 114.01 W
2026/08/14 06:28:49.638, 0, NVIDIA H200, 118725 MiB, 143771 MiB, 0 %, 114.01 W
2026/08/14 06:28:50.641, 0, NVIDIA H200, 118725 MiB, 143771 MiB, 0 %, 114.01 W
2026/08/14 06:28:51.645, 0, NVIDIA H200, 118725 MiB, 143771 MiB, 0 %, 114.09 W
2026/08/14 06:28:52.648, 0, NVIDIA H200, 118725 MiB, 143771 MiB, 0 %, 113.94 W
2026/08/14 06:28:53.651, 0, NVIDIA H200, 118725 MiB, 143771 MiB, 0 %, 114.03 W
2026/08/14 06:28:54.654, 0, NVIDIA H200, 118725 MiB, 143771 MiB, 0 %, 114.08 W
2026/08/14 06:28:55.657, 0, NVIDIA H200, 118725 MiB, 143771 MiB, 0 %, 114.07 W
2026/08/14 06:28:56.660, 0, NVIDIA H200, 118725 MiB, 143771 MiB, 0 %, 113.98 W
2026/08/14 06:28:57.663, 0, NVIDIA H200, 118725 MiB, 143771 MiB, 0 %, 114.05 W
2026/08/14 06:28:58.666, 0, NVIDIA H200, 118725 MiB, 143771 MiB, 0 %, 113.98 W
2026/08/14 06:28:59.671, 0, NVIDIA H200, 118725 MiB, 143771 MiB, 0 %, 114.07 W
