timestamp, index, name, memory.used [MiB], memory.total [MiB], utilization.gpu [%], power.draw [W]
2026/08/14 05:49:19.504, 0, NVIDIA H200, 4 MiB, 143771 MiB, 0 %, 80.88 W
2026/08/14 05:49:20.517, 0, NVIDIA H200, 4 MiB, 143771 MiB, 0 %, 80.97 W
2026/08/14 05:49:21.519, 0, NVIDIA H200, 4 MiB, 143771 MiB, 0 %, 80.91 W
2026/08/14 05:49:22.521, 0, NVIDIA H200, 4 MiB, 143771 MiB, 0 %, 80.96 W
2026/08/14 05:49:23.524, 0, NVIDIA H200, 4 MiB, 143771 MiB, 0 %, 80.91 W
2026/08/14 05:49:24.526, 0, NVIDIA H200, 4 MiB, 143771 MiB, 0 %, 80.94 W
2026/08/14 05:49:25.528, 0, NVIDIA H200, 4 MiB, 143771 MiB, 0 %, 80.88 W
2026/08/14 05:49:26.531, 0, NVIDIA H200, 4 MiB, 143771 MiB, 0 %, 80.92 W
2026/08/14 05:49:27.534, 0, NVIDIA H200, 4 MiB, 143771 MiB, 0 %, 80.84 W
2026/08/14 05:49:28.536, 0, NVIDIA H200, 4 MiB, 143771 MiB, 0 %, 80.88 W
2026/08/14 05:49:29.539, 0, NVIDIA H200, 4 MiB, 143771 MiB, 0 %, 80.92 W
2026/08/14 05:49:30.541, 0, NVIDIA H200, 4 MiB, 143771 MiB, 0 %, 80.96 W
2026/08/14 05:49:31.543, 0, NVIDIA H200, 4 MiB, 143771 MiB, 0 %, 80.96 W
2026/08/14 05:49:32.545, 0, NVIDIA H200, 4 MiB, 143771 MiB, 0 %, 80.85 W
2026/08/14 05:49:33.548, 0, NVIDIA H200, 4 MiB, 143771 MiB, 0 %, 80.82 W
2026/08/14 05:49:34.550, 0, NVIDIA H200, 4 MiB, 143771 MiB, 0 %, 80.84 W
2026/08/14 05:49:35.552, 0, NVIDIA H200, 4 MiB, 143771 MiB, 0 %, 80.84 W
2026/08/14 05:49:36.554, 0, NVIDIA H200, 4 MiB, 143771 MiB, 0 %, 80.95 W
2026/08/14 05:49:37.556, 0, NVIDIA H200, 4 MiB, 143771 MiB, 0 %, 80.99 W
2026/08/14 05:49:38.558, 0, NVIDIA H200, 4 MiB, 143771 MiB, 0 %, 81.04 W
2026/08/14 05:49:39.561, 0, NVIDIA H200, 4 MiB, 143771 MiB, 0 %, 81.04 W
2026/08/14 05:49:40.564, 0, NVIDIA H200, 4 MiB, 143771 MiB, 0 %, 80.93 W
2026/08/14 05:49:41.566, 0, NVIDIA H200, 4 MiB, 143771 MiB, 0 %, 81.02 W
2026/08/14 05:49:42.570, 0, NVIDIA H200, 4 MiB, 143771 MiB, 0 %, 80.96 W
2026/08/14 05:49:43.571, 0, NVIDIA H200, 4 MiB, 143771 MiB, 0 %, 80.93 W
2026/08/14 05:49:44.574, 0, NVIDIA H200, 4 MiB, 143771 MiB, 0 %, 81.00 W
2026/08/14 05:49:45.577, 0, NVIDIA H200, 4 MiB, 143771 MiB, 0 %, 80.90 W
2026/08/14 05:49:46.579, 0, NVIDIA H200, 4 MiB, 143771 MiB, 0 %, 80.94 W
2026/08/14 05:49:47.582, 0, NVIDIA H200, 4 MiB, 143771 MiB, 0 %, 80.81 W
2026/08/14 05:49:48.584, 0, NVIDIA H200, 4 MiB, 143771 MiB, 0 %, 80.78 W
2026/08/14 05:49:49.587, 0, NVIDIA H200, 4 MiB, 143771 MiB, 0 %, 80.90 W
2026/08/14 05:49:50.590, 0, NVIDIA H200, 4 MiB, 143771 MiB, 0 %, 80.93 W
2026/08/14 05:49:51.593, 0, NVIDIA H200, 4 MiB, 143771 MiB, 0 %, 80.96 W
2026/08/14 05:49:52.595, 0, NVIDIA H200, 4 MiB, 143771 MiB, 0 %, 80.99 W
2026/08/14 05:49:53.597, 0, NVIDIA H200, 4 MiB, 143771 MiB, 0 %, 80.87 W
2026/08/14 05:49:54.601, 0, NVIDIA H200, 4 MiB, 143771 MiB, 0 %, 80.89 W
2026/08/14 05:49:55.602, 0, NVIDIA H200, 4 MiB, 143771 MiB, 0 %, 80.96 W
2026/08/14 05:49:56.608, 0, NVIDIA H200, 4 MiB, 143771 MiB, 0 %, 80.93 W
2026/08/14 05:49:57.611, 0, NVIDIA H200, 4 MiB, 143771 MiB, 0 %, 80.94 W
2026/08/14 05:49:58.614, 0, NVIDIA H200, 4 MiB, 143771 MiB, 0 %, 81.01 W
2026/08/14 05:49:59.615, 0, NVIDIA H200, 4 MiB, 143771 MiB, 0 %, 81.01 W
2026/08/14 05:50:00.617, 0, NVIDIA H200, 4 MiB, 143771 MiB, 0 %, 81.02 W
2026/08/14 05:50:01.622, 0, NVIDIA H200, 4 MiB, 143771 MiB, 0 %, 81.01 W
2026/08/14 05:50:02.624, 0, NVIDIA H200, 4 MiB, 143771 MiB, 0 %, 81.02 W
2026/08/14 05:50:03.626, 0, NVIDIA H200, 4 MiB, 143771 MiB, 0 %, 81.06 W
2026/08/14 05:50:04.628, 0, NVIDIA H200, 4 MiB, 143771 MiB, 0 %, 81.03 W
2026/08/14 05:50:05.630, 0, NVIDIA H200, 4 MiB, 143771 MiB, 0 %, 81.02 W
2026/08/14 05:50:06.633, 0, NVIDIA H200, 4 MiB, 143771 MiB, 0 %, 80.99 W
2026/08/14 05:50:07.636, 0, NVIDIA H200, 4 MiB, 143771 MiB, 0 %, 80.98 W
2026/08/14 05:50:08.639, 0, NVIDIA H200, 4 MiB, 143771 MiB, 0 %, 80.95 W
2026/08/14 05:50:09.641, 0, NVIDIA H200, 4 MiB, 143771 MiB, 0 %, 81.00 W
2026/08/14 05:50:10.643, 0, NVIDIA H200, 4 MiB, 143771 MiB, 0 %, 80.96 W
2026/08/14 05:50:11.646, 0, NVIDIA H200, 4 MiB, 143771 MiB, 0 %, 81.03 W
2026/08/14 05:50:12.649, 0, NVIDIA H200, 4 MiB, 143771 MiB, 0 %, 81.08 W
2026/08/14 05:50:13.651, 0, NVIDIA H200, 4 MiB, 143771 MiB, 0 %, 81.00 W
2026/08/14 05:50:14.654, 0, NVIDIA H200, 4 MiB, 143771 MiB, 0 %, 80.93 W
2026/08/14 05:50:15.658, 0, NVIDIA H200, 4 MiB, 143771 MiB, 0 %, 80.93 W
2026/08/14 05:50:16.661, 0, NVIDIA H200, 4 MiB, 143771 MiB, 0 %, 80.94 W
2026/08/14 05:50:17.663, 0, NVIDIA H200, 4 MiB, 143771 MiB, 0 %, 80.91 W
2026/08/14 05:50:18.665, 0, NVIDIA H200, 4 MiB, 143771 MiB, 0 %, 80.94 W
2026/08/14 05:50:19.668, 0, NVIDIA H200, 4 MiB, 143771 MiB, 0 %, 80.96 W
2026/08/14 05:50:20.670, 0, NVIDIA H200, 4 MiB, 143771 MiB, 0 %, 80.88 W
2026/08/14 05:50:21.673, 0, NVIDIA H200, 4 MiB, 143771 MiB, 0 %, 80.89 W
2026/08/14 05:50:22.675, 0, NVIDIA H200, 4 MiB, 143771 MiB, 0 %, 80.96 W
2026/08/14 05:50:23.678, 0, NVIDIA H200, 4 MiB, 143771 MiB, 0 %, 80.93 W
2026/08/14 05:50:24.680, 0, NVIDIA H200, 4 MiB, 143771 MiB, 0 %, 80.98 W
2026/08/14 05:50:25.683, 0, NVIDIA H200, 4 MiB, 143771 MiB, 0 %, 80.91 W
2026/08/14 05:50:26.687, 0, NVIDIA H200, 4 MiB, 143771 MiB, 0 %, 80.93 W
2026/08/14 05:50:27.689, 0, NVIDIA H200, 4 MiB, 143771 MiB, 0 %, 80.85 W
2026/08/14 05:50:28.692, 0, NVIDIA H200, 4 MiB, 143771 MiB, 0 %, 80.93 W
2026/08/14 05:50:29.695, 0, NVIDIA H200, 4 MiB, 143771 MiB, 0 %, 80.94 W
2026/08/14 05:50:30.697, 0, NVIDIA H200, 4 MiB, 143771 MiB, 0 %, 80.91 W
2026/08/14 05:50:31.700, 0, NVIDIA H200, 4 MiB, 143771 MiB, 0 %, 81.04 W
2026/08/14 05:50:32.703, 0, NVIDIA H200, 4 MiB, 143771 MiB, 0 %, 81.02 W
2026/08/14 05:50:33.707, 0, NVIDIA H200, 4 MiB, 143771 MiB, 0 %, 81.01 W
2026/08/14 05:50:34.710, 0, NVIDIA H200, 4 MiB, 143771 MiB, 0 %, 80.96 W
2026/08/14 05:50:35.712, 0, NVIDIA H200, 4 MiB, 143771 MiB, 0 %, 80.94 W
2026/08/14 05:50:36.714, 0, NVIDIA H200, 4 MiB, 143771 MiB, 0 %, 80.92 W
2026/08/14 05:50:37.717, 0, NVIDIA H200, 4 MiB, 143771 MiB, 0 %, 80.95 W
2026/08/14 05:50:38.719, 0, NVIDIA H200, 4 MiB, 143771 MiB, 0 %, 80.89 W
2026/08/14 05:50:39.723, 0, NVIDIA H200, 4 MiB, 143771 MiB, 0 %, 80.98 W
2026/08/14 05:50:40.725, 0, NVIDIA H200, 4 MiB, 143771 MiB, 0 %, 80.87 W
2026/08/14 05:50:41.727, 0, NVIDIA H200, 4 MiB, 143771 MiB, 0 %, 80.96 W
2026/08/14 05:50:42.729, 0, NVIDIA H200, 755 MiB, 143771 MiB, 0 %, 110.75 W
2026/08/14 05:50:43.732, 0, NVIDIA H200, 27495 MiB, 143771 MiB, 1 %, 125.56 W
2026/08/14 05:50:44.737, 0, NVIDIA H200, 64867 MiB, 143771 MiB, 0 %, 125.17 W
2026/08/14 05:50:45.739, 0, NVIDIA H200, 64867 MiB, 143771 MiB, 2 %, 125.24 W
2026/08/14 05:50:46.742, 0, NVIDIA H200, 64867 MiB, 143771 MiB, 2 %, 125.15 W
2026/08/14 05:50:47.744, 0, NVIDIA H200, 64867 MiB, 143771 MiB, 2 %, 125.19 W
2026/08/14 05:50:48.750, 0, NVIDIA H200, 64867 MiB, 143771 MiB, 2 %, 125.17 W
2026/08/14 05:50:49.753, 0, NVIDIA H200, 64867 MiB, 143771 MiB, 0 %, 125.23 W
2026/08/14 05:50:50.759, 0, NVIDIA H200, 64867 MiB, 143771 MiB, 3 %, 125.24 W
2026/08/14 05:50:51.761, 0, NVIDIA H200, 64867 MiB, 143771 MiB, 2 %, 125.22 W
2026/08/14 05:50:52.765, 0, NVIDIA H200, 64867 MiB, 143771 MiB, 3 %, 125.25 W
2026/08/14 05:50:53.767, 0, NVIDIA H200, 64867 MiB, 143771 MiB, 2 %, 125.23 W
2026/08/14 05:50:54.770, 0, NVIDIA H200, 64867 MiB, 143771 MiB, 3 %, 125.21 W
2026/08/14 05:50:55.773, 0, NVIDIA H200, 64867 MiB, 143771 MiB, 3 %, 125.03 W
2026/08/14 05:50:56.779, 0, NVIDIA H200, 64867 MiB, 143771 MiB, 2 %, 125.13 W
2026/08/14 05:50:57.781, 0, NVIDIA H200, 64867 MiB, 143771 MiB, 4 %, 125.19 W
2026/08/14 05:50:58.793, 0, NVIDIA H200, 64867 MiB, 143771 MiB, 0 %, 125.17 W
2026/08/14 05:51:00.289, 0, NVIDIA H200, 64867 MiB, 143771 MiB, 5 %, 125.26 W
2026/08/14 05:51:01.293, 0, NVIDIA H200, 64867 MiB, 143771 MiB, 4 %, 125.16 W
2026/08/14 05:51:02.297, 0, NVIDIA H200, 64867 MiB, 143771 MiB, 4 %, 125.14 W
2026/08/14 05:51:03.300, 0, NVIDIA H200, 64867 MiB, 143771 MiB, 3 %, 124.97 W
2026/08/14 05:51:04.305, 0, NVIDIA H200, 64867 MiB, 143771 MiB, 4 %, 124.96 W
2026/08/14 05:51:05.309, 0, NVIDIA H200, 64867 MiB, 143771 MiB, 4 %, 125.06 W
2026/08/14 05:51:06.314, 0, NVIDIA H200, 64867 MiB, 143771 MiB, 4 %, 124.91 W
2026/08/14 05:51:07.317, 0, NVIDIA H200, 64867 MiB, 143771 MiB, 4 %, 125.01 W
2026/08/14 05:51:08.321, 0, NVIDIA H200, 64867 MiB, 143771 MiB, 4 %, 124.97 W
2026/08/14 05:51:09.326, 0, NVIDIA H200, 64867 MiB, 143771 MiB, 4 %, 124.76 W
2026/08/14 05:51:10.329, 0, NVIDIA H200, 64867 MiB, 143771 MiB, 4 %, 124.93 W
2026/08/14 05:51:11.331, 0, NVIDIA H200, 64867 MiB, 143771 MiB, 4 %, 124.75 W
2026/08/14 05:51:12.333, 0, NVIDIA H200, 64867 MiB, 143771 MiB, 4 %, 124.74 W
2026/08/14 05:51:13.337, 0, NVIDIA H200, 64867 MiB, 143771 MiB, 4 %, 124.83 W
2026/08/14 05:51:14.340, 0, NVIDIA H200, 64867 MiB, 143771 MiB, 4 %, 124.85 W
2026/08/14 05:51:15.343, 0, NVIDIA H200, 64867 MiB, 143771 MiB, 0 %, 124.81 W
2026/08/14 05:51:16.346, 0, NVIDIA H200, 64867 MiB, 143771 MiB, 4 %, 124.85 W
2026/08/14 05:51:17.349, 0, NVIDIA H200, 64867 MiB, 143771 MiB, 4 %, 124.82 W
2026/08/14 05:51:18.351, 0, NVIDIA H200, 64867 MiB, 143771 MiB, 0 %, 124.78 W
2026/08/14 05:51:19.353, 0, NVIDIA H200, 64867 MiB, 143771 MiB, 4 %, 124.80 W
2026/08/14 05:51:20.356, 0, NVIDIA H200, 64867 MiB, 143771 MiB, 4 %, 124.83 W
2026/08/14 05:51:21.358, 0, NVIDIA H200, 64867 MiB, 143771 MiB, 0 %, 124.82 W
2026/08/14 05:51:22.366, 0, NVIDIA H200, 64867 MiB, 143771 MiB, 4 %, 124.82 W
2026/08/14 05:51:23.369, 0, NVIDIA H200, 64867 MiB, 143771 MiB, 4 %, 124.72 W
2026/08/14 05:51:24.372, 0, NVIDIA H200, 64867 MiB, 143771 MiB, 0 %, 124.72 W
2026/08/14 05:51:25.374, 0, NVIDIA H200, 64867 MiB, 143771 MiB, 4 %, 124.66 W
2026/08/14 05:51:26.377, 0, NVIDIA H200, 64867 MiB, 143771 MiB, 4 %, 124.71 W
2026/08/14 05:51:27.380, 0, NVIDIA H200, 64867 MiB, 143771 MiB, 0 %, 124.63 W
2026/08/14 05:51:28.382, 0, NVIDIA H200, 64867 MiB, 143771 MiB, 2 %, 124.54 W
2026/08/14 05:51:29.385, 0, NVIDIA H200, 64867 MiB, 143771 MiB, 3 %, 124.41 W
2026/08/14 05:51:30.387, 0, NVIDIA H200, 64867 MiB, 143771 MiB, 2 %, 124.40 W
2026/08/14 05:51:31.389, 0, NVIDIA H200, 64867 MiB, 143771 MiB, 2 %, 124.36 W
2026/08/14 05:51:32.391, 0, NVIDIA H200, 64867 MiB, 143771 MiB, 2 %, 124.38 W
2026/08/14 05:51:33.395, 0, NVIDIA H200, 64867 MiB, 143771 MiB, 0 %, 124.23 W
2026/08/14 05:51:34.398, 0, NVIDIA H200, 66597 MiB, 143771 MiB, 0 %, 124.44 W
2026/08/14 05:51:35.401, 0, NVIDIA H200, 66637 MiB, 143771 MiB, 8 %, 125.11 W
2026/08/14 05:51:36.403, 0, NVIDIA H200, 65745 MiB, 143771 MiB, 0 %, 125.08 W
2026/08/14 05:51:37.405, 0, NVIDIA H200, 65745 MiB, 143771 MiB, 0 %, 124.90 W
2026/08/14 05:51:38.407, 0, NVIDIA H200, 65745 MiB, 143771 MiB, 0 %, 124.86 W
2026/08/14 05:51:39.410, 0, NVIDIA H200, 65745 MiB, 143771 MiB, 0 %, 124.89 W
2026/08/14 05:51:40.413, 0, NVIDIA H200, 65745 MiB, 143771 MiB, 0 %, 124.93 W
2026/08/14 05:51:41.415, 0, NVIDIA H200, 65745 MiB, 143771 MiB, 0 %, 124.88 W
2026/08/14 05:51:42.418, 0, NVIDIA H200, 65745 MiB, 143771 MiB, 0 %, 124.90 W
2026/08/14 05:51:43.420, 0, NVIDIA H200, 65745 MiB, 143771 MiB, 0 %, 124.93 W
2026/08/14 05:51:44.422, 0, NVIDIA H200, 65745 MiB, 143771 MiB, 0 %, 124.83 W
2026/08/14 05:51:45.424, 0, NVIDIA H200, 65745 MiB, 143771 MiB, 0 %, 124.84 W
2026/08/14 05:51:46.428, 0, NVIDIA H200, 65745 MiB, 143771 MiB, 0 %, 124.93 W
2026/08/14 05:51:47.435, 0, NVIDIA H200, 65745 MiB, 143771 MiB, 0 %, 124.89 W
2026/08/14 05:51:48.438, 0, NVIDIA H200, 65745 MiB, 143771 MiB, 0 %, 124.82 W
2026/08/14 05:51:49.441, 0, NVIDIA H200, 65745 MiB, 143771 MiB, 0 %, 124.88 W
2026/08/14 05:51:50.444, 0, NVIDIA H200, 65745 MiB, 143771 MiB, 0 %, 124.84 W
2026/08/14 05:51:51.447, 0, NVIDIA H200, 65745 MiB, 143771 MiB, 0 %, 124.77 W
2026/08/14 05:51:52.449, 0, NVIDIA H200, 65745 MiB, 143771 MiB, 0 %, 124.74 W
2026/08/14 05:51:53.453, 0, NVIDIA H200, 65745 MiB, 143771 MiB, 0 %, 124.75 W
2026/08/14 05:51:54.456, 0, NVIDIA H200, 65745 MiB, 143771 MiB, 0 %, 124.74 W
2026/08/14 05:51:55.458, 0, NVIDIA H200, 65745 MiB, 143771 MiB, 0 %, 124.69 W
2026/08/14 05:51:56.461, 0, NVIDIA H200, 65745 MiB, 143771 MiB, 0 %, 124.66 W
2026/08/14 05:51:57.464, 0, NVIDIA H200, 65873 MiB, 143771 MiB, 0 %, 124.65 W
2026/08/14 05:51:58.467, 0, NVIDIA H200, 65933 MiB, 143771 MiB, 21 %, 151.90 W
2026/08/14 05:51:59.470, 0, NVIDIA H200, 65937 MiB, 143771 MiB, 0 %, 149.04 W
2026/08/14 05:52:00.473, 0, NVIDIA H200, 66189 MiB, 143771 MiB, 0 %, 128.91 W
2026/08/14 05:52:01.476, 0, NVIDIA H200, 66191 MiB, 143771 MiB, 0 %, 143.88 W
2026/08/14 05:52:02.479, 0, NVIDIA H200, 65747 MiB, 143771 MiB, 0 %, 145.12 W
2026/08/14 05:52:03.482, 0, NVIDIA H200, 65747 MiB, 143771 MiB, 0 %, 124.73 W
2026/08/14 05:52:04.484, 0, NVIDIA H200, 66203 MiB, 143771 MiB, 0 %, 159.45 W
2026/08/14 05:52:05.486, 0, NVIDIA H200, 66203 MiB, 143771 MiB, 0 %, 124.78 W
2026/08/14 05:52:06.489, 0, NVIDIA H200, 66203 MiB, 143771 MiB, 0 %, 125.11 W
2026/08/14 05:52:07.493, 0, NVIDIA H200, 66203 MiB, 143771 MiB, 0 %, 125.18 W
2026/08/14 05:52:08.496, 0, NVIDIA H200, 66263 MiB, 143771 MiB, 0 %, 146.96 W
2026/08/14 05:52:09.499, 0, NVIDIA H200, 66263 MiB, 143771 MiB, 0 %, 208.14 W
2026/08/14 05:52:10.502, 0, NVIDIA H200, 66263 MiB, 143771 MiB, 0 %, 125.43 W
2026/08/14 05:52:11.505, 0, NVIDIA H200, 66263 MiB, 143771 MiB, 0 %, 143.60 W
2026/08/14 05:52:12.507, 0, NVIDIA H200, 66263 MiB, 143771 MiB, 0 %, 124.95 W
2026/08/14 05:52:13.510, 0, NVIDIA H200, 66263 MiB, 143771 MiB, 0 %, 124.77 W
2026/08/14 05:52:14.512, 0, NVIDIA H200, 66263 MiB, 143771 MiB, 0 %, 124.80 W
2026/08/14 05:52:15.515, 0, NVIDIA H200, 66263 MiB, 143771 MiB, 0 %, 160.78 W
2026/08/14 05:52:16.518, 0, NVIDIA H200, 65747 MiB, 143771 MiB, 0 %, 201.59 W
2026/08/14 05:52:17.521, 0, NVIDIA H200, 65747 MiB, 143771 MiB, 0 %, 124.25 W
2026/08/14 05:52:18.523, 0, NVIDIA H200, 65747 MiB, 143771 MiB, 0 %, 124.11 W
2026/08/14 05:52:19.528, 0, NVIDIA H200, 65747 MiB, 143771 MiB, 0 %, 124.06 W
2026/08/14 05:52:20.531, 0, NVIDIA H200, 65747 MiB, 143771 MiB, 0 %, 124.06 W
2026/08/14 05:52:21.533, 0, NVIDIA H200, 66543 MiB, 143771 MiB, 0 %, 253.68 W
2026/08/14 05:52:22.535, 0, NVIDIA H200, 66543 MiB, 143771 MiB, 0 %, 124.99 W
2026/08/14 05:52:23.538, 0, NVIDIA H200, 66543 MiB, 143771 MiB, 0 %, 124.76 W
2026/08/14 05:52:24.540, 0, NVIDIA H200, 66543 MiB, 143771 MiB, 60 %, 170.78 W
2026/08/14 05:52:25.542, 0, NVIDIA H200, 66543 MiB, 143771 MiB, 0 %, 124.85 W
2026/08/14 05:52:26.545, 0, NVIDIA H200, 66543 MiB, 143771 MiB, 0 %, 124.61 W
2026/08/14 05:52:27.548, 0, NVIDIA H200, 66543 MiB, 143771 MiB, 0 %, 154.89 W
2026/08/14 05:52:28.551, 0, NVIDIA H200, 66543 MiB, 143771 MiB, 0 %, 124.60 W
2026/08/14 05:52:29.554, 0, NVIDIA H200, 66543 MiB, 143771 MiB, 0 %, 124.46 W
2026/08/14 05:52:30.557, 0, NVIDIA H200, 66543 MiB, 143771 MiB, 0 %, 124.44 W
2026/08/14 05:52:31.561, 0, NVIDIA H200, 66543 MiB, 143771 MiB, 0 %, 167.82 W
2026/08/14 05:52:32.563, 0, NVIDIA H200, 66543 MiB, 143771 MiB, 0 %, 124.48 W
2026/08/14 05:52:33.566, 0, NVIDIA H200, 66543 MiB, 143771 MiB, 72 %, 154.13 W
2026/08/14 05:52:34.570, 0, NVIDIA H200, 66543 MiB, 143771 MiB, 0 %, 124.86 W
2026/08/14 05:52:35.573, 0, NVIDIA H200, 66543 MiB, 143771 MiB, 0 %, 131.59 W
2026/08/14 05:52:36.575, 0, NVIDIA H200, 66543 MiB, 143771 MiB, 0 %, 124.40 W
2026/08/14 05:52:37.577, 0, NVIDIA H200, 66543 MiB, 143771 MiB, 0 %, 124.49 W
2026/08/14 05:52:38.580, 0, NVIDIA H200, 66543 MiB, 143771 MiB, 0 %, 124.75 W
2026/08/14 05:52:39.583, 0, NVIDIA H200, 66543 MiB, 143771 MiB, 0 %, 124.54 W
2026/08/14 05:52:40.585, 0, NVIDIA H200, 66543 MiB, 143771 MiB, 0 %, 124.67 W
2026/08/14 05:52:41.587, 0, NVIDIA H200, 66543 MiB, 143771 MiB, 0 %, 124.62 W
2026/08/14 05:52:42.590, 0, NVIDIA H200, 66543 MiB, 143771 MiB, 0 %, 124.62 W
2026/08/14 05:52:43.592, 0, NVIDIA H200, 66609 MiB, 143771 MiB, 3 %, 134.74 W
2026/08/14 05:52:44.594, 0, NVIDIA H200, 67245 MiB, 143771 MiB, 0 %, 136.52 W
2026/08/14 05:52:45.596, 0, NVIDIA H200, 67565 MiB, 143771 MiB, 0 %, 176.74 W
2026/08/14 05:52:46.600, 0, NVIDIA H200, 67565 MiB, 143771 MiB, 0 %, 124.28 W
2026/08/14 05:52:47.603, 0, NVIDIA H200, 67565 MiB, 143771 MiB, 0 %, 124.21 W
2026/08/14 05:52:48.606, 0, NVIDIA H200, 67565 MiB, 143771 MiB, 0 %, 124.39 W
2026/08/14 05:52:49.609, 0, NVIDIA H200, 67565 MiB, 143771 MiB, 0 %, 134.26 W
2026/08/14 05:52:50.611, 0, NVIDIA H200, 67565 MiB, 143771 MiB, 0 %, 126.86 W
2026/08/14 05:52:51.615, 0, NVIDIA H200, 67565 MiB, 143771 MiB, 0 %, 124.29 W
2026/08/14 05:52:52.617, 0, NVIDIA H200, 67565 MiB, 143771 MiB, 0 %, 124.11 W
2026/08/14 05:52:53.620, 0, NVIDIA H200, 67565 MiB, 143771 MiB, 0 %, 124.08 W
2026/08/14 05:52:54.623, 0, NVIDIA H200, 67565 MiB, 143771 MiB, 0 %, 124.09 W
2026/08/14 05:52:55.627, 0, NVIDIA H200, 67565 MiB, 143771 MiB, 0 %, 123.98 W
2026/08/14 05:52:56.631, 0, NVIDIA H200, 66797 MiB, 143771 MiB, 0 %, 135.32 W
2026/08/14 05:52:57.633, 0, NVIDIA H200, 66797 MiB, 143771 MiB, 0 %, 124.01 W
2026/08/14 05:52:58.636, 0, NVIDIA H200, 66797 MiB, 143771 MiB, 0 %, 123.99 W
2026/08/14 05:52:59.638, 0, NVIDIA H200, 66797 MiB, 143771 MiB, 0 %, 123.91 W
2026/08/14 05:53:00.640, 0, NVIDIA H200, 67191 MiB, 143771 MiB, 0 %, 133.86 W
2026/08/14 05:53:01.643, 0, NVIDIA H200, 67191 MiB, 143771 MiB, 0 %, 124.00 W
2026/08/14 05:53:02.646, 0, NVIDIA H200, 67191 MiB, 143771 MiB, 0 %, 124.03 W
2026/08/14 05:53:03.649, 0, NVIDIA H200, 67191 MiB, 143771 MiB, 0 %, 123.89 W
2026/08/14 05:53:04.652, 0, NVIDIA H200, 67191 MiB, 143771 MiB, 0 %, 123.99 W
2026/08/14 05:53:05.655, 0, NVIDIA H200, 67191 MiB, 143771 MiB, 0 %, 123.90 W
2026/08/14 05:53:06.658, 0, NVIDIA H200, 67193 MiB, 143771 MiB, 9 %, 136.75 W
2026/08/14 05:53:07.661, 0, NVIDIA H200, 67193 MiB, 143771 MiB, 0 %, 123.45 W
2026/08/14 05:53:08.663, 0, NVIDIA H200, 67195 MiB, 143771 MiB, 20 %, 128.05 W
2026/08/14 05:53:09.666, 0, NVIDIA H200, 67195 MiB, 143771 MiB, 0 %, 124.15 W
2026/08/14 05:53:10.669, 0, NVIDIA H200, 117123 MiB, 143771 MiB, 0 %, 127.13 W
2026/08/14 05:53:11.673, 0, NVIDIA H200, 117459 MiB, 143771 MiB, 0 %, 124.09 W
2026/08/14 05:53:12.675, 0, NVIDIA H200, 118231 MiB, 143771 MiB, 0 %, 148.67 W
2026/08/14 05:53:13.678, 0, NVIDIA H200, 117259 MiB, 143771 MiB, 36 %, 129.74 W
2026/08/14 05:53:14.680, 0, NVIDIA H200, 117287 MiB, 143771 MiB, 33 %, 137.57 W
2026/08/14 05:53:15.683, 0, NVIDIA H200, 117321 MiB, 143771 MiB, 23 %, 139.25 W
2026/08/14 05:53:16.685, 0, NVIDIA H200, 117347 MiB, 143771 MiB, 20 %, 134.26 W
2026/08/14 05:53:17.688, 0, NVIDIA H200, 117435 MiB, 143771 MiB, 16 %, 133.82 W
2026/08/14 05:53:18.692, 0, NVIDIA H200, 117683 MiB, 143771 MiB, 15 %, 131.14 W
2026/08/14 05:53:19.694, 0, NVIDIA H200, 117539 MiB, 143771 MiB, 13 %, 132.37 W
2026/08/14 05:53:20.697, 0, NVIDIA H200, 117803 MiB, 143771 MiB, 11 %, 127.76 W
2026/08/14 05:53:21.700, 0, NVIDIA H200, 117585 MiB, 143771 MiB, 2 %, 124.59 W
2026/08/14 05:53:22.703, 0, NVIDIA H200, 117791 MiB, 143771 MiB, 10 %, 126.77 W
2026/08/14 05:53:23.706, 0, NVIDIA H200, 117703 MiB, 143771 MiB, 8 %, 126.26 W
2026/08/14 05:53:24.708, 0, NVIDIA H200, 117781 MiB, 143771 MiB, 0 %, 126.35 W
2026/08/14 05:53:25.711, 0, NVIDIA H200, 117689 MiB, 143771 MiB, 4 %, 126.49 W
2026/08/14 05:53:26.713, 0, NVIDIA H200, 117769 MiB, 143771 MiB, 0 %, 125.65 W
2026/08/14 05:53:27.716, 0, NVIDIA H200, 117761 MiB, 143771 MiB, 2 %, 126.59 W
2026/08/14 05:53:28.719, 0, NVIDIA H200, 117775 MiB, 143771 MiB, 6 %, 126.11 W
2026/08/14 05:53:29.721, 0, NVIDIA H200, 118341 MiB, 143771 MiB, 5 %, 125.61 W
2026/08/14 05:53:30.724, 0, NVIDIA H200, 118357 MiB, 143771 MiB, 5 %, 132.82 W
2026/08/14 05:53:31.728, 0, NVIDIA H200, 118615 MiB, 143771 MiB, 5 %, 133.44 W
2026/08/14 05:53:32.730, 0, NVIDIA H200, 118409 MiB, 143771 MiB, 5 %, 130.02 W
2026/08/14 05:53:33.733, 0, NVIDIA H200, 118439 MiB, 143771 MiB, 5 %, 130.17 W
2026/08/14 05:53:34.736, 0, NVIDIA H200, 118485 MiB, 143771 MiB, 9 %, 132.04 W
2026/08/14 05:53:35.738, 0, NVIDIA H200, 118487 MiB, 143771 MiB, 93 %, 292.80 W
2026/08/14 05:53:36.747, 0, NVIDIA H200, 119671 MiB, 143771 MiB, 34 %, 354.91 W
2026/08/14 05:53:37.749, 0, NVIDIA H200, 119673 MiB, 143771 MiB, 98 %, 330.01 W
2026/08/14 05:53:38.757, 0, NVIDIA H200, 119673 MiB, 143771 MiB, 0 %, 334.02 W
2026/08/14 05:53:39.759, 0, NVIDIA H200, 119673 MiB, 143771 MiB, 0 %, 128.33 W
2026/08/14 05:53:40.764, 0, NVIDIA H200, 119673 MiB, 143771 MiB, 1 %, 124.29 W
2026/08/14 05:53:41.766, 0, NVIDIA H200, 119673 MiB, 143771 MiB, 0 %, 130.95 W
2026/08/14 05:53:42.770, 0, NVIDIA H200, 119673 MiB, 143771 MiB, 0 %, 124.66 W
2026/08/14 05:53:43.773, 0, NVIDIA H200, 119673 MiB, 143771 MiB, 0 %, 124.63 W
2026/08/14 05:53:44.778, 0, NVIDIA H200, 119673 MiB, 143771 MiB, 0 %, 124.61 W
2026/08/14 05:53:45.781, 0, NVIDIA H200, 119673 MiB, 143771 MiB, 0 %, 124.76 W
2026/08/14 05:53:46.783, 0, NVIDIA H200, 119673 MiB, 143771 MiB, 0 %, 125.96 W
2026/08/14 05:53:47.786, 0, NVIDIA H200, 119673 MiB, 143771 MiB, 0 %, 123.83 W
2026/08/14 05:53:48.790, 0, NVIDIA H200, 119675 MiB, 143771 MiB, 0 %, 125.66 W
2026/08/14 05:53:49.793, 0, NVIDIA H200, 119675 MiB, 143771 MiB, 0 %, 126.09 W
2026/08/14 05:53:50.797, 0, NVIDIA H200, 119675 MiB, 143771 MiB, 0 %, 123.85 W
2026/08/14 05:53:51.800, 0, NVIDIA H200, 119675 MiB, 143771 MiB, 0 %, 123.77 W
2026/08/14 05:53:52.812, 0, NVIDIA H200, 119675 MiB, 143771 MiB, 0 %, 123.73 W
2026/08/14 05:53:53.816, 0, NVIDIA H200, 119675 MiB, 143771 MiB, 0 %, 123.73 W
2026/08/14 05:53:54.820, 0, NVIDIA H200, 119675 MiB, 143771 MiB, 0 %, 134.90 W
2026/08/14 05:53:55.824, 0, NVIDIA H200, 119675 MiB, 143771 MiB, 0 %, 124.79 W
2026/08/14 05:53:56.838, 0, NVIDIA H200, 119675 MiB, 143771 MiB, 0 %, 152.13 W
2026/08/14 05:53:57.841, 0, NVIDIA H200, 119675 MiB, 143771 MiB, 0 %, 169.79 W
2026/08/14 05:53:58.852, 0, NVIDIA H200, 119675 MiB, 143771 MiB, 40 %, 194.43 W
2026/08/14 05:53:59.856, 0, NVIDIA H200, 119675 MiB, 143771 MiB, 35 %, 202.79 W
2026/08/14 05:54:00.859, 0, NVIDIA H200, 119675 MiB, 143771 MiB, 0 %, 196.71 W
2026/08/14 05:54:01.864, 0, NVIDIA H200, 119675 MiB, 143771 MiB, 100 %, 355.76 W
2026/08/14 05:54:02.867, 0, NVIDIA H200, 119675 MiB, 143771 MiB, 100 %, 360.39 W
2026/08/14 05:54:03.870, 0, NVIDIA H200, 119675 MiB, 143771 MiB, 100 %, 364.86 W
2026/08/14 05:54:04.879, 0, NVIDIA H200, 119675 MiB, 143771 MiB, 100 %, 360.53 W
2026/08/14 05:54:05.881, 0, NVIDIA H200, 119675 MiB, 143771 MiB, 100 %, 364.31 W
2026/08/14 05:54:06.884, 0, NVIDIA H200, 119675 MiB, 143771 MiB, 100 %, 366.29 W
2026/08/14 05:54:07.886, 0, NVIDIA H200, 119675 MiB, 143771 MiB, 100 %, 353.27 W
2026/08/14 05:54:08.890, 0, NVIDIA H200, 119675 MiB, 143771 MiB, 100 %, 356.76 W
2026/08/14 05:54:09.893, 0, NVIDIA H200, 119675 MiB, 143771 MiB, 100 %, 357.47 W
2026/08/14 05:54:10.896, 0, NVIDIA H200, 119675 MiB, 143771 MiB, 100 %, 360.55 W
2026/08/14 05:54:11.900, 0, NVIDIA H200, 119675 MiB, 143771 MiB, 100 %, 366.78 W
2026/08/14 05:54:12.903, 0, NVIDIA H200, 119675 MiB, 143771 MiB, 100 %, 365.31 W
2026/08/14 05:54:13.907, 0, NVIDIA H200, 119675 MiB, 143771 MiB, 100 %, 370.71 W
2026/08/14 05:54:14.912, 0, NVIDIA H200, 119675 MiB, 143771 MiB, 100 %, 369.23 W
2026/08/14 05:54:15.916, 0, NVIDIA H200, 119675 MiB, 143771 MiB, 100 %, 364.33 W
2026/08/14 05:54:16.919, 0, NVIDIA H200, 119675 MiB, 143771 MiB, 100 %, 362.45 W
2026/08/14 05:54:17.922, 0, NVIDIA H200, 119675 MiB, 143771 MiB, 17 %, 308.28 W
2026/08/14 05:54:18.924, 0, NVIDIA H200, 119675 MiB, 143771 MiB, 100 %, 297.81 W
2026/08/14 05:54:19.927, 0, NVIDIA H200, 119675 MiB, 143771 MiB, 100 %, 363.20 W
2026/08/14 05:54:20.931, 0, NVIDIA H200, 119675 MiB, 143771 MiB, 100 %, 360.62 W
2026/08/14 05:54:21.934, 0, NVIDIA H200, 119675 MiB, 143771 MiB, 0 %, 277.16 W
2026/08/14 05:54:22.936, 0, NVIDIA H200, 119675 MiB, 143771 MiB, 100 %, 221.92 W
2026/08/14 05:54:23.939, 0, NVIDIA H200, 119675 MiB, 143771 MiB, 0 %, 183.32 W
2026/08/14 05:54:24.941, 0, NVIDIA H200, 119675 MiB, 143771 MiB, 54 %, 231.30 W
2026/08/14 05:54:25.943, 0, NVIDIA H200, 119675 MiB, 143771 MiB, 100 %, 361.12 W
2026/08/14 05:54:26.946, 0, NVIDIA H200, 119675 MiB, 143771 MiB, 100 %, 356.77 W
2026/08/14 05:54:27.948, 0, NVIDIA H200, 119675 MiB, 143771 MiB, 100 %, 370.69 W
2026/08/14 05:54:28.954, 0, NVIDIA H200, 119675 MiB, 143771 MiB, 100 %, 356.92 W
2026/08/14 05:54:29.957, 0, NVIDIA H200, 119675 MiB, 143771 MiB, 64 %, 212.70 W
2026/08/14 05:54:30.960, 0, NVIDIA H200, 119675 MiB, 143771 MiB, 0 %, 212.33 W
2026/08/14 05:54:31.963, 0, NVIDIA H200, 119675 MiB, 143771 MiB, 0 %, 175.09 W
2026/08/14 05:54:32.967, 0, NVIDIA H200, 119675 MiB, 143771 MiB, 100 %, 342.05 W
2026/08/14 05:54:33.970, 0, NVIDIA H200, 119675 MiB, 143771 MiB, 100 %, 361.32 W
2026/08/14 05:54:34.974, 0, NVIDIA H200, 119675 MiB, 143771 MiB, 100 %, 362.52 W
2026/08/14 05:54:35.976, 0, NVIDIA H200, 119675 MiB, 143771 MiB, 100 %, 368.21 W
2026/08/14 05:54:36.980, 0, NVIDIA H200, 119675 MiB, 143771 MiB, 100 %, 368.48 W
2026/08/14 05:54:37.982, 0, NVIDIA H200, 119675 MiB, 143771 MiB, 100 %, 372.01 W
2026/08/14 05:54:38.986, 0, NVIDIA H200, 119675 MiB, 143771 MiB, 100 %, 368.53 W
2026/08/14 05:54:39.989, 0, NVIDIA H200, 119675 MiB, 143771 MiB, 100 %, 376.25 W
2026/08/14 05:54:40.993, 0, NVIDIA H200, 119675 MiB, 143771 MiB, 100 %, 366.56 W
2026/08/14 05:54:41.996, 0, NVIDIA H200, 119675 MiB, 143771 MiB, 100 %, 378.95 W
2026/08/14 05:54:42.998, 0, NVIDIA H200, 119675 MiB, 143771 MiB, 100 %, 392.24 W
2026/08/14 05:54:44.000, 0, NVIDIA H200, 119675 MiB, 143771 MiB, 100 %, 387.05 W
2026/08/14 05:54:45.003, 0, NVIDIA H200, 119675 MiB, 143771 MiB, 100 %, 361.21 W
2026/08/14 05:54:46.006, 0, NVIDIA H200, 119675 MiB, 143771 MiB, 0 %, 315.38 W
2026/08/14 05:54:47.009, 0, NVIDIA H200, 119675 MiB, 143771 MiB, 0 %, 196.81 W
2026/08/14 05:54:48.011, 0, NVIDIA H200, 119675 MiB, 143771 MiB, 52 %, 244.56 W
2026/08/14 05:54:49.016, 0, NVIDIA H200, 119675 MiB, 143771 MiB, 0 %, 199.38 W
2026/08/14 05:54:50.018, 0, NVIDIA H200, 119675 MiB, 143771 MiB, 100 %, 256.03 W
2026/08/14 05:54:51.022, 0, NVIDIA H200, 119675 MiB, 143771 MiB, 100 %, 359.13 W
2026/08/14 05:54:52.025, 0, NVIDIA H200, 119675 MiB, 143771 MiB, 100 %, 355.63 W
2026/08/14 05:54:53.027, 0, NVIDIA H200, 119675 MiB, 143771 MiB, 100 %, 371.27 W
2026/08/14 05:54:54.029, 0, NVIDIA H200, 119675 MiB, 143771 MiB, 100 %, 400.04 W
2026/08/14 05:54:55.032, 0, NVIDIA H200, 119675 MiB, 143771 MiB, 100 %, 398.97 W
2026/08/14 05:54:56.035, 0, NVIDIA H200, 119675 MiB, 143771 MiB, 100 %, 403.08 W
2026/08/14 05:54:57.038, 0, NVIDIA H200, 119675 MiB, 143771 MiB, 100 %, 403.78 W
2026/08/14 05:54:58.040, 0, NVIDIA H200, 119675 MiB, 143771 MiB, 100 %, 403.86 W
2026/08/14 05:54:59.043, 0, NVIDIA H200, 119675 MiB, 143771 MiB, 100 %, 403.21 W
2026/08/14 05:55:00.046, 0, NVIDIA H200, 119675 MiB, 143771 MiB, 100 %, 408.13 W
2026/08/14 05:55:01.049, 0, NVIDIA H200, 119675 MiB, 143771 MiB, 100 %, 408.44 W
2026/08/14 05:55:02.051, 0, NVIDIA H200, 119675 MiB, 143771 MiB, 100 %, 408.75 W
2026/08/14 05:55:03.053, 0, NVIDIA H200, 119675 MiB, 143771 MiB, 100 %, 408.53 W
2026/08/14 05:55:04.056, 0, NVIDIA H200, 119675 MiB, 143771 MiB, 100 %, 404.06 W
2026/08/14 05:55:05.058, 0, NVIDIA H200, 119675 MiB, 143771 MiB, 100 %, 404.51 W
2026/08/14 05:55:06.061, 0, NVIDIA H200, 119675 MiB, 143771 MiB, 100 %, 410.73 W
2026/08/14 05:55:07.062, 0, NVIDIA H200, 119675 MiB, 143771 MiB, 100 %, 412.58 W
2026/08/14 05:55:08.065, 0, NVIDIA H200, 119675 MiB, 143771 MiB, 100 %, 411.43 W
2026/08/14 05:55:09.067, 0, NVIDIA H200, 119675 MiB, 143771 MiB, 100 %, 411.29 W
2026/08/14 05:55:10.070, 0, NVIDIA H200, 119675 MiB, 143771 MiB, 100 %, 412.17 W
2026/08/14 05:55:11.072, 0, NVIDIA H200, 119675 MiB, 143771 MiB, 4 %, 220.05 W
2026/08/14 05:55:12.075, 0, NVIDIA H200, 119675 MiB, 143771 MiB, 91 %, 218.66 W
2026/08/14 05:55:13.078, 0, NVIDIA H200, 119675 MiB, 143771 MiB, 0 %, 203.74 W
2026/08/14 05:55:14.080, 0, NVIDIA H200, 119675 MiB, 143771 MiB, 72 %, 221.97 W
2026/08/14 05:55:15.083, 0, NVIDIA H200, 119675 MiB, 143771 MiB, 0 %, 195.07 W
2026/08/14 05:55:16.087, 0, NVIDIA H200, 119675 MiB, 143771 MiB, 100 %, 251.00 W
2026/08/14 05:55:17.089, 0, NVIDIA H200, 119675 MiB, 143771 MiB, 100 %, 361.94 W
2026/08/14 05:55:18.091, 0, NVIDIA H200, 119675 MiB, 143771 MiB, 100 %, 358.74 W
2026/08/14 05:55:19.093, 0, NVIDIA H200, 119675 MiB, 143771 MiB, 100 %, 354.85 W
2026/08/14 05:55:20.095, 0, NVIDIA H200, 119675 MiB, 143771 MiB, 100 %, 360.25 W
2026/08/14 05:55:21.097, 0, NVIDIA H200, 119675 MiB, 143771 MiB, 100 %, 360.27 W
2026/08/14 05:55:22.099, 0, NVIDIA H200, 119675 MiB, 143771 MiB, 100 %, 359.67 W
2026/08/14 05:55:23.102, 0, NVIDIA H200, 119675 MiB, 143771 MiB, 100 %, 360.99 W
2026/08/14 05:55:24.104, 0, NVIDIA H200, 119675 MiB, 143771 MiB, 100 %, 363.21 W
2026/08/14 05:55:25.106, 0, NVIDIA H200, 119675 MiB, 143771 MiB, 100 %, 366.97 W
2026/08/14 05:55:26.108, 0, NVIDIA H200, 119675 MiB, 143771 MiB, 100 %, 363.16 W
2026/08/14 05:55:27.110, 0, NVIDIA H200, 119675 MiB, 143771 MiB, 100 %, 361.48 W
2026/08/14 05:55:28.112, 0, NVIDIA H200, 119675 MiB, 143771 MiB, 100 %, 358.33 W
2026/08/14 05:55:29.115, 0, NVIDIA H200, 119675 MiB, 143771 MiB, 100 %, 372.37 W
2026/08/14 05:55:30.117, 0, NVIDIA H200, 119675 MiB, 143771 MiB, 100 %, 358.74 W
2026/08/14 05:55:31.119, 0, NVIDIA H200, 119675 MiB, 143771 MiB, 100 %, 361.05 W
2026/08/14 05:55:32.121, 0, NVIDIA H200, 119675 MiB, 143771 MiB, 100 %, 362.89 W
2026/08/14 05:55:33.124, 0, NVIDIA H200, 119675 MiB, 143771 MiB, 100 %, 362.77 W
2026/08/14 05:55:34.127, 0, NVIDIA H200, 119675 MiB, 143771 MiB, 100 %, 369.38 W
2026/08/14 05:55:35.129, 0, NVIDIA H200, 119675 MiB, 143771 MiB, 100 %, 365.02 W
2026/08/14 05:55:36.133, 0, NVIDIA H200, 119675 MiB, 143771 MiB, 100 %, 364.66 W
2026/08/14 05:55:37.136, 0, NVIDIA H200, 119675 MiB, 143771 MiB, 100 %, 364.83 W
2026/08/14 05:55:38.140, 0, NVIDIA H200, 119675 MiB, 143771 MiB, 100 %, 359.68 W
2026/08/14 05:55:39.142, 0, NVIDIA H200, 119675 MiB, 143771 MiB, 100 %, 363.76 W
2026/08/14 05:55:40.146, 0, NVIDIA H200, 119675 MiB, 143771 MiB, 100 %, 365.06 W
2026/08/14 05:55:41.148, 0, NVIDIA H200, 119675 MiB, 143771 MiB, 100 %, 371.99 W
2026/08/14 05:55:42.151, 0, NVIDIA H200, 119675 MiB, 143771 MiB, 100 %, 368.52 W
2026/08/14 05:55:43.153, 0, NVIDIA H200, 119675 MiB, 143771 MiB, 0 %, 242.83 W
2026/08/14 05:55:44.157, 0, NVIDIA H200, 119675 MiB, 143771 MiB, 44 %, 241.61 W
2026/08/14 05:55:45.159, 0, NVIDIA H200, 119675 MiB, 143771 MiB, 0 %, 211.53 W
2026/08/14 05:55:46.161, 0, NVIDIA H200, 119675 MiB, 143771 MiB, 100 %, 256.96 W
2026/08/14 05:55:47.164, 0, NVIDIA H200, 119675 MiB, 143771 MiB, 100 %, 356.66 W
2026/08/14 05:55:48.168, 0, NVIDIA H200, 119675 MiB, 143771 MiB, 100 %, 361.09 W
2026/08/14 05:55:49.170, 0, NVIDIA H200, 119675 MiB, 143771 MiB, 100 %, 372.68 W
2026/08/14 05:55:50.173, 0, NVIDIA H200, 119675 MiB, 143771 MiB, 100 %, 355.71 W
2026/08/14 05:55:51.176, 0, NVIDIA H200, 119675 MiB, 143771 MiB, 100 %, 354.34 W
2026/08/14 05:55:52.179, 0, NVIDIA H200, 119675 MiB, 143771 MiB, 100 %, 362.13 W
2026/08/14 05:55:53.180, 0, NVIDIA H200, 119675 MiB, 143771 MiB, 100 %, 356.58 W
2026/08/14 05:55:54.184, 0, NVIDIA H200, 119675 MiB, 143771 MiB, 100 %, 360.19 W
2026/08/14 05:55:55.189, 0, NVIDIA H200, 119675 MiB, 143771 MiB, 100 %, 373.49 W
2026/08/14 05:55:56.193, 0, NVIDIA H200, 119675 MiB, 143771 MiB, 100 %, 359.97 W
2026/08/14 05:55:57.198, 0, NVIDIA H200, 119675 MiB, 143771 MiB, 0 %, 258.27 W
2026/08/14 05:55:58.202, 0, NVIDIA H200, 119675 MiB, 143771 MiB, 100 %, 350.52 W
2026/08/14 05:55:59.208, 0, NVIDIA H200, 119675 MiB, 143771 MiB, 100 %, 353.51 W
2026/08/14 05:56:00.212, 0, NVIDIA H200, 119675 MiB, 143771 MiB, 100 %, 356.97 W
2026/08/14 05:56:01.214, 0, NVIDIA H200, 119675 MiB, 143771 MiB, 100 %, 364.86 W
2026/08/14 05:56:02.216, 0, NVIDIA H200, 119675 MiB, 143771 MiB, 100 %, 364.05 W
2026/08/14 05:56:03.219, 0, NVIDIA H200, 119675 MiB, 143771 MiB, 100 %, 356.70 W
2026/08/14 05:56:04.224, 0, NVIDIA H200, 119675 MiB, 143771 MiB, 100 %, 362.54 W
2026/08/14 05:56:05.230, 0, NVIDIA H200, 119675 MiB, 143771 MiB, 0 %, 192.07 W
2026/08/14 05:56:06.234, 0, NVIDIA H200, 119675 MiB, 143771 MiB, 100 %, 238.60 W
2026/08/14 05:56:07.238, 0, NVIDIA H200, 119675 MiB, 143771 MiB, 0 %, 182.78 W
2026/08/14 05:56:08.241, 0, NVIDIA H200, 119675 MiB, 143771 MiB, 100 %, 356.18 W
2026/08/14 05:56:09.245, 0, NVIDIA H200, 119675 MiB, 143771 MiB, 100 %, 352.07 W
2026/08/14 05:56:10.248, 0, NVIDIA H200, 119675 MiB, 143771 MiB, 100 %, 358.20 W
2026/08/14 05:56:11.251, 0, NVIDIA H200, 119675 MiB, 143771 MiB, 100 %, 263.83 W
2026/08/14 05:56:12.255, 0, NVIDIA H200, 119675 MiB, 143771 MiB, 100 %, 355.86 W
2026/08/14 05:56:13.258, 0, NVIDIA H200, 119675 MiB, 143771 MiB, 100 %, 359.79 W
2026/08/14 05:56:14.260, 0, NVIDIA H200, 119675 MiB, 143771 MiB, 100 %, 365.71 W
2026/08/14 05:56:15.263, 0, NVIDIA H200, 119675 MiB, 143771 MiB, 100 %, 355.66 W
2026/08/14 05:56:16.265, 0, NVIDIA H200, 119675 MiB, 143771 MiB, 100 %, 357.01 W
2026/08/14 05:56:17.266, 0, NVIDIA H200, 119675 MiB, 143771 MiB, 0 %, 217.25 W
2026/08/14 05:56:18.268, 0, NVIDIA H200, 119675 MiB, 143771 MiB, 38 %, 240.55 W
2026/08/14 05:56:19.271, 0, NVIDIA H200, 119675 MiB, 143771 MiB, 0 %, 200.83 W
2026/08/14 05:56:20.273, 0, NVIDIA H200, 119675 MiB, 143771 MiB, 100 %, 317.85 W
2026/08/14 05:56:21.275, 0, NVIDIA H200, 119675 MiB, 143771 MiB, 100 %, 359.63 W
2026/08/14 05:56:22.280, 0, NVIDIA H200, 119675 MiB, 143771 MiB, 100 %, 359.23 W
2026/08/14 05:56:23.282, 0, NVIDIA H200, 119675 MiB, 143771 MiB, 100 %, 360.36 W
2026/08/14 05:56:24.285, 0, NVIDIA H200, 119675 MiB, 143771 MiB, 100 %, 263.32 W
2026/08/14 05:56:25.288, 0, NVIDIA H200, 119675 MiB, 143771 MiB, 100 %, 354.07 W
2026/08/14 05:56:26.291, 0, NVIDIA H200, 119675 MiB, 143771 MiB, 100 %, 356.48 W
2026/08/14 05:56:27.294, 0, NVIDIA H200, 119675 MiB, 143771 MiB, 100 %, 364.45 W
2026/08/14 05:56:28.297, 0, NVIDIA H200, 119675 MiB, 143771 MiB, 100 %, 365.43 W
2026/08/14 05:56:29.300, 0, NVIDIA H200, 119675 MiB, 143771 MiB, 100 %, 366.04 W
2026/08/14 05:56:30.303, 0, NVIDIA H200, 119675 MiB, 143771 MiB, 78 %, 339.36 W
2026/08/14 05:56:31.306, 0, NVIDIA H200, 119675 MiB, 143771 MiB, 10 %, 192.61 W
2026/08/14 05:56:32.310, 0, NVIDIA H200, 119675 MiB, 143771 MiB, 19 %, 243.55 W
2026/08/14 05:56:33.314, 0, NVIDIA H200, 119675 MiB, 143771 MiB, 93 %, 220.74 W
2026/08/14 05:56:34.316, 0, NVIDIA H200, 119675 MiB, 143771 MiB, 100 %, 357.13 W
2026/08/14 05:56:35.319, 0, NVIDIA H200, 119675 MiB, 143771 MiB, 100 %, 362.64 W
2026/08/14 05:56:36.321, 0, NVIDIA H200, 119675 MiB, 143771 MiB, 100 %, 360.07 W
2026/08/14 05:56:37.324, 0, NVIDIA H200, 119675 MiB, 143771 MiB, 100 %, 355.93 W
2026/08/14 05:56:38.327, 0, NVIDIA H200, 119675 MiB, 143771 MiB, 100 %, 358.64 W
2026/08/14 05:56:39.330, 0, NVIDIA H200, 119675 MiB, 143771 MiB, 100 %, 372.60 W
2026/08/14 05:56:40.333, 0, NVIDIA H200, 119675 MiB, 143771 MiB, 100 %, 370.31 W
2026/08/14 05:56:41.336, 0, NVIDIA H200, 119675 MiB, 143771 MiB, 100 %, 360.04 W
2026/08/14 05:56:42.338, 0, NVIDIA H200, 119675 MiB, 143771 MiB, 100 %, 359.32 W
2026/08/14 05:56:43.342, 0, NVIDIA H200, 119675 MiB, 143771 MiB, 100 %, 367.82 W
2026/08/14 05:56:44.344, 0, NVIDIA H200, 119675 MiB, 143771 MiB, 100 %, 358.00 W
2026/08/14 05:56:45.347, 0, NVIDIA H200, 119675 MiB, 143771 MiB, 100 %, 366.37 W
2026/08/14 05:56:46.353, 0, NVIDIA H200, 119675 MiB, 143771 MiB, 100 %, 376.73 W
2026/08/14 05:56:47.356, 0, NVIDIA H200, 119675 MiB, 143771 MiB, 100 %, 362.59 W
2026/08/14 05:56:48.358, 0, NVIDIA H200, 119675 MiB, 143771 MiB, 100 %, 359.55 W
2026/08/14 05:56:49.364, 0, NVIDIA H200, 119675 MiB, 143771 MiB, 100 %, 364.25 W
2026/08/14 05:56:50.368, 0, NVIDIA H200, 119675 MiB, 143771 MiB, 100 %, 376.86 W
2026/08/14 05:56:51.370, 0, NVIDIA H200, 119675 MiB, 143771 MiB, 100 %, 366.27 W
2026/08/14 05:56:52.373, 0, NVIDIA H200, 119675 MiB, 143771 MiB, 100 %, 375.39 W
2026/08/14 05:56:53.376, 0, NVIDIA H200, 119675 MiB, 143771 MiB, 100 %, 373.23 W
2026/08/14 05:56:54.380, 0, NVIDIA H200, 119675 MiB, 143771 MiB, 100 %, 364.72 W
2026/08/14 05:56:55.384, 0, NVIDIA H200, 119675 MiB, 143771 MiB, 100 %, 383.07 W
2026/08/14 05:56:56.387, 0, NVIDIA H200, 119675 MiB, 143771 MiB, 100 %, 369.85 W
2026/08/14 05:56:57.390, 0, NVIDIA H200, 119675 MiB, 143771 MiB, 100 %, 365.56 W
2026/08/14 05:56:58.392, 0, NVIDIA H200, 119675 MiB, 143771 MiB, 100 %, 366.48 W
2026/08/14 05:56:59.396, 0, NVIDIA H200, 119675 MiB, 143771 MiB, 100 %, 374.66 W
2026/08/14 05:57:00.398, 0, NVIDIA H200, 119675 MiB, 143771 MiB, 100 %, 392.55 W
2026/08/14 05:57:01.400, 0, NVIDIA H200, 119675 MiB, 143771 MiB, 100 %, 369.49 W
2026/08/14 05:57:02.402, 0, NVIDIA H200, 119675 MiB, 143771 MiB, 100 %, 342.00 W
2026/08/14 05:57:03.405, 0, NVIDIA H200, 119675 MiB, 143771 MiB, 100 %, 282.60 W
2026/08/14 05:57:04.407, 0, NVIDIA H200, 119675 MiB, 143771 MiB, 100 %, 358.83 W
2026/08/14 05:57:05.410, 0, NVIDIA H200, 119675 MiB, 143771 MiB, 100 %, 368.35 W
2026/08/14 05:57:06.412, 0, NVIDIA H200, 119675 MiB, 143771 MiB, 100 %, 358.37 W
2026/08/14 05:57:07.415, 0, NVIDIA H200, 119675 MiB, 143771 MiB, 100 %, 356.68 W
2026/08/14 05:57:08.417, 0, NVIDIA H200, 119675 MiB, 143771 MiB, 100 %, 360.81 W
2026/08/14 05:57:09.420, 0, NVIDIA H200, 119675 MiB, 143771 MiB, 100 %, 361.84 W
2026/08/14 05:57:10.424, 0, NVIDIA H200, 119675 MiB, 143771 MiB, 100 %, 367.90 W
2026/08/14 05:57:11.428, 0, NVIDIA H200, 119675 MiB, 143771 MiB, 100 %, 381.22 W
2026/08/14 05:57:12.430, 0, NVIDIA H200, 119675 MiB, 143771 MiB, 100 %, 362.07 W
2026/08/14 05:57:13.433, 0, NVIDIA H200, 119675 MiB, 143771 MiB, 100 %, 379.10 W
2026/08/14 05:57:14.436, 0, NVIDIA H200, 119675 MiB, 143771 MiB, 100 %, 368.03 W
2026/08/14 05:57:15.439, 0, NVIDIA H200, 119675 MiB, 143771 MiB, 100 %, 378.43 W
2026/08/14 05:57:16.442, 0, NVIDIA H200, 119675 MiB, 143771 MiB, 100 %, 372.94 W
2026/08/14 05:57:17.444, 0, NVIDIA H200, 119675 MiB, 143771 MiB, 100 %, 362.91 W
2026/08/14 05:57:18.446, 0, NVIDIA H200, 119675 MiB, 143771 MiB, 100 %, 371.57 W
2026/08/14 05:57:19.448, 0, NVIDIA H200, 119675 MiB, 143771 MiB, 100 %, 385.65 W
2026/08/14 05:57:20.451, 0, NVIDIA H200, 119675 MiB, 143771 MiB, 100 %, 388.01 W
2026/08/14 05:57:21.453, 0, NVIDIA H200, 119675 MiB, 143771 MiB, 100 %, 374.22 W
2026/08/14 05:57:22.456, 0, NVIDIA H200, 119675 MiB, 143771 MiB, 100 %, 372.84 W
2026/08/14 05:57:23.458, 0, NVIDIA H200, 119675 MiB, 143771 MiB, 100 %, 368.72 W
2026/08/14 05:57:24.460, 0, NVIDIA H200, 119675 MiB, 143771 MiB, 100 %, 363.17 W
2026/08/14 05:57:25.463, 0, NVIDIA H200, 119675 MiB, 143771 MiB, 100 %, 379.22 W
2026/08/14 05:57:26.466, 0, NVIDIA H200, 119675 MiB, 143771 MiB, 45 %, 184.87 W
2026/08/14 05:57:27.468, 0, NVIDIA H200, 119675 MiB, 143771 MiB, 66 %, 240.53 W
2026/08/14 05:57:28.471, 0, NVIDIA H200, 119675 MiB, 143771 MiB, 11 %, 203.96 W
2026/08/14 05:57:29.475, 0, NVIDIA H200, 119675 MiB, 143771 MiB, 100 %, 358.84 W
2026/08/14 05:57:30.477, 0, NVIDIA H200, 119675 MiB, 143771 MiB, 97 %, 349.28 W
2026/08/14 05:57:31.479, 0, NVIDIA H200, 119675 MiB, 143771 MiB, 100 %, 360.25 W
2026/08/14 05:57:32.482, 0, NVIDIA H200, 119675 MiB, 143771 MiB, 100 %, 364.26 W
2026/08/14 05:57:33.484, 0, NVIDIA H200, 119675 MiB, 143771 MiB, 100 %, 380.78 W
2026/08/14 05:57:34.486, 0, NVIDIA H200, 119675 MiB, 143771 MiB, 100 %, 267.47 W
2026/08/14 05:57:35.489, 0, NVIDIA H200, 119675 MiB, 143771 MiB, 100 %, 355.71 W
2026/08/14 05:57:36.492, 0, NVIDIA H200, 119675 MiB, 143771 MiB, 100 %, 361.57 W
2026/08/14 05:57:37.495, 0, NVIDIA H200, 119675 MiB, 143771 MiB, 100 %, 369.90 W
2026/08/14 05:57:38.498, 0, NVIDIA H200, 119675 MiB, 143771 MiB, 0 %, 216.50 W
2026/08/14 05:57:39.501, 0, NVIDIA H200, 119675 MiB, 143771 MiB, 52 %, 235.48 W
2026/08/14 05:57:40.504, 0, NVIDIA H200, 119675 MiB, 143771 MiB, 80 %, 202.38 W
2026/08/14 05:57:41.506, 0, NVIDIA H200, 119675 MiB, 143771 MiB, 100 %, 359.80 W
2026/08/14 05:57:42.508, 0, NVIDIA H200, 119675 MiB, 143771 MiB, 100 %, 356.86 W
2026/08/14 05:57:43.510, 0, NVIDIA H200, 119675 MiB, 143771 MiB, 100 %, 362.47 W
2026/08/14 05:57:44.513, 0, NVIDIA H200, 119675 MiB, 143771 MiB, 100 %, 376.90 W
2026/08/14 05:57:45.515, 0, NVIDIA H200, 119675 MiB, 143771 MiB, 81 %, 371.78 W
2026/08/14 05:57:46.517, 0, NVIDIA H200, 119675 MiB, 143771 MiB, 100 %, 268.40 W
2026/08/14 05:57:47.519, 0, NVIDIA H200, 119675 MiB, 143771 MiB, 100 %, 356.70 W
2026/08/14 05:57:48.522, 0, NVIDIA H200, 119675 MiB, 143771 MiB, 100 %, 360.01 W
2026/08/14 05:57:49.524, 0, NVIDIA H200, 119675 MiB, 143771 MiB, 100 %, 379.01 W
2026/08/14 05:57:50.527, 0, NVIDIA H200, 119675 MiB, 143771 MiB, 0 %, 288.07 W
2026/08/14 05:57:51.530, 0, NVIDIA H200, 119675 MiB, 143771 MiB, 29 %, 277.45 W
2026/08/14 05:57:52.532, 0, NVIDIA H200, 119675 MiB, 143771 MiB, 0 %, 193.62 W
2026/08/14 05:57:53.534, 0, NVIDIA H200, 119675 MiB, 143771 MiB, 100 %, 232.76 W
2026/08/14 05:57:54.537, 0, NVIDIA H200, 119675 MiB, 143771 MiB, 100 %, 361.98 W
2026/08/14 05:57:55.539, 0, NVIDIA H200, 119675 MiB, 143771 MiB, 100 %, 368.01 W
2026/08/14 05:57:56.541, 0, NVIDIA H200, 119675 MiB, 143771 MiB, 0 %, 192.55 W
2026/08/14 05:57:57.544, 0, NVIDIA H200, 119675 MiB, 143771 MiB, 100 %, 233.41 W
2026/08/14 05:57:58.547, 0, NVIDIA H200, 119675 MiB, 143771 MiB, 0 %, 187.63 W
2026/08/14 05:57:59.550, 0, NVIDIA H200, 119675 MiB, 143771 MiB, 100 %, 328.22 W
2026/08/14 05:58:00.553, 0, NVIDIA H200, 119675 MiB, 143771 MiB, 100 %, 360.80 W
2026/08/14 05:58:01.556, 0, NVIDIA H200, 119675 MiB, 143771 MiB, 100 %, 260.89 W
2026/08/14 05:58:02.558, 0, NVIDIA H200, 119675 MiB, 143771 MiB, 100 %, 361.30 W
2026/08/14 05:58:03.560, 0, NVIDIA H200, 119675 MiB, 143771 MiB, 100 %, 360.28 W
2026/08/14 05:58:04.562, 0, NVIDIA H200, 119675 MiB, 143771 MiB, 100 %, 357.96 W
2026/08/14 05:58:05.564, 0, NVIDIA H200, 119675 MiB, 143771 MiB, 100 %, 366.09 W
2026/08/14 05:58:06.567, 0, NVIDIA H200, 119675 MiB, 143771 MiB, 0 %, 339.39 W
2026/08/14 05:58:07.569, 0, NVIDIA H200, 119675 MiB, 143771 MiB, 51 %, 186.33 W
2026/08/14 05:58:08.572, 0, NVIDIA H200, 119675 MiB, 143771 MiB, 0 %, 220.67 W
2026/08/14 05:58:09.575, 0, NVIDIA H200, 119675 MiB, 143771 MiB, 34 %, 193.89 W
2026/08/14 05:58:10.578, 0, NVIDIA H200, 119675 MiB, 143771 MiB, 100 %, 360.24 W
2026/08/14 05:58:11.579, 0, NVIDIA H200, 119675 MiB, 143771 MiB, 100 %, 362.37 W
2026/08/14 05:58:12.583, 0, NVIDIA H200, 119675 MiB, 143771 MiB, 100 %, 357.77 W
2026/08/14 05:58:13.585, 0, NVIDIA H200, 119675 MiB, 143771 MiB, 100 %, 364.37 W
2026/08/14 05:58:14.587, 0, NVIDIA H200, 119675 MiB, 143771 MiB, 100 %, 360.32 W
2026/08/14 05:58:15.589, 0, NVIDIA H200, 119675 MiB, 143771 MiB, 100 %, 360.55 W
2026/08/14 05:58:16.591, 0, NVIDIA H200, 119675 MiB, 143771 MiB, 100 %, 366.35 W
2026/08/14 05:58:17.594, 0, NVIDIA H200, 119675 MiB, 143771 MiB, 100 %, 370.39 W
2026/08/14 05:58:18.596, 0, NVIDIA H200, 119675 MiB, 143771 MiB, 100 %, 372.09 W
2026/08/14 05:58:19.600, 0, NVIDIA H200, 119675 MiB, 143771 MiB, 100 %, 372.30 W
2026/08/14 05:58:20.603, 0, NVIDIA H200, 119675 MiB, 143771 MiB, 100 %, 381.15 W
2026/08/14 05:58:21.607, 0, NVIDIA H200, 119675 MiB, 143771 MiB, 100 %, 363.17 W
2026/08/14 05:58:22.609, 0, NVIDIA H200, 119675 MiB, 143771 MiB, 100 %, 362.77 W
2026/08/14 05:58:23.614, 0, NVIDIA H200, 119675 MiB, 143771 MiB, 100 %, 370.50 W
2026/08/14 05:58:24.617, 0, NVIDIA H200, 119675 MiB, 143771 MiB, 100 %, 366.57 W
2026/08/14 05:58:25.633, 0, NVIDIA H200, 119675 MiB, 143771 MiB, 100 %, 366.86 W
2026/08/14 05:58:26.636, 0, NVIDIA H200, 119675 MiB, 143771 MiB, 100 %, 352.07 W
2026/08/14 05:58:27.639, 0, NVIDIA H200, 119675 MiB, 143771 MiB, 0 %, 205.75 W
2026/08/14 05:58:28.641, 0, NVIDIA H200, 119675 MiB, 143771 MiB, 73 %, 238.35 W
2026/08/14 05:58:29.644, 0, NVIDIA H200, 119675 MiB, 143771 MiB, 30 %, 219.21 W
2026/08/14 05:58:30.647, 0, NVIDIA H200, 119675 MiB, 143771 MiB, 0 %, 177.24 W
2026/08/14 05:58:31.651, 0, NVIDIA H200, 119675 MiB, 143771 MiB, 100 %, 371.12 W
2026/08/14 05:58:32.653, 0, NVIDIA H200, 119675 MiB, 143771 MiB, 100 %, 372.73 W
2026/08/14 05:58:33.655, 0, NVIDIA H200, 119675 MiB, 143771 MiB, 100 %, 364.76 W
2026/08/14 05:58:34.657, 0, NVIDIA H200, 119675 MiB, 143771 MiB, 100 %, 365.15 W
2026/08/14 05:58:35.660, 0, NVIDIA H200, 119675 MiB, 143771 MiB, 100 %, 366.12 W
2026/08/14 05:58:36.662, 0, NVIDIA H200, 119675 MiB, 143771 MiB, 100 %, 372.51 W
2026/08/14 05:58:37.664, 0, NVIDIA H200, 119675 MiB, 143771 MiB, 100 %, 368.92 W
2026/08/14 05:58:38.667, 0, NVIDIA H200, 119675 MiB, 143771 MiB, 100 %, 368.18 W
2026/08/14 05:58:39.669, 0, NVIDIA H200, 119675 MiB, 143771 MiB, 100 %, 249.27 W
2026/08/14 05:58:40.671, 0, NVIDIA H200, 119675 MiB, 143771 MiB, 100 %, 382.04 W
2026/08/14 05:58:41.680, 0, NVIDIA H200, 119675 MiB, 143771 MiB, 100 %, 370.68 W
2026/08/14 05:58:42.683, 0, NVIDIA H200, 119675 MiB, 143771 MiB, 100 %, 361.44 W
2026/08/14 05:58:43.686, 0, NVIDIA H200, 119675 MiB, 143771 MiB, 0 %, 195.43 W
2026/08/14 05:58:44.688, 0, NVIDIA H200, 119675 MiB, 143771 MiB, 25 %, 229.71 W
2026/08/14 05:58:45.691, 0, NVIDIA H200, 119675 MiB, 143771 MiB, 0 %, 198.57 W
2026/08/14 05:58:46.694, 0, NVIDIA H200, 119675 MiB, 143771 MiB, 83 %, 217.95 W
2026/08/14 05:58:47.697, 0, NVIDIA H200, 119675 MiB, 143771 MiB, 0 %, 184.63 W
2026/08/14 05:58:48.700, 0, NVIDIA H200, 119675 MiB, 143771 MiB, 56 %, 227.84 W
2026/08/14 05:58:49.702, 0, NVIDIA H200, 119675 MiB, 143771 MiB, 100 %, 371.71 W
2026/08/14 05:58:50.705, 0, NVIDIA H200, 119675 MiB, 143771 MiB, 100 %, 374.03 W
2026/08/14 05:58:51.707, 0, NVIDIA H200, 119675 MiB, 143771 MiB, 100 %, 365.07 W
2026/08/14 05:58:52.709, 0, NVIDIA H200, 119675 MiB, 143771 MiB, 100 %, 360.70 W
2026/08/14 05:58:53.712, 0, NVIDIA H200, 119675 MiB, 143771 MiB, 100 %, 366.45 W
2026/08/14 05:58:54.714, 0, NVIDIA H200, 119675 MiB, 143771 MiB, 100 %, 364.43 W
2026/08/14 05:58:55.717, 0, NVIDIA H200, 119675 MiB, 143771 MiB, 100 %, 362.80 W
2026/08/14 05:58:56.720, 0, NVIDIA H200, 119675 MiB, 143771 MiB, 100 %, 368.70 W
2026/08/14 05:58:57.722, 0, NVIDIA H200, 119675 MiB, 143771 MiB, 100 %, 364.54 W
2026/08/14 05:58:58.725, 0, NVIDIA H200, 119675 MiB, 143771 MiB, 100 %, 369.57 W
2026/08/14 05:58:59.727, 0, NVIDIA H200, 119675 MiB, 143771 MiB, 100 %, 384.59 W
2026/08/14 05:59:00.731, 0, NVIDIA H200, 119675 MiB, 143771 MiB, 100 %, 367.66 W
2026/08/14 05:59:01.734, 0, NVIDIA H200, 119675 MiB, 143771 MiB, 100 %, 395.53 W
2026/08/14 05:59:02.743, 0, NVIDIA H200, 119675 MiB, 143771 MiB, 100 %, 372.57 W
2026/08/14 05:59:03.745, 0, NVIDIA H200, 119675 MiB, 143771 MiB, 100 %, 378.40 W
2026/08/14 05:59:04.750, 0, NVIDIA H200, 119675 MiB, 143771 MiB, 100 %, 383.09 W
2026/08/14 05:59:05.752, 0, NVIDIA H200, 119675 MiB, 143771 MiB, 100 %, 395.35 W
2026/08/14 05:59:06.756, 0, NVIDIA H200, 119675 MiB, 143771 MiB, 100 %, 385.09 W
2026/08/14 05:59:07.757, 0, NVIDIA H200, 119675 MiB, 143771 MiB, 100 %, 388.97 W
2026/08/14 05:59:08.761, 0, NVIDIA H200, 119675 MiB, 143771 MiB, 100 %, 384.78 W
2026/08/14 05:59:09.763, 0, NVIDIA H200, 119675 MiB, 143771 MiB, 100 %, 395.56 W
2026/08/14 05:59:10.768, 0, NVIDIA H200, 119675 MiB, 143771 MiB, 100 %, 392.00 W
2026/08/14 05:59:11.771, 0, NVIDIA H200, 119675 MiB, 143771 MiB, 100 %, 393.67 W
2026/08/14 05:59:12.777, 0, NVIDIA H200, 119675 MiB, 143771 MiB, 100 %, 388.78 W
2026/08/14 05:59:13.779, 0, NVIDIA H200, 119675 MiB, 143771 MiB, 100 %, 391.41 W
2026/08/14 05:59:14.785, 0, NVIDIA H200, 119675 MiB, 143771 MiB, 100 %, 397.10 W
2026/08/14 05:59:15.788, 0, NVIDIA H200, 119675 MiB, 143771 MiB, 100 %, 241.49 W
2026/08/14 05:59:16.790, 0, NVIDIA H200, 119675 MiB, 143771 MiB, 100 %, 387.63 W
2026/08/14 05:59:17.793, 0, NVIDIA H200, 119675 MiB, 143771 MiB, 100 %, 365.90 W
2026/08/14 05:59:18.796, 0, NVIDIA H200, 119675 MiB, 143771 MiB, 100 %, 373.53 W
2026/08/14 05:59:19.799, 0, NVIDIA H200, 119675 MiB, 143771 MiB, 100 %, 368.02 W
2026/08/14 05:59:20.803, 0, NVIDIA H200, 119675 MiB, 143771 MiB, 0 %, 330.10 W
2026/08/14 05:59:21.805, 0, NVIDIA H200, 119675 MiB, 143771 MiB, 92 %, 224.25 W
2026/08/14 05:59:22.812, 0, NVIDIA H200, 119675 MiB, 143771 MiB, 0 %, 229.45 W
2026/08/14 05:59:23.814, 0, NVIDIA H200, 119675 MiB, 143771 MiB, 7 %, 187.55 W
2026/08/14 05:59:24.818, 0, NVIDIA H200, 119675 MiB, 143771 MiB, 100 %, 365.03 W
2026/08/14 05:59:25.820, 0, NVIDIA H200, 119675 MiB, 143771 MiB, 100 %, 374.38 W
2026/08/14 05:59:26.826, 0, NVIDIA H200, 119675 MiB, 143771 MiB, 100 %, 372.62 W
2026/08/14 05:59:27.828, 0, NVIDIA H200, 119675 MiB, 143771 MiB, 100 %, 383.97 W
2026/08/14 05:59:28.832, 0, NVIDIA H200, 119675 MiB, 143771 MiB, 100 %, 377.78 W
2026/08/14 05:59:29.837, 0, NVIDIA H200, 119675 MiB, 143771 MiB, 100 %, 382.55 W
2026/08/14 05:59:30.845, 0, NVIDIA H200, 119675 MiB, 143771 MiB, 100 %, 376.60 W
2026/08/14 05:59:31.847, 0, NVIDIA H200, 119675 MiB, 143771 MiB, 100 %, 385.24 W
2026/08/14 05:59:32.851, 0, NVIDIA H200, 119675 MiB, 143771 MiB, 100 %, 372.62 W
2026/08/14 05:59:33.853, 0, NVIDIA H200, 119675 MiB, 143771 MiB, 100 %, 370.99 W
2026/08/14 05:59:34.859, 0, NVIDIA H200, 119675 MiB, 143771 MiB, 100 %, 367.85 W
2026/08/14 05:59:35.862, 0, NVIDIA H200, 119675 MiB, 143771 MiB, 100 %, 363.43 W
2026/08/14 05:59:36.865, 0, NVIDIA H200, 119675 MiB, 143771 MiB, 100 %, 363.73 W
2026/08/14 05:59:37.868, 0, NVIDIA H200, 119675 MiB, 143771 MiB, 100 %, 361.93 W
2026/08/14 05:59:38.870, 0, NVIDIA H200, 119675 MiB, 143771 MiB, 100 %, 359.14 W
2026/08/14 05:59:39.872, 0, NVIDIA H200, 119675 MiB, 143771 MiB, 100 %, 365.07 W
2026/08/14 05:59:40.878, 0, NVIDIA H200, 119675 MiB, 143771 MiB, 0 %, 248.68 W
2026/08/14 05:59:41.881, 0, NVIDIA H200, 119675 MiB, 143771 MiB, 100 %, 361.83 W
2026/08/14 05:59:42.883, 0, NVIDIA H200, 119675 MiB, 143771 MiB, 100 %, 360.32 W
2026/08/14 05:59:43.886, 0, NVIDIA H200, 119675 MiB, 143771 MiB, 100 %, 359.62 W
2026/08/14 05:59:44.889, 0, NVIDIA H200, 119675 MiB, 143771 MiB, 100 %, 366.55 W
2026/08/14 05:59:45.892, 0, NVIDIA H200, 119675 MiB, 143771 MiB, 100 %, 361.89 W
2026/08/14 05:59:46.894, 0, NVIDIA H200, 119675 MiB, 143771 MiB, 100 %, 364.02 W
2026/08/14 05:59:47.897, 0, NVIDIA H200, 119675 MiB, 143771 MiB, 100 %, 361.18 W
2026/08/14 05:59:48.900, 0, NVIDIA H200, 119675 MiB, 143771 MiB, 27 %, 212.65 W
2026/08/14 05:59:49.902, 0, NVIDIA H200, 119675 MiB, 143771 MiB, 0 %, 244.83 W
2026/08/14 05:59:50.906, 0, NVIDIA H200, 119675 MiB, 143771 MiB, 81 %, 213.09 W
2026/08/14 05:59:51.910, 0, NVIDIA H200, 119675 MiB, 143771 MiB, 100 %, 296.65 W
2026/08/14 05:59:52.913, 0, NVIDIA H200, 119675 MiB, 143771 MiB, 100 %, 376.95 W
2026/08/14 05:59:53.915, 0, NVIDIA H200, 119675 MiB, 143771 MiB, 100 %, 369.86 W
2026/08/14 05:59:54.919, 0, NVIDIA H200, 119675 MiB, 143771 MiB, 100 %, 359.51 W
2026/08/14 05:59:55.922, 0, NVIDIA H200, 119675 MiB, 143771 MiB, 100 %, 359.67 W
2026/08/14 05:59:56.929, 0, NVIDIA H200, 119675 MiB, 143771 MiB, 0 %, 193.45 W
2026/08/14 05:59:57.931, 0, NVIDIA H200, 119675 MiB, 143771 MiB, 77 %, 241.14 W
2026/08/14 05:59:58.933, 0, NVIDIA H200, 119675 MiB, 143771 MiB, 0 %, 178.31 W
2026/08/14 05:59:59.936, 0, NVIDIA H200, 119675 MiB, 143771 MiB, 100 %, 340.37 W
2026/08/14 06:00:00.938, 0, NVIDIA H200, 119675 MiB, 143771 MiB, 0 %, 282.00 W
2026/08/14 06:00:01.941, 0, NVIDIA H200, 119675 MiB, 143771 MiB, 100 %, 344.05 W
2026/08/14 06:00:02.943, 0, NVIDIA H200, 119675 MiB, 143771 MiB, 100 %, 364.05 W
2026/08/14 06:00:03.946, 0, NVIDIA H200, 119675 MiB, 143771 MiB, 100 %, 367.39 W
2026/08/14 06:00:04.951, 0, NVIDIA H200, 119675 MiB, 143771 MiB, 100 %, 372.99 W
2026/08/14 06:00:05.953, 0, NVIDIA H200, 119675 MiB, 143771 MiB, 100 %, 364.43 W
2026/08/14 06:00:06.956, 0, NVIDIA H200, 119675 MiB, 143771 MiB, 100 %, 362.40 W
2026/08/14 06:00:07.958, 0, NVIDIA H200, 119675 MiB, 143771 MiB, 100 %, 366.74 W
2026/08/14 06:00:08.960, 0, NVIDIA H200, 119675 MiB, 143771 MiB, 100 %, 368.75 W
2026/08/14 06:00:09.962, 0, NVIDIA H200, 119675 MiB, 143771 MiB, 100 %, 365.74 W
2026/08/14 06:00:10.965, 0, NVIDIA H200, 119675 MiB, 143771 MiB, 100 %, 367.17 W
2026/08/14 06:00:11.967, 0, NVIDIA H200, 119675 MiB, 143771 MiB, 100 %, 375.59 W
2026/08/14 06:00:12.973, 0, NVIDIA H200, 119675 MiB, 143771 MiB, 100 %, 381.95 W
2026/08/14 06:00:13.976, 0, NVIDIA H200, 119675 MiB, 143771 MiB, 100 %, 371.40 W
2026/08/14 06:00:14.980, 0, NVIDIA H200, 119675 MiB, 143771 MiB, 100 %, 377.83 W
2026/08/14 06:00:15.983, 0, NVIDIA H200, 119675 MiB, 143771 MiB, 100 %, 372.10 W
2026/08/14 06:00:16.986, 0, NVIDIA H200, 119675 MiB, 143771 MiB, 100 %, 373.17 W
2026/08/14 06:00:17.988, 0, NVIDIA H200, 119675 MiB, 143771 MiB, 100 %, 372.60 W
2026/08/14 06:00:18.992, 0, NVIDIA H200, 119675 MiB, 143771 MiB, 100 %, 381.64 W
2026/08/14 06:00:19.994, 0, NVIDIA H200, 119675 MiB, 143771 MiB, 100 %, 374.39 W
2026/08/14 06:00:20.996, 0, NVIDIA H200, 119675 MiB, 143771 MiB, 100 %, 377.02 W
2026/08/14 06:00:21.999, 0, NVIDIA H200, 119675 MiB, 143771 MiB, 54 %, 245.66 W
2026/08/14 06:00:23.004, 0, NVIDIA H200, 119675 MiB, 143771 MiB, 0 %, 220.22 W
2026/08/14 06:00:24.006, 0, NVIDIA H200, 119675 MiB, 143771 MiB, 100 %, 234.91 W
2026/08/14 06:00:25.008, 0, NVIDIA H200, 119675 MiB, 143771 MiB, 100 %, 262.18 W
2026/08/14 06:00:26.010, 0, NVIDIA H200, 119675 MiB, 143771 MiB, 100 %, 359.26 W
2026/08/14 06:00:27.018, 0, NVIDIA H200, 119675 MiB, 143771 MiB, 100 %, 367.47 W
2026/08/14 06:00:28.020, 0, NVIDIA H200, 119675 MiB, 143771 MiB, 49 %, 239.65 W
2026/08/14 06:00:29.024, 0, NVIDIA H200, 119675 MiB, 143771 MiB, 70 %, 220.77 W
2026/08/14 06:00:30.026, 0, NVIDIA H200, 119675 MiB, 143771 MiB, 0 %, 191.54 W
2026/08/14 06:00:31.030, 0, NVIDIA H200, 119675 MiB, 143771 MiB, 100 %, 330.45 W
2026/08/14 06:00:32.033, 0, NVIDIA H200, 119675 MiB, 143771 MiB, 100 %, 356.41 W
2026/08/14 06:00:33.037, 0, NVIDIA H200, 119675 MiB, 143771 MiB, 100 %, 361.50 W
2026/08/14 06:00:34.040, 0, NVIDIA H200, 119675 MiB, 143771 MiB, 0 %, 286.83 W
2026/08/14 06:00:35.043, 0, NVIDIA H200, 119675 MiB, 143771 MiB, 100 %, 347.00 W
2026/08/14 06:00:36.046, 0, NVIDIA H200, 119675 MiB, 143771 MiB, 100 %, 363.48 W
2026/08/14 06:00:37.050, 0, NVIDIA H200, 119675 MiB, 143771 MiB, 100 %, 365.82 W
2026/08/14 06:00:38.052, 0, NVIDIA H200, 119675 MiB, 143771 MiB, 0 %, 173.23 W
2026/08/14 06:00:39.054, 0, NVIDIA H200, 119675 MiB, 143771 MiB, 0 %, 224.89 W
2026/08/14 06:00:40.057, 0, NVIDIA H200, 119675 MiB, 143771 MiB, 0 %, 174.96 W
2026/08/14 06:00:41.060, 0, NVIDIA H200, 119675 MiB, 143771 MiB, 100 %, 355.63 W
2026/08/14 06:00:42.062, 0, NVIDIA H200, 119675 MiB, 143771 MiB, 100 %, 363.33 W
2026/08/14 06:00:43.065, 0, NVIDIA H200, 119675 MiB, 143771 MiB, 100 %, 371.13 W
2026/08/14 06:00:44.068, 0, NVIDIA H200, 119675 MiB, 143771 MiB, 100 %, 264.92 W
2026/08/14 06:00:45.070, 0, NVIDIA H200, 119675 MiB, 143771 MiB, 100 %, 356.84 W
2026/08/14 06:00:46.074, 0, NVIDIA H200, 119675 MiB, 143771 MiB, 100 %, 366.24 W
2026/08/14 06:00:47.078, 0, NVIDIA H200, 119675 MiB, 143771 MiB, 100 %, 370.65 W
2026/08/14 06:00:48.080, 0, NVIDIA H200, 119675 MiB, 143771 MiB, 100 %, 234.61 W
2026/08/14 06:00:49.083, 0, NVIDIA H200, 119675 MiB, 143771 MiB, 0 %, 218.88 W
2026/08/14 06:00:50.084, 0, NVIDIA H200, 119675 MiB, 143771 MiB, 100 %, 232.24 W
2026/08/14 06:00:51.087, 0, NVIDIA H200, 119675 MiB, 143771 MiB, 100 %, 276.82 W
2026/08/14 06:00:52.089, 0, NVIDIA H200, 119675 MiB, 143771 MiB, 100 %, 354.64 W
2026/08/14 06:00:53.091, 0, NVIDIA H200, 119675 MiB, 143771 MiB, 100 %, 352.26 W
2026/08/14 06:00:54.093, 0, NVIDIA H200, 119675 MiB, 143771 MiB, 100 %, 359.10 W
2026/08/14 06:00:55.095, 0, NVIDIA H200, 119675 MiB, 143771 MiB, 100 %, 359.15 W
2026/08/14 06:00:56.097, 0, NVIDIA H200, 119675 MiB, 143771 MiB, 100 %, 360.60 W
2026/08/14 06:00:57.099, 0, NVIDIA H200, 119675 MiB, 143771 MiB, 67 %, 263.27 W
2026/08/14 06:00:58.102, 0, NVIDIA H200, 119675 MiB, 143771 MiB, 100 %, 357.91 W
2026/08/14 06:00:59.105, 0, NVIDIA H200, 119675 MiB, 143771 MiB, 100 %, 353.79 W
2026/08/14 06:01:00.107, 0, NVIDIA H200, 119675 MiB, 143771 MiB, 100 %, 362.78 W
2026/08/14 06:01:01.110, 0, NVIDIA H200, 119675 MiB, 143771 MiB, 100 %, 366.27 W
2026/08/14 06:01:02.112, 0, NVIDIA H200, 119675 MiB, 143771 MiB, 100 %, 353.89 W
2026/08/14 06:01:03.114, 0, NVIDIA H200, 119675 MiB, 143771 MiB, 100 %, 363.18 W
2026/08/14 06:01:04.116, 0, NVIDIA H200, 119675 MiB, 143771 MiB, 100 %, 365.42 W
2026/08/14 06:01:05.119, 0, NVIDIA H200, 119675 MiB, 143771 MiB, 73 %, 242.11 W
2026/08/14 06:01:06.124, 0, NVIDIA H200, 119675 MiB, 143771 MiB, 0 %, 189.32 W
2026/08/14 06:01:07.126, 0, NVIDIA H200, 119675 MiB, 143771 MiB, 100 %, 229.51 W
2026/08/14 06:01:08.130, 0, NVIDIA H200, 119675 MiB, 143771 MiB, 100 %, 283.70 W
2026/08/14 06:01:09.133, 0, NVIDIA H200, 119675 MiB, 143771 MiB, 100 %, 355.06 W
2026/08/14 06:01:10.137, 0, NVIDIA H200, 119675 MiB, 143771 MiB, 100 %, 359.19 W
2026/08/14 06:01:11.139, 0, NVIDIA H200, 119675 MiB, 143771 MiB, 100 %, 360.86 W
2026/08/14 06:01:12.151, 0, NVIDIA H200, 119675 MiB, 143771 MiB, 100 %, 370.33 W
2026/08/14 06:01:13.153, 0, NVIDIA H200, 119675 MiB, 143771 MiB, 100 %, 361.60 W
2026/08/14 06:01:14.155, 0, NVIDIA H200, 119675 MiB, 143771 MiB, 100 %, 368.58 W
2026/08/14 06:01:15.157, 0, NVIDIA H200, 119675 MiB, 143771 MiB, 0 %, 263.62 W
2026/08/14 06:01:16.159, 0, NVIDIA H200, 119675 MiB, 143771 MiB, 100 %, 356.86 W
2026/08/14 06:01:17.161, 0, NVIDIA H200, 119675 MiB, 143771 MiB, 100 %, 355.72 W
2026/08/14 06:01:18.163, 0, NVIDIA H200, 119675 MiB, 143771 MiB, 0 %, 256.94 W
2026/08/14 06:01:19.165, 0, NVIDIA H200, 119675 MiB, 143771 MiB, 100 %, 253.88 W
2026/08/14 06:01:20.168, 0, NVIDIA H200, 119675 MiB, 143771 MiB, 0 %, 192.88 W
2026/08/14 06:01:21.171, 0, NVIDIA H200, 119675 MiB, 143771 MiB, 48 %, 240.98 W
2026/08/14 06:01:22.173, 0, NVIDIA H200, 119675 MiB, 143771 MiB, 100 %, 355.50 W
2026/08/14 06:01:23.176, 0, NVIDIA H200, 119675 MiB, 143771 MiB, 82 %, 337.53 W
2026/08/14 06:01:24.178, 0, NVIDIA H200, 119675 MiB, 143771 MiB, 100 %, 282.00 W
2026/08/14 06:01:25.181, 0, NVIDIA H200, 119675 MiB, 143771 MiB, 100 %, 361.53 W
2026/08/14 06:01:26.184, 0, NVIDIA H200, 119675 MiB, 143771 MiB, 100 %, 357.33 W
2026/08/14 06:01:27.187, 0, NVIDIA H200, 119675 MiB, 143771 MiB, 100 %, 364.65 W
2026/08/14 06:01:28.188, 0, NVIDIA H200, 119675 MiB, 143771 MiB, 100 %, 367.60 W
2026/08/14 06:01:29.191, 0, NVIDIA H200, 119675 MiB, 143771 MiB, 100 %, 370.08 W
2026/08/14 06:01:30.194, 0, NVIDIA H200, 119675 MiB, 143771 MiB, 0 %, 348.53 W
2026/08/14 06:01:31.203, 0, NVIDIA H200, 119675 MiB, 143771 MiB, 16 %, 177.44 W
2026/08/14 06:01:32.207, 0, NVIDIA H200, 119675 MiB, 143771 MiB, 0 %, 263.47 W
2026/08/14 06:01:33.209, 0, NVIDIA H200, 119675 MiB, 143771 MiB, 0 %, 178.34 W
2026/08/14 06:01:34.211, 0, NVIDIA H200, 119675 MiB, 143771 MiB, 100 %, 337.97 W
2026/08/14 06:01:35.216, 0, NVIDIA H200, 119675 MiB, 143771 MiB, 100 %, 361.46 W
2026/08/14 06:01:36.218, 0, NVIDIA H200, 119675 MiB, 143771 MiB, 100 %, 359.32 W
2026/08/14 06:01:37.222, 0, NVIDIA H200, 119675 MiB, 143771 MiB, 100 %, 364.90 W
2026/08/14 06:01:38.225, 0, NVIDIA H200, 119675 MiB, 143771 MiB, 0 %, 284.26 W
2026/08/14 06:01:39.227, 0, NVIDIA H200, 119675 MiB, 143771 MiB, 100 %, 355.39 W
2026/08/14 06:01:40.229, 0, NVIDIA H200, 119675 MiB, 143771 MiB, 100 %, 367.82 W
2026/08/14 06:01:41.232, 0, NVIDIA H200, 119675 MiB, 143771 MiB, 100 %, 372.09 W
2026/08/14 06:01:42.235, 0, NVIDIA H200, 119675 MiB, 143771 MiB, 5 %, 274.80 W
2026/08/14 06:01:43.237, 0, NVIDIA H200, 119675 MiB, 143771 MiB, 0 %, 226.99 W
2026/08/14 06:01:44.240, 0, NVIDIA H200, 119675 MiB, 143771 MiB, 100 %, 230.72 W
2026/08/14 06:01:45.242, 0, NVIDIA H200, 119675 MiB, 143771 MiB, 100 %, 257.48 W
2026/08/14 06:01:46.245, 0, NVIDIA H200, 119675 MiB, 143771 MiB, 100 %, 359.69 W
2026/08/14 06:01:47.248, 0, NVIDIA H200, 119675 MiB, 143771 MiB, 100 %, 356.17 W
2026/08/14 06:01:48.251, 0, NVIDIA H200, 119675 MiB, 143771 MiB, 100 %, 369.32 W
2026/08/14 06:01:49.254, 0, NVIDIA H200, 119675 MiB, 143771 MiB, 100 %, 379.58 W
2026/08/14 06:01:50.258, 0, NVIDIA H200, 119675 MiB, 143771 MiB, 100 %, 259.52 W
2026/08/14 06:01:51.260, 0, NVIDIA H200, 119675 MiB, 143771 MiB, 100 %, 360.36 W
2026/08/14 06:01:52.266, 0, NVIDIA H200, 119675 MiB, 143771 MiB, 100 %, 370.48 W
2026/08/14 06:01:53.268, 0, NVIDIA H200, 119675 MiB, 143771 MiB, 0 %, 183.34 W
2026/08/14 06:01:54.273, 0, NVIDIA H200, 119675 MiB, 143771 MiB, 0 %, 243.79 W
2026/08/14 06:01:55.278, 0, NVIDIA H200, 119675 MiB, 143771 MiB, 26 %, 189.91 W
2026/08/14 06:01:56.280, 0, NVIDIA H200, 119675 MiB, 143771 MiB, 100 %, 359.76 W
2026/08/14 06:01:57.283, 0, NVIDIA H200, 119675 MiB, 143771 MiB, 100 %, 354.72 W
2026/08/14 06:01:58.285, 0, NVIDIA H200, 119675 MiB, 143771 MiB, 57 %, 359.90 W
2026/08/14 06:01:59.288, 0, NVIDIA H200, 119675 MiB, 143771 MiB, 100 %, 276.22 W
2026/08/14 06:02:00.292, 0, NVIDIA H200, 119675 MiB, 143771 MiB, 100 %, 356.25 W
2026/08/14 06:02:01.296, 0, NVIDIA H200, 119675 MiB, 143771 MiB, 100 %, 365.30 W
2026/08/14 06:02:02.299, 0, NVIDIA H200, 119675 MiB, 143771 MiB, 100 %, 374.28 W
2026/08/14 06:02:03.302, 0, NVIDIA H200, 119675 MiB, 143771 MiB, 0 %, 177.91 W
2026/08/14 06:02:04.305, 0, NVIDIA H200, 119675 MiB, 143771 MiB, 31 %, 239.52 W
2026/08/14 06:02:05.309, 0, NVIDIA H200, 119675 MiB, 143771 MiB, 3 %, 202.40 W
2026/08/14 06:02:06.312, 0, NVIDIA H200, 119675 MiB, 143771 MiB, 100 %, 353.29 W
2026/08/14 06:02:07.314, 0, NVIDIA H200, 119675 MiB, 143771 MiB, 100 %, 357.30 W
2026/08/14 06:02:08.316, 0, NVIDIA H200, 119675 MiB, 143771 MiB, 0 %, 296.98 W
2026/08/14 06:02:09.319, 0, NVIDIA H200, 119675 MiB, 143771 MiB, 100 %, 220.84 W
2026/08/14 06:02:10.322, 0, NVIDIA H200, 119675 MiB, 143771 MiB, 0 %, 199.07 W
2026/08/14 06:02:11.325, 0, NVIDIA H200, 119675 MiB, 143771 MiB, 100 %, 260.42 W
2026/08/14 06:02:12.328, 0, NVIDIA H200, 119675 MiB, 143771 MiB, 100 %, 360.27 W
2026/08/14 06:02:13.330, 0, NVIDIA H200, 119675 MiB, 143771 MiB, 100 %, 359.48 W
2026/08/14 06:02:14.333, 0, NVIDIA H200, 119675 MiB, 143771 MiB, 100 %, 396.14 W
2026/08/14 06:02:15.335, 0, NVIDIA H200, 119675 MiB, 143771 MiB, 100 %, 404.65 W
2026/08/14 06:02:16.337, 0, NVIDIA H200, 119675 MiB, 143771 MiB, 100 %, 405.59 W
2026/08/14 06:02:17.339, 0, NVIDIA H200, 119675 MiB, 143771 MiB, 100 %, 407.44 W
2026/08/14 06:02:18.341, 0, NVIDIA H200, 119675 MiB, 143771 MiB, 100 %, 407.79 W
2026/08/14 06:02:19.344, 0, NVIDIA H200, 119675 MiB, 143771 MiB, 100 %, 410.72 W
2026/08/14 06:02:20.347, 0, NVIDIA H200, 119675 MiB, 143771 MiB, 100 %, 408.05 W
2026/08/14 06:02:21.349, 0, NVIDIA H200, 119675 MiB, 143771 MiB, 100 %, 410.07 W
2026/08/14 06:02:22.352, 0, NVIDIA H200, 119675 MiB, 143771 MiB, 100 %, 411.27 W
2026/08/14 06:02:23.354, 0, NVIDIA H200, 119675 MiB, 143771 MiB, 100 %, 407.96 W
2026/08/14 06:02:24.357, 0, NVIDIA H200, 119675 MiB, 143771 MiB, 100 %, 413.83 W
2026/08/14 06:02:25.360, 0, NVIDIA H200, 119675 MiB, 143771 MiB, 100 %, 411.98 W
2026/08/14 06:02:26.362, 0, NVIDIA H200, 119675 MiB, 143771 MiB, 100 %, 416.38 W
2026/08/14 06:02:27.364, 0, NVIDIA H200, 119675 MiB, 143771 MiB, 100 %, 410.83 W
2026/08/14 06:02:28.368, 0, NVIDIA H200, 119675 MiB, 143771 MiB, 0 %, 340.76 W
2026/08/14 06:02:29.370, 0, NVIDIA H200, 119675 MiB, 143771 MiB, 100 %, 312.21 W
2026/08/14 06:02:30.374, 0, NVIDIA H200, 119675 MiB, 143771 MiB, 100 %, 360.85 W
2026/08/14 06:02:31.377, 0, NVIDIA H200, 119675 MiB, 143771 MiB, 100 %, 358.39 W
2026/08/14 06:02:32.381, 0, NVIDIA H200, 119675 MiB, 143771 MiB, 100 %, 359.59 W
2026/08/14 06:02:33.383, 0, NVIDIA H200, 119675 MiB, 143771 MiB, 100 %, 366.10 W
2026/08/14 06:02:34.385, 0, NVIDIA H200, 119675 MiB, 143771 MiB, 0 %, 263.82 W
2026/08/14 06:02:35.388, 0, NVIDIA H200, 119675 MiB, 143771 MiB, 0 %, 205.49 W
2026/08/14 06:02:36.390, 0, NVIDIA H200, 119675 MiB, 143771 MiB, 48 %, 215.52 W
2026/08/14 06:02:37.393, 0, NVIDIA H200, 119675 MiB, 143771 MiB, 100 %, 303.01 W
2026/08/14 06:02:38.395, 0, NVIDIA H200, 119675 MiB, 143771 MiB, 100 %, 356.16 W
2026/08/14 06:02:39.397, 0, NVIDIA H200, 119675 MiB, 143771 MiB, 100 %, 364.39 W
2026/08/14 06:02:40.400, 0, NVIDIA H200, 119675 MiB, 143771 MiB, 99 %, 335.57 W
2026/08/14 06:02:41.402, 0, NVIDIA H200, 119675 MiB, 143771 MiB, 100 %, 284.80 W
2026/08/14 06:02:42.406, 0, NVIDIA H200, 119675 MiB, 143771 MiB, 100 %, 356.26 W
2026/08/14 06:02:43.408, 0, NVIDIA H200, 119675 MiB, 143771 MiB, 100 %, 368.38 W
2026/08/14 06:02:44.411, 0, NVIDIA H200, 119675 MiB, 143771 MiB, 100 %, 354.01 W
2026/08/14 06:02:45.414, 0, NVIDIA H200, 119675 MiB, 143771 MiB, 0 %, 192.46 W
2026/08/14 06:02:46.416, 0, NVIDIA H200, 119675 MiB, 143771 MiB, 100 %, 274.52 W
2026/08/14 06:02:47.418, 0, NVIDIA H200, 119675 MiB, 143771 MiB, 0 %, 176.86 W
2026/08/14 06:02:48.421, 0, NVIDIA H200, 119675 MiB, 143771 MiB, 100 %, 361.50 W
2026/08/14 06:02:49.423, 0, NVIDIA H200, 119675 MiB, 143771 MiB, 100 %, 365.68 W
2026/08/14 06:02:50.424, 0, NVIDIA H200, 119675 MiB, 143771 MiB, 100 %, 359.16 W
2026/08/14 06:02:51.427, 0, NVIDIA H200, 119675 MiB, 143771 MiB, 0 %, 301.98 W
2026/08/14 06:02:52.430, 0, NVIDIA H200, 119675 MiB, 143771 MiB, 64 %, 225.42 W
2026/08/14 06:02:53.433, 0, NVIDIA H200, 119675 MiB, 143771 MiB, 0 %, 175.16 W
2026/08/14 06:02:54.435, 0, NVIDIA H200, 119675 MiB, 143771 MiB, 100 %, 242.12 W
2026/08/14 06:02:55.438, 0, NVIDIA H200, 119675 MiB, 143771 MiB, 100 %, 361.44 W
2026/08/14 06:02:56.440, 0, NVIDIA H200, 119675 MiB, 143771 MiB, 9 %, 255.73 W
2026/08/14 06:02:57.443, 0, NVIDIA H200, 119675 MiB, 143771 MiB, 0 %, 220.77 W
2026/08/14 06:02:58.445, 0, NVIDIA H200, 119675 MiB, 143771 MiB, 53 %, 201.51 W
2026/08/14 06:02:59.448, 0, NVIDIA H200, 119675 MiB, 143771 MiB, 100 %, 254.70 W
2026/08/14 06:03:00.451, 0, NVIDIA H200, 119675 MiB, 143771 MiB, 100 %, 360.10 W
2026/08/14 06:03:01.453, 0, NVIDIA H200, 119675 MiB, 143771 MiB, 100 %, 369.16 W
2026/08/14 06:03:02.456, 0, NVIDIA H200, 119675 MiB, 143771 MiB, 100 %, 367.88 W
2026/08/14 06:03:03.458, 0, NVIDIA H200, 119675 MiB, 143771 MiB, 100 %, 375.77 W
2026/08/14 06:03:04.461, 0, NVIDIA H200, 119675 MiB, 143771 MiB, 100 %, 376.10 W
2026/08/14 06:03:05.464, 0, NVIDIA H200, 119675 MiB, 143771 MiB, 100 %, 374.73 W
2026/08/14 06:03:06.467, 0, NVIDIA H200, 119675 MiB, 143771 MiB, 100 %, 364.68 W
2026/08/14 06:03:07.469, 0, NVIDIA H200, 119675 MiB, 143771 MiB, 100 %, 367.81 W
2026/08/14 06:03:08.472, 0, NVIDIA H200, 119675 MiB, 143771 MiB, 100 %, 372.31 W
2026/08/14 06:03:09.474, 0, NVIDIA H200, 119675 MiB, 143771 MiB, 100 %, 361.41 W
2026/08/14 06:03:10.478, 0, NVIDIA H200, 119675 MiB, 143771 MiB, 0 %, 318.57 W
2026/08/14 06:03:11.480, 0, NVIDIA H200, 119675 MiB, 143771 MiB, 71 %, 211.86 W
2026/08/14 06:03:12.483, 0, NVIDIA H200, 119675 MiB, 143771 MiB, 0 %, 230.97 W
2026/08/14 06:03:13.486, 0, NVIDIA H200, 119675 MiB, 143771 MiB, 11 %, 192.67 W
2026/08/14 06:03:14.487, 0, NVIDIA H200, 119675 MiB, 143771 MiB, 100 %, 363.08 W
2026/08/14 06:03:15.492, 0, NVIDIA H200, 119675 MiB, 143771 MiB, 100 %, 363.15 W
2026/08/14 06:03:16.494, 0, NVIDIA H200, 119675 MiB, 143771 MiB, 100 %, 365.36 W
2026/08/14 06:03:17.497, 0, NVIDIA H200, 119675 MiB, 143771 MiB, 100 %, 370.79 W
2026/08/14 06:03:18.500, 0, NVIDIA H200, 119675 MiB, 143771 MiB, 100 %, 364.00 W
2026/08/14 06:03:19.503, 0, NVIDIA H200, 119675 MiB, 143771 MiB, 100 %, 365.16 W
2026/08/14 06:03:20.506, 0, NVIDIA H200, 119675 MiB, 143771 MiB, 100 %, 373.86 W
2026/08/14 06:03:21.508, 0, NVIDIA H200, 119675 MiB, 143771 MiB, 100 %, 383.72 W
2026/08/14 06:03:22.510, 0, NVIDIA H200, 119675 MiB, 143771 MiB, 100 %, 269.20 W
2026/08/14 06:03:23.513, 0, NVIDIA H200, 119675 MiB, 143771 MiB, 100 %, 369.53 W
2026/08/14 06:03:24.516, 0, NVIDIA H200, 119675 MiB, 143771 MiB, 100 %, 372.53 W
2026/08/14 06:03:25.518, 0, NVIDIA H200, 119675 MiB, 143771 MiB, 100 %, 360.79 W
2026/08/14 06:03:26.520, 0, NVIDIA H200, 119675 MiB, 143771 MiB, 100 %, 366.20 W
2026/08/14 06:03:27.523, 0, NVIDIA H200, 119675 MiB, 143771 MiB, 100 %, 361.55 W
2026/08/14 06:03:28.526, 0, NVIDIA H200, 119675 MiB, 143771 MiB, 100 %, 373.80 W
2026/08/14 06:03:29.528, 0, NVIDIA H200, 119675 MiB, 143771 MiB, 100 %, 366.16 W
2026/08/14 06:03:30.532, 0, NVIDIA H200, 119675 MiB, 143771 MiB, 19 %, 241.06 W
2026/08/14 06:03:31.534, 0, NVIDIA H200, 119675 MiB, 143771 MiB, 0 %, 215.91 W
2026/08/14 06:03:32.537, 0, NVIDIA H200, 119675 MiB, 143771 MiB, 60 %, 225.95 W
2026/08/14 06:03:33.540, 0, NVIDIA H200, 119675 MiB, 143771 MiB, 55 %, 220.25 W
2026/08/14 06:03:34.543, 0, NVIDIA H200, 119675 MiB, 143771 MiB, 0 %, 201.32 W
2026/08/14 06:03:35.545, 0, NVIDIA H200, 119675 MiB, 143771 MiB, 48 %, 223.09 W
2026/08/14 06:03:36.549, 0, NVIDIA H200, 119675 MiB, 143771 MiB, 0 %, 212.20 W
2026/08/14 06:03:37.552, 0, NVIDIA H200, 119675 MiB, 143771 MiB, 83 %, 240.70 W
2026/08/14 06:03:38.554, 0, NVIDIA H200, 119675 MiB, 143771 MiB, 100 %, 249.01 W
2026/08/14 06:03:39.555, 0, NVIDIA H200, 119675 MiB, 143771 MiB, 100 %, 370.21 W
2026/08/14 06:03:40.557, 0, NVIDIA H200, 119675 MiB, 143771 MiB, 100 %, 375.87 W
2026/08/14 06:03:41.561, 0, NVIDIA H200, 119675 MiB, 143771 MiB, 100 %, 308.04 W
2026/08/14 06:03:42.564, 0, NVIDIA H200, 119675 MiB, 143771 MiB, 0 %, 188.12 W
2026/08/14 06:03:43.567, 0, NVIDIA H200, 119675 MiB, 143771 MiB, 85 %, 233.57 W
2026/08/14 06:03:44.569, 0, NVIDIA H200, 119675 MiB, 143771 MiB, 0 %, 183.38 W
2026/08/14 06:03:45.572, 0, NVIDIA H200, 119675 MiB, 143771 MiB, 100 %, 345.23 W
2026/08/14 06:03:46.575, 0, NVIDIA H200, 119675 MiB, 143771 MiB, 100 %, 358.53 W
2026/08/14 06:03:47.577, 0, NVIDIA H200, 119675 MiB, 143771 MiB, 100 %, 366.10 W
2026/08/14 06:03:48.580, 0, NVIDIA H200, 119675 MiB, 143771 MiB, 100 %, 346.99 W
2026/08/14 06:03:49.582, 0, NVIDIA H200, 119675 MiB, 143771 MiB, 0 %, 202.30 W
2026/08/14 06:03:50.584, 0, NVIDIA H200, 119675 MiB, 143771 MiB, 37 %, 214.81 W
2026/08/14 06:03:51.587, 0, NVIDIA H200, 119675 MiB, 143771 MiB, 0 %, 208.12 W
2026/08/14 06:03:52.589, 0, NVIDIA H200, 119675 MiB, 143771 MiB, 100 %, 361.05 W
2026/08/14 06:03:53.592, 0, NVIDIA H200, 119675 MiB, 143771 MiB, 100 %, 370.49 W
2026/08/14 06:03:54.595, 0, NVIDIA H200, 119675 MiB, 143771 MiB, 100 %, 373.44 W
2026/08/14 06:03:55.598, 0, NVIDIA H200, 119675 MiB, 143771 MiB, 100 %, 366.80 W
2026/08/14 06:03:56.603, 0, NVIDIA H200, 119675 MiB, 143771 MiB, 100 %, 364.71 W
2026/08/14 06:03:57.605, 0, NVIDIA H200, 119675 MiB, 143771 MiB, 100 %, 369.56 W
2026/08/14 06:03:58.607, 0, NVIDIA H200, 119675 MiB, 143771 MiB, 100 %, 362.30 W
2026/08/14 06:03:59.609, 0, NVIDIA H200, 119675 MiB, 143771 MiB, 100 %, 369.89 W
2026/08/14 06:04:00.612, 0, NVIDIA H200, 119675 MiB, 143771 MiB, 100 %, 366.64 W
2026/08/14 06:04:01.617, 0, NVIDIA H200, 119675 MiB, 143771 MiB, 100 %, 374.42 W
2026/08/14 06:04:02.619, 0, NVIDIA H200, 119675 MiB, 143771 MiB, 100 %, 374.41 W
2026/08/14 06:04:03.622, 0, NVIDIA H200, 119675 MiB, 143771 MiB, 100 %, 368.96 W
2026/08/14 06:04:04.624, 0, NVIDIA H200, 119675 MiB, 143771 MiB, 100 %, 377.46 W
2026/08/14 06:04:05.626, 0, NVIDIA H200, 119675 MiB, 143771 MiB, 0 %, 240.82 W
2026/08/14 06:04:06.632, 0, NVIDIA H200, 119675 MiB, 143771 MiB, 100 %, 431.32 W
2026/08/14 06:04:07.634, 0, NVIDIA H200, 119675 MiB, 143771 MiB, 100 %, 375.64 W
2026/08/14 06:04:08.637, 0, NVIDIA H200, 119675 MiB, 143771 MiB, 100 %, 382.52 W
2026/08/14 06:04:09.639, 0, NVIDIA H200, 119675 MiB, 143771 MiB, 100 %, 375.50 W
2026/08/14 06:04:10.642, 0, NVIDIA H200, 119675 MiB, 143771 MiB, 0 %, 249.72 W
2026/08/14 06:04:11.649, 0, NVIDIA H200, 119675 MiB, 143771 MiB, 25 %, 271.32 W
2026/08/14 06:04:12.652, 0, NVIDIA H200, 119675 MiB, 143771 MiB, 54 %, 223.91 W
2026/08/14 06:04:13.655, 0, NVIDIA H200, 119675 MiB, 143771 MiB, 100 %, 267.80 W
2026/08/14 06:04:14.658, 0, NVIDIA H200, 119675 MiB, 143771 MiB, 100 %, 367.62 W
2026/08/14 06:04:15.660, 0, NVIDIA H200, 119675 MiB, 143771 MiB, 100 %, 261.61 W
2026/08/14 06:04:16.663, 0, NVIDIA H200, 119675 MiB, 143771 MiB, 0 %, 192.75 W
2026/08/14 06:04:17.667, 0, NVIDIA H200, 119675 MiB, 143771 MiB, 100 %, 239.46 W
2026/08/14 06:04:18.669, 0, NVIDIA H200, 119675 MiB, 143771 MiB, 100 %, 260.03 W
2026/08/14 06:04:19.673, 0, NVIDIA H200, 119675 MiB, 143771 MiB, 100 %, 364.89 W
2026/08/14 06:04:20.675, 0, NVIDIA H200, 119675 MiB, 143771 MiB, 100 %, 367.68 W
2026/08/14 06:04:21.677, 0, NVIDIA H200, 119675 MiB, 143771 MiB, 100 %, 364.40 W
2026/08/14 06:04:22.680, 0, NVIDIA H200, 119675 MiB, 143771 MiB, 100 %, 365.34 W
2026/08/14 06:04:23.683, 0, NVIDIA H200, 119675 MiB, 143771 MiB, 100 %, 366.22 W
2026/08/14 06:04:24.686, 0, NVIDIA H200, 119675 MiB, 143771 MiB, 100 %, 370.11 W
2026/08/14 06:04:25.688, 0, NVIDIA H200, 119675 MiB, 143771 MiB, 100 %, 370.68 W
2026/08/14 06:04:26.690, 0, NVIDIA H200, 119675 MiB, 143771 MiB, 100 %, 252.32 W
2026/08/14 06:04:27.692, 0, NVIDIA H200, 119675 MiB, 143771 MiB, 100 %, 374.02 W
2026/08/14 06:04:28.695, 0, NVIDIA H200, 119675 MiB, 143771 MiB, 100 %, 379.59 W
2026/08/14 06:04:29.697, 0, NVIDIA H200, 119675 MiB, 143771 MiB, 100 %, 379.76 W
2026/08/14 06:04:30.700, 0, NVIDIA H200, 119675 MiB, 143771 MiB, 100 %, 385.06 W
2026/08/14 06:04:31.702, 0, NVIDIA H200, 119675 MiB, 143771 MiB, 100 %, 386.56 W
2026/08/14 06:04:32.704, 0, NVIDIA H200, 119675 MiB, 143771 MiB, 100 %, 368.45 W
2026/08/14 06:04:33.707, 0, NVIDIA H200, 119675 MiB, 143771 MiB, 100 %, 372.67 W
2026/08/14 06:04:34.709, 0, NVIDIA H200, 119675 MiB, 143771 MiB, 100 %, 367.14 W
2026/08/14 06:04:35.711, 0, NVIDIA H200, 119675 MiB, 143771 MiB, 100 %, 377.85 W
2026/08/14 06:04:36.714, 0, NVIDIA H200, 119675 MiB, 143771 MiB, 100 %, 375.75 W
2026/08/14 06:04:37.716, 0, NVIDIA H200, 119675 MiB, 143771 MiB, 100 %, 394.42 W
2026/08/14 06:04:38.718, 0, NVIDIA H200, 119675 MiB, 143771 MiB, 100 %, 389.22 W
2026/08/14 06:04:39.720, 0, NVIDIA H200, 119675 MiB, 143771 MiB, 0 %, 194.43 W
2026/08/14 06:04:40.722, 0, NVIDIA H200, 119675 MiB, 143771 MiB, 98 %, 223.42 W
2026/08/14 06:04:41.725, 0, NVIDIA H200, 119675 MiB, 143771 MiB, 0 %, 194.53 W
2026/08/14 06:04:42.730, 0, NVIDIA H200, 119675 MiB, 143771 MiB, 100 %, 322.98 W
2026/08/14 06:04:43.733, 0, NVIDIA H200, 119675 MiB, 143771 MiB, 100 %, 368.59 W
2026/08/14 06:04:44.739, 0, NVIDIA H200, 119675 MiB, 143771 MiB, 100 %, 363.52 W
2026/08/14 06:04:45.742, 0, NVIDIA H200, 119675 MiB, 143771 MiB, 100 %, 367.75 W
2026/08/14 06:04:46.748, 0, NVIDIA H200, 119675 MiB, 143771 MiB, 63 %, 340.74 W
2026/08/14 06:04:47.751, 0, NVIDIA H200, 119675 MiB, 143771 MiB, 100 %, 321.02 W
2026/08/14 06:04:48.755, 0, NVIDIA H200, 119675 MiB, 143771 MiB, 100 %, 381.92 W
2026/08/14 06:04:49.757, 0, NVIDIA H200, 119675 MiB, 143771 MiB, 100 %, 383.88 W
2026/08/14 06:04:50.761, 0, NVIDIA H200, 119675 MiB, 143771 MiB, 100 %, 376.55 W
2026/08/14 06:04:51.763, 0, NVIDIA H200, 119675 MiB, 143771 MiB, 100 %, 408.08 W
2026/08/14 06:04:52.767, 0, NVIDIA H200, 119675 MiB, 143771 MiB, 100 %, 405.69 W
2026/08/14 06:04:53.769, 0, NVIDIA H200, 119675 MiB, 143771 MiB, 100 %, 394.76 W
2026/08/14 06:04:54.773, 0, NVIDIA H200, 119675 MiB, 143771 MiB, 100 %, 389.14 W
2026/08/14 06:04:55.776, 0, NVIDIA H200, 119675 MiB, 143771 MiB, 100 %, 388.31 W
2026/08/14 06:04:56.781, 0, NVIDIA H200, 119675 MiB, 143771 MiB, 100 %, 398.64 W
2026/08/14 06:04:57.785, 0, NVIDIA H200, 119675 MiB, 143771 MiB, 100 %, 383.88 W
2026/08/14 06:04:58.787, 0, NVIDIA H200, 119675 MiB, 143771 MiB, 100 %, 389.09 W
2026/08/14 06:04:59.790, 0, NVIDIA H200, 119675 MiB, 143771 MiB, 100 %, 391.62 W
2026/08/14 06:05:00.794, 0, NVIDIA H200, 119675 MiB, 143771 MiB, 100 %, 391.83 W
2026/08/14 06:05:01.796, 0, NVIDIA H200, 119675 MiB, 143771 MiB, 100 %, 390.38 W
2026/08/14 06:05:02.804, 0, NVIDIA H200, 119675 MiB, 143771 MiB, 100 %, 393.73 W
2026/08/14 06:05:03.806, 0, NVIDIA H200, 119675 MiB, 143771 MiB, 0 %, 284.23 W
2026/08/14 06:05:04.812, 0, NVIDIA H200, 119675 MiB, 143771 MiB, 100 %, 267.13 W
2026/08/14 06:05:05.815, 0, NVIDIA H200, 119675 MiB, 143771 MiB, 0 %, 192.32 W
2026/08/14 06:05:06.819, 0, NVIDIA H200, 119675 MiB, 143771 MiB, 100 %, 267.00 W
2026/08/14 06:05:07.822, 0, NVIDIA H200, 119675 MiB, 143771 MiB, 100 %, 370.31 W
2026/08/14 06:05:08.831, 0, NVIDIA H200, 119675 MiB, 143771 MiB, 100 %, 370.70 W
2026/08/14 06:05:09.833, 0, NVIDIA H200, 119675 MiB, 143771 MiB, 100 %, 373.41 W
2026/08/14 06:05:10.837, 0, NVIDIA H200, 119675 MiB, 143771 MiB, 100 %, 369.20 W
2026/08/14 06:05:11.839, 0, NVIDIA H200, 119675 MiB, 143771 MiB, 100 %, 268.23 W
2026/08/14 06:05:12.843, 0, NVIDIA H200, 119675 MiB, 143771 MiB, 100 %, 367.29 W
2026/08/14 06:05:13.846, 0, NVIDIA H200, 119675 MiB, 143771 MiB, 100 %, 368.80 W
2026/08/14 06:05:14.849, 0, NVIDIA H200, 119675 MiB, 143771 MiB, 100 %, 374.11 W
2026/08/14 06:05:15.851, 0, NVIDIA H200, 119675 MiB, 143771 MiB, 0 %, 191.70 W
2026/08/14 06:05:16.858, 0, NVIDIA H200, 119675 MiB, 143771 MiB, 100 %, 232.18 W
2026/08/14 06:05:17.861, 0, NVIDIA H200, 119675 MiB, 143771 MiB, 0 %, 174.51 W
2026/08/14 06:05:18.863, 0, NVIDIA H200, 119675 MiB, 143771 MiB, 100 %, 360.87 W
2026/08/14 06:05:19.865, 0, NVIDIA H200, 119675 MiB, 143771 MiB, 100 %, 361.76 W
2026/08/14 06:05:20.868, 0, NVIDIA H200, 119675 MiB, 143771 MiB, 100 %, 374.58 W
2026/08/14 06:05:21.871, 0, NVIDIA H200, 119675 MiB, 143771 MiB, 96 %, 263.50 W
2026/08/14 06:05:22.876, 0, NVIDIA H200, 119675 MiB, 143771 MiB, 0 %, 188.43 W
2026/08/14 06:05:23.879, 0, NVIDIA H200, 119675 MiB, 143771 MiB, 83 %, 231.30 W
2026/08/14 06:05:24.883, 0, NVIDIA H200, 119675 MiB, 143771 MiB, 100 %, 291.69 W
2026/08/14 06:05:25.885, 0, NVIDIA H200, 119675 MiB, 143771 MiB, 100 %, 365.26 W
2026/08/14 06:05:26.887, 0, NVIDIA H200, 119675 MiB, 143771 MiB, 100 %, 359.95 W
2026/08/14 06:05:27.889, 0, NVIDIA H200, 119675 MiB, 143771 MiB, 100 %, 375.24 W
2026/08/14 06:05:28.892, 0, NVIDIA H200, 119675 MiB, 143771 MiB, 100 %, 253.52 W
2026/08/14 06:05:29.895, 0, NVIDIA H200, 119675 MiB, 143771 MiB, 0 %, 228.65 W
2026/08/14 06:05:30.901, 0, NVIDIA H200, 119675 MiB, 143771 MiB, 0 %, 212.99 W
2026/08/14 06:05:31.904, 0, NVIDIA H200, 119675 MiB, 143771 MiB, 100 %, 317.07 W
2026/08/14 06:05:32.909, 0, NVIDIA H200, 119677 MiB, 143771 MiB, 100 %, 252.73 W
2026/08/14 06:05:33.911, 0, NVIDIA H200, 119677 MiB, 143771 MiB, 0 %, 192.78 W
2026/08/14 06:05:34.914, 0, NVIDIA H200, 119677 MiB, 143771 MiB, 0 %, 212.36 W
2026/08/14 06:05:35.917, 0, NVIDIA H200, 119677 MiB, 143771 MiB, 98 %, 225.38 W
2026/08/14 06:05:36.921, 0, NVIDIA H200, 119677 MiB, 143771 MiB, 100 %, 360.01 W
2026/08/14 06:05:37.924, 0, NVIDIA H200, 119677 MiB, 143771 MiB, 100 %, 361.13 W
2026/08/14 06:05:38.926, 0, NVIDIA H200, 119677 MiB, 143771 MiB, 100 %, 367.20 W
2026/08/14 06:05:39.929, 0, NVIDIA H200, 119677 MiB, 143771 MiB, 100 %, 268.59 W
2026/08/14 06:05:40.933, 0, NVIDIA H200, 119677 MiB, 143771 MiB, 100 %, 357.49 W
2026/08/14 06:05:41.936, 0, NVIDIA H200, 119677 MiB, 143771 MiB, 100 %, 372.83 W
2026/08/14 06:05:42.939, 0, NVIDIA H200, 119677 MiB, 143771 MiB, 0 %, 351.33 W
2026/08/14 06:05:43.942, 0, NVIDIA H200, 119677 MiB, 143771 MiB, 100 %, 206.74 W
2026/08/14 06:05:44.945, 0, NVIDIA H200, 119677 MiB, 143771 MiB, 0 %, 218.01 W
2026/08/14 06:05:45.948, 0, NVIDIA H200, 119677 MiB, 143771 MiB, 82 %, 218.72 W
2026/08/14 06:05:46.951, 0, NVIDIA H200, 119677 MiB, 143771 MiB, 100 %, 361.11 W
2026/08/14 06:05:47.954, 0, NVIDIA H200, 119677 MiB, 143771 MiB, 100 %, 358.27 W
2026/08/14 06:05:48.956, 0, NVIDIA H200, 119677 MiB, 143771 MiB, 100 %, 366.54 W
2026/08/14 06:05:49.960, 0, NVIDIA H200, 119677 MiB, 143771 MiB, 18 %, 350.62 W
2026/08/14 06:05:50.962, 0, NVIDIA H200, 119677 MiB, 143771 MiB, 100 %, 281.66 W
2026/08/14 06:05:51.964, 0, NVIDIA H200, 119677 MiB, 143771 MiB, 100 %, 364.93 W
2026/08/14 06:05:52.969, 0, NVIDIA H200, 119677 MiB, 143771 MiB, 100 %, 365.26 W
2026/08/14 06:05:53.972, 0, NVIDIA H200, 119677 MiB, 143771 MiB, 100 %, 375.23 W
2026/08/14 06:05:54.981, 0, NVIDIA H200, 119677 MiB, 143771 MiB, 0 %, 305.44 W
2026/08/14 06:05:55.983, 0, NVIDIA H200, 119677 MiB, 143771 MiB, 100 %, 293.60 W
2026/08/14 06:05:56.990, 0, NVIDIA H200, 119677 MiB, 143771 MiB, 0 %, 203.08 W
2026/08/14 06:05:57.992, 0, NVIDIA H200, 119677 MiB, 143771 MiB, 74 %, 215.97 W
2026/08/14 06:05:58.995, 0, NVIDIA H200, 119677 MiB, 143771 MiB, 100 %, 372.25 W
2026/08/14 06:05:59.998, 0, NVIDIA H200, 119677 MiB, 143771 MiB, 100 %, 375.15 W
2026/08/14 06:06:01.000, 0, NVIDIA H200, 119677 MiB, 143771 MiB, 100 %, 376.74 W
2026/08/14 06:06:02.002, 0, NVIDIA H200, 119677 MiB, 143771 MiB, 100 %, 380.22 W
2026/08/14 06:06:03.004, 0, NVIDIA H200, 119677 MiB, 143771 MiB, 100 %, 365.13 W
2026/08/14 06:06:04.007, 0, NVIDIA H200, 119677 MiB, 143771 MiB, 100 %, 365.76 W
2026/08/14 06:06:05.009, 0, NVIDIA H200, 119677 MiB, 143771 MiB, 100 %, 374.51 W
2026/08/14 06:06:06.011, 0, NVIDIA H200, 119677 MiB, 143771 MiB, 100 %, 381.87 W
2026/08/14 06:06:07.014, 0, NVIDIA H200, 119677 MiB, 143771 MiB, 100 %, 243.61 W
2026/08/14 06:06:08.016, 0, NVIDIA H200, 119677 MiB, 143771 MiB, 100 %, 373.82 W
2026/08/14 06:06:09.019, 0, NVIDIA H200, 119677 MiB, 143771 MiB, 100 %, 365.65 W
2026/08/14 06:06:10.023, 0, NVIDIA H200, 119677 MiB, 143771 MiB, 100 %, 379.60 W
2026/08/14 06:06:11.025, 0, NVIDIA H200, 119677 MiB, 143771 MiB, 100 %, 389.45 W
2026/08/14 06:06:12.029, 0, NVIDIA H200, 119677 MiB, 143771 MiB, 100 %, 391.06 W
2026/08/14 06:06:13.031, 0, NVIDIA H200, 119677 MiB, 143771 MiB, 100 %, 375.09 W
2026/08/14 06:06:14.034, 0, NVIDIA H200, 119677 MiB, 143771 MiB, 0 %, 270.79 W
2026/08/14 06:06:15.036, 0, NVIDIA H200, 119677 MiB, 143771 MiB, 16 %, 226.49 W
2026/08/14 06:06:16.039, 0, NVIDIA H200, 119677 MiB, 143771 MiB, 0 %, 187.57 W
2026/08/14 06:06:17.042, 0, NVIDIA H200, 119677 MiB, 143771 MiB, 100 %, 250.07 W
2026/08/14 06:06:18.044, 0, NVIDIA H200, 119677 MiB, 143771 MiB, 100 %, 375.89 W
2026/08/14 06:06:19.047, 0, NVIDIA H200, 119677 MiB, 143771 MiB, 100 %, 367.80 W
2026/08/14 06:06:20.049, 0, NVIDIA H200, 119677 MiB, 143771 MiB, 100 %, 364.17 W
2026/08/14 06:06:21.051, 0, NVIDIA H200, 119677 MiB, 143771 MiB, 100 %, 364.11 W
2026/08/14 06:06:22.053, 0, NVIDIA H200, 119677 MiB, 143771 MiB, 100 %, 363.24 W
2026/08/14 06:06:23.056, 0, NVIDIA H200, 119677 MiB, 143771 MiB, 100 %, 366.42 W
2026/08/14 06:06:24.058, 0, NVIDIA H200, 119677 MiB, 143771 MiB, 100 %, 366.31 W
2026/08/14 06:06:25.061, 0, NVIDIA H200, 119677 MiB, 143771 MiB, 100 %, 369.94 W
2026/08/14 06:06:26.063, 0, NVIDIA H200, 119677 MiB, 143771 MiB, 100 %, 371.21 W
2026/08/14 06:06:27.066, 0, NVIDIA H200, 119677 MiB, 143771 MiB, 100 %, 375.45 W
2026/08/14 06:06:28.069, 0, NVIDIA H200, 119677 MiB, 143771 MiB, 100 %, 372.82 W
2026/08/14 06:06:29.072, 0, NVIDIA H200, 119677 MiB, 143771 MiB, 100 %, 375.10 W
2026/08/14 06:06:30.075, 0, NVIDIA H200, 119677 MiB, 143771 MiB, 100 %, 376.69 W
2026/08/14 06:06:31.077, 0, NVIDIA H200, 119677 MiB, 143771 MiB, 100 %, 378.19 W
2026/08/14 06:06:32.080, 0, NVIDIA H200, 119677 MiB, 143771 MiB, 100 %, 380.84 W
2026/08/14 06:06:33.084, 0, NVIDIA H200, 119677 MiB, 143771 MiB, 100 %, 378.85 W
2026/08/14 06:06:34.086, 0, NVIDIA H200, 119677 MiB, 143771 MiB, 100 %, 379.01 W
2026/08/14 06:06:35.088, 0, NVIDIA H200, 119677 MiB, 143771 MiB, 100 %, 379.01 W
2026/08/14 06:06:36.091, 0, NVIDIA H200, 119677 MiB, 143771 MiB, 100 %, 378.80 W
2026/08/14 06:06:37.093, 0, NVIDIA H200, 119677 MiB, 143771 MiB, 100 %, 378.69 W
2026/08/14 06:06:38.095, 0, NVIDIA H200, 119677 MiB, 143771 MiB, 100 %, 377.14 W
2026/08/14 06:06:39.098, 0, NVIDIA H200, 119677 MiB, 143771 MiB, 100 %, 379.57 W
2026/08/14 06:06:40.100, 0, NVIDIA H200, 119677 MiB, 143771 MiB, 100 %, 379.91 W
2026/08/14 06:06:41.103, 0, NVIDIA H200, 119677 MiB, 143771 MiB, 100 %, 380.49 W
2026/08/14 06:06:42.104, 0, NVIDIA H200, 119677 MiB, 143771 MiB, 100 %, 379.96 W
2026/08/14 06:06:43.107, 0, NVIDIA H200, 119677 MiB, 143771 MiB, 100 %, 384.09 W
2026/08/14 06:06:44.109, 0, NVIDIA H200, 119677 MiB, 143771 MiB, 100 %, 384.05 W
2026/08/14 06:06:45.111, 0, NVIDIA H200, 119677 MiB, 143771 MiB, 0 %, 228.70 W
2026/08/14 06:06:46.122, 0, NVIDIA H200, 119677 MiB, 143771 MiB, 10 %, 221.81 W
2026/08/14 06:06:47.124, 0, NVIDIA H200, 119677 MiB, 143771 MiB, 0 %, 175.68 W
2026/08/14 06:06:48.129, 0, NVIDIA H200, 119677 MiB, 143771 MiB, 63 %, 224.04 W
2026/08/14 06:06:49.132, 0, NVIDIA H200, 119677 MiB, 143771 MiB, 100 %, 368.17 W
2026/08/14 06:06:50.136, 0, NVIDIA H200, 119677 MiB, 143771 MiB, 100 %, 379.26 W
2026/08/14 06:06:51.138, 0, NVIDIA H200, 119677 MiB, 143771 MiB, 100 %, 364.89 W
2026/08/14 06:06:52.142, 0, NVIDIA H200, 119677 MiB, 143771 MiB, 100 %, 372.36 W
2026/08/14 06:06:53.144, 0, NVIDIA H200, 119677 MiB, 143771 MiB, 100 %, 368.91 W
2026/08/14 06:06:54.146, 0, NVIDIA H200, 119677 MiB, 143771 MiB, 100 %, 369.09 W
2026/08/14 06:06:55.150, 0, NVIDIA H200, 119677 MiB, 143771 MiB, 100 %, 362.43 W
2026/08/14 06:06:56.152, 0, NVIDIA H200, 119677 MiB, 143771 MiB, 100 %, 365.10 W
2026/08/14 06:06:57.154, 0, NVIDIA H200, 119677 MiB, 143771 MiB, 100 %, 375.67 W
2026/08/14 06:06:58.158, 0, NVIDIA H200, 119677 MiB, 143771 MiB, 100 %, 347.07 W
2026/08/14 06:06:59.160, 0, NVIDIA H200, 119677 MiB, 143771 MiB, 100 %, 289.04 W
2026/08/14 06:07:00.165, 0, NVIDIA H200, 119677 MiB, 143771 MiB, 100 %, 375.10 W
2026/08/14 06:07:01.167, 0, NVIDIA H200, 119677 MiB, 143771 MiB, 100 %, 373.37 W
2026/08/14 06:07:02.171, 0, NVIDIA H200, 119677 MiB, 143771 MiB, 100 %, 366.53 W
2026/08/14 06:07:03.175, 0, NVIDIA H200, 119677 MiB, 143771 MiB, 100 %, 373.40 W
2026/08/14 06:07:04.178, 0, NVIDIA H200, 119677 MiB, 143771 MiB, 100 %, 379.73 W
2026/08/14 06:07:05.180, 0, NVIDIA H200, 119677 MiB, 143771 MiB, 100 %, 370.14 W
2026/08/14 06:07:06.184, 0, NVIDIA H200, 119677 MiB, 143771 MiB, 72 %, 247.10 W
2026/08/14 06:07:07.192, 0, NVIDIA H200, 119677 MiB, 143771 MiB, 0 %, 228.67 W
2026/08/14 06:07:08.195, 0, NVIDIA H200, 119677 MiB, 143771 MiB, 64 %, 219.94 W
2026/08/14 06:07:09.198, 0, NVIDIA H200, 119677 MiB, 143771 MiB, 100 %, 255.42 W
2026/08/14 06:07:10.201, 0, NVIDIA H200, 119677 MiB, 143771 MiB, 100 %, 352.21 W
2026/08/14 06:07:11.205, 0, NVIDIA H200, 119677 MiB, 143771 MiB, 100 %, 353.37 W
2026/08/14 06:07:12.207, 0, NVIDIA H200, 119677 MiB, 143771 MiB, 100 %, 358.29 W
2026/08/14 06:07:13.213, 0, NVIDIA H200, 119677 MiB, 143771 MiB, 100 %, 357.20 W
2026/08/14 06:07:14.215, 0, NVIDIA H200, 119677 MiB, 143771 MiB, 100 %, 361.92 W
2026/08/14 06:07:15.228, 0, NVIDIA H200, 119677 MiB, 143771 MiB, 100 %, 371.76 W
2026/08/14 06:07:16.230, 0, NVIDIA H200, 119677 MiB, 143771 MiB, 100 %, 370.01 W
2026/08/14 06:07:17.237, 0, NVIDIA H200, 119677 MiB, 143771 MiB, 100 %, 372.05 W
2026/08/14 06:07:18.240, 0, NVIDIA H200, 119677 MiB, 143771 MiB, 100 %, 360.43 W
2026/08/14 06:07:19.243, 0, NVIDIA H200, 119677 MiB, 143771 MiB, 100 %, 369.71 W
2026/08/14 06:07:20.246, 0, NVIDIA H200, 119677 MiB, 143771 MiB, 100 %, 367.77 W
2026/08/14 06:07:21.249, 0, NVIDIA H200, 119677 MiB, 143771 MiB, 84 %, 239.97 W
2026/08/14 06:07:22.252, 0, NVIDIA H200, 119677 MiB, 143771 MiB, 0 %, 224.56 W
2026/08/14 06:07:23.255, 0, NVIDIA H200, 119677 MiB, 143771 MiB, 16 %, 209.67 W
2026/08/14 06:07:24.257, 0, NVIDIA H200, 119677 MiB, 143771 MiB, 100 %, 250.88 W
2026/08/14 06:07:25.260, 0, NVIDIA H200, 119677 MiB, 143771 MiB, 100 %, 357.59 W
2026/08/14 06:07:26.262, 0, NVIDIA H200, 119677 MiB, 143771 MiB, 100 %, 355.04 W
2026/08/14 06:07:27.265, 0, NVIDIA H200, 119677 MiB, 143771 MiB, 100 %, 360.36 W
2026/08/14 06:07:28.268, 0, NVIDIA H200, 119677 MiB, 143771 MiB, 100 %, 359.03 W
2026/08/14 06:07:29.270, 0, NVIDIA H200, 119677 MiB, 143771 MiB, 100 %, 356.72 W
2026/08/14 06:07:30.273, 0, NVIDIA H200, 119677 MiB, 143771 MiB, 100 %, 361.62 W
2026/08/14 06:07:31.276, 0, NVIDIA H200, 119677 MiB, 143771 MiB, 100 %, 363.25 W
2026/08/14 06:07:32.278, 0, NVIDIA H200, 119677 MiB, 143771 MiB, 100 %, 367.08 W
2026/08/14 06:07:33.280, 0, NVIDIA H200, 119677 MiB, 143771 MiB, 100 %, 362.36 W
2026/08/14 06:07:34.283, 0, NVIDIA H200, 119677 MiB, 143771 MiB, 100 %, 369.61 W
2026/08/14 06:07:35.285, 0, NVIDIA H200, 119677 MiB, 143771 MiB, 100 %, 380.84 W
2026/08/14 06:07:36.288, 0, NVIDIA H200, 119677 MiB, 143771 MiB, 100 %, 379.89 W
2026/08/14 06:07:37.289, 0, NVIDIA H200, 119677 MiB, 143771 MiB, 100 %, 362.46 W
2026/08/14 06:07:38.292, 0, NVIDIA H200, 119677 MiB, 143771 MiB, 100 %, 372.31 W
2026/08/14 06:07:39.295, 0, NVIDIA H200, 119677 MiB, 143771 MiB, 100 %, 367.06 W
2026/08/14 06:07:40.297, 0, NVIDIA H200, 119677 MiB, 143771 MiB, 100 %, 375.54 W
2026/08/14 06:07:41.301, 0, NVIDIA H200, 119677 MiB, 143771 MiB, 46 %, 319.85 W
2026/08/14 06:07:42.304, 0, NVIDIA H200, 119677 MiB, 143771 MiB, 100 %, 310.48 W
2026/08/14 06:07:43.306, 0, NVIDIA H200, 119677 MiB, 143771 MiB, 100 %, 361.40 W
2026/08/14 06:07:44.309, 0, NVIDIA H200, 119677 MiB, 143771 MiB, 100 %, 374.51 W
2026/08/14 06:07:45.311, 0, NVIDIA H200, 119677 MiB, 143771 MiB, 100 %, 373.44 W
2026/08/14 06:07:46.313, 0, NVIDIA H200, 119677 MiB, 143771 MiB, 100 %, 361.76 W
2026/08/14 06:07:47.317, 0, NVIDIA H200, 119677 MiB, 143771 MiB, 100 %, 370.18 W
2026/08/14 06:07:48.319, 0, NVIDIA H200, 119677 MiB, 143771 MiB, 100 %, 373.30 W
2026/08/14 06:07:49.323, 0, NVIDIA H200, 119677 MiB, 143771 MiB, 0 %, 241.96 W
2026/08/14 06:07:50.326, 0, NVIDIA H200, 119677 MiB, 143771 MiB, 0 %, 188.77 W
2026/08/14 06:07:51.329, 0, NVIDIA H200, 119677 MiB, 143771 MiB, 20 %, 239.42 W
2026/08/14 06:07:52.331, 0, NVIDIA H200, 119677 MiB, 143771 MiB, 100 %, 250.41 W
2026/08/14 06:07:53.333, 0, NVIDIA H200, 119677 MiB, 143771 MiB, 100 %, 355.14 W
2026/08/14 06:07:54.336, 0, NVIDIA H200, 119677 MiB, 143771 MiB, 100 %, 357.55 W
2026/08/14 06:07:55.338, 0, NVIDIA H200, 119677 MiB, 143771 MiB, 100 %, 393.02 W
2026/08/14 06:07:56.341, 0, NVIDIA H200, 119677 MiB, 143771 MiB, 100 %, 412.35 W
2026/08/14 06:07:57.343, 0, NVIDIA H200, 119677 MiB, 143771 MiB, 100 %, 414.21 W
2026/08/14 06:07:58.345, 0, NVIDIA H200, 119677 MiB, 143771 MiB, 100 %, 414.46 W
2026/08/14 06:07:59.348, 0, NVIDIA H200, 119677 MiB, 143771 MiB, 100 %, 417.58 W
2026/08/14 06:08:00.351, 0, NVIDIA H200, 119677 MiB, 143771 MiB, 100 %, 419.16 W
2026/08/14 06:08:01.353, 0, NVIDIA H200, 119677 MiB, 143771 MiB, 100 %, 421.14 W
2026/08/14 06:08:02.356, 0, NVIDIA H200, 119677 MiB, 143771 MiB, 100 %, 421.13 W
2026/08/14 06:08:03.358, 0, NVIDIA H200, 119677 MiB, 143771 MiB, 100 %, 420.42 W
2026/08/14 06:08:04.361, 0, NVIDIA H200, 119677 MiB, 143771 MiB, 100 %, 421.03 W
2026/08/14 06:08:05.364, 0, NVIDIA H200, 119677 MiB, 143771 MiB, 100 %, 420.26 W
2026/08/14 06:08:06.366, 0, NVIDIA H200, 119677 MiB, 143771 MiB, 100 %, 420.72 W
2026/08/14 06:08:07.368, 0, NVIDIA H200, 119677 MiB, 143771 MiB, 100 %, 419.52 W
2026/08/14 06:08:08.371, 0, NVIDIA H200, 119677 MiB, 143771 MiB, 100 %, 424.09 W
2026/08/14 06:08:09.373, 0, NVIDIA H200, 119677 MiB, 143771 MiB, 100 %, 409.21 W
2026/08/14 06:08:10.377, 0, NVIDIA H200, 119677 MiB, 143771 MiB, 100 %, 240.87 W
2026/08/14 06:08:11.380, 0, NVIDIA H200, 119677 MiB, 143771 MiB, 0 %, 175.86 W
2026/08/14 06:08:12.383, 0, NVIDIA H200, 119677 MiB, 143771 MiB, 74 %, 249.96 W
2026/08/14 06:08:13.385, 0, NVIDIA H200, 119677 MiB, 143771 MiB, 18 %, 206.95 W
2026/08/14 06:08:14.388, 0, NVIDIA H200, 119677 MiB, 143771 MiB, 100 %, 366.71 W
2026/08/14 06:08:15.391, 0, NVIDIA H200, 119677 MiB, 143771 MiB, 100 %, 365.38 W
2026/08/14 06:08:16.394, 0, NVIDIA H200, 119677 MiB, 143771 MiB, 100 %, 360.30 W
2026/08/14 06:08:17.396, 0, NVIDIA H200, 119677 MiB, 143771 MiB, 100 %, 363.35 W
2026/08/14 06:08:18.400, 0, NVIDIA H200, 119677 MiB, 143771 MiB, 100 %, 365.16 W
2026/08/14 06:08:19.402, 0, NVIDIA H200, 119677 MiB, 143771 MiB, 100 %, 357.61 W
2026/08/14 06:08:20.405, 0, NVIDIA H200, 119677 MiB, 143771 MiB, 100 %, 358.96 W
2026/08/14 06:08:21.408, 0, NVIDIA H200, 119677 MiB, 143771 MiB, 100 %, 372.01 W
2026/08/14 06:08:22.411, 0, NVIDIA H200, 119677 MiB, 143771 MiB, 100 %, 368.84 W
2026/08/14 06:08:23.413, 0, NVIDIA H200, 119677 MiB, 143771 MiB, 100 %, 371.23 W
2026/08/14 06:08:24.417, 0, NVIDIA H200, 119677 MiB, 143771 MiB, 100 %, 361.16 W
2026/08/14 06:08:25.419, 0, NVIDIA H200, 119677 MiB, 143771 MiB, 100 %, 362.93 W
2026/08/14 06:08:26.422, 0, NVIDIA H200, 119677 MiB, 143771 MiB, 100 %, 379.68 W
2026/08/14 06:08:27.424, 0, NVIDIA H200, 119677 MiB, 143771 MiB, 100 %, 369.95 W
2026/08/14 06:08:28.426, 0, NVIDIA H200, 119677 MiB, 143771 MiB, 100 %, 388.31 W
2026/08/14 06:08:29.430, 0, NVIDIA H200, 119677 MiB, 143771 MiB, 100 %, 372.60 W
2026/08/14 06:08:30.433, 0, NVIDIA H200, 119677 MiB, 143771 MiB, 100 %, 384.33 W
2026/08/14 06:08:31.436, 0, NVIDIA H200, 119677 MiB, 143771 MiB, 4 %, 244.01 W
2026/08/14 06:08:32.439, 0, NVIDIA H200, 119677 MiB, 143771 MiB, 0 %, 224.96 W
2026/08/14 06:08:33.442, 0, NVIDIA H200, 119677 MiB, 143771 MiB, 0 %, 214.15 W
2026/08/14 06:08:34.446, 0, NVIDIA H200, 119677 MiB, 143771 MiB, 100 %, 288.61 W
2026/08/14 06:08:35.448, 0, NVIDIA H200, 119677 MiB, 143771 MiB, 100 %, 366.52 W
2026/08/14 06:08:36.450, 0, NVIDIA H200, 119677 MiB, 143771 MiB, 100 %, 357.44 W
2026/08/14 06:08:37.453, 0, NVIDIA H200, 119677 MiB, 143771 MiB, 100 %, 364.48 W
2026/08/14 06:08:38.456, 0, NVIDIA H200, 119677 MiB, 143771 MiB, 100 %, 361.17 W
2026/08/14 06:08:39.459, 0, NVIDIA H200, 119677 MiB, 143771 MiB, 100 %, 372.44 W
2026/08/14 06:08:40.462, 0, NVIDIA H200, 119677 MiB, 143771 MiB, 100 %, 375.22 W
2026/08/14 06:08:41.465, 0, NVIDIA H200, 119677 MiB, 143771 MiB, 100 %, 361.45 W
2026/08/14 06:08:42.468, 0, NVIDIA H200, 119677 MiB, 143771 MiB, 100 %, 371.98 W
2026/08/14 06:08:43.470, 0, NVIDIA H200, 119677 MiB, 143771 MiB, 100 %, 366.02 W
2026/08/14 06:08:44.473, 0, NVIDIA H200, 119677 MiB, 143771 MiB, 100 %, 362.65 W
2026/08/14 06:08:45.475, 0, NVIDIA H200, 119677 MiB, 143771 MiB, 100 %, 367.71 W
2026/08/14 06:08:46.478, 0, NVIDIA H200, 119677 MiB, 143771 MiB, 100 %, 376.24 W
2026/08/14 06:08:47.479, 0, NVIDIA H200, 119677 MiB, 143771 MiB, 100 %, 373.68 W
2026/08/14 06:08:48.482, 0, NVIDIA H200, 119677 MiB, 143771 MiB, 100 %, 384.28 W
2026/08/14 06:08:49.484, 0, NVIDIA H200, 119677 MiB, 143771 MiB, 100 %, 369.95 W
2026/08/14 06:08:50.486, 0, NVIDIA H200, 119677 MiB, 143771 MiB, 100 %, 378.18 W
2026/08/14 06:08:51.489, 0, NVIDIA H200, 119677 MiB, 143771 MiB, 100 %, 391.19 W
2026/08/14 06:08:52.491, 0, NVIDIA H200, 119677 MiB, 143771 MiB, 100 %, 387.74 W
2026/08/14 06:08:53.495, 0, NVIDIA H200, 119677 MiB, 143771 MiB, 100 %, 384.23 W
2026/08/14 06:08:54.497, 0, NVIDIA H200, 119677 MiB, 143771 MiB, 100 %, 385.25 W
2026/08/14 06:08:55.501, 0, NVIDIA H200, 119677 MiB, 143771 MiB, 100 %, 374.52 W
2026/08/14 06:08:56.504, 0, NVIDIA H200, 119677 MiB, 143771 MiB, 100 %, 378.46 W
2026/08/14 06:08:57.507, 0, NVIDIA H200, 119677 MiB, 143771 MiB, 100 %, 386.23 W
2026/08/14 06:08:58.509, 0, NVIDIA H200, 119677 MiB, 143771 MiB, 0 %, 278.26 W
2026/08/14 06:08:59.512, 0, NVIDIA H200, 119677 MiB, 143771 MiB, 12 %, 227.63 W
2026/08/14 06:09:00.515, 0, NVIDIA H200, 119677 MiB, 143771 MiB, 91 %, 236.64 W
2026/08/14 06:09:01.517, 0, NVIDIA H200, 119677 MiB, 143771 MiB, 100 %, 256.29 W
2026/08/14 06:09:02.519, 0, NVIDIA H200, 119677 MiB, 143771 MiB, 100 %, 359.66 W
2026/08/14 06:09:03.521, 0, NVIDIA H200, 119677 MiB, 143771 MiB, 100 %, 367.57 W
2026/08/14 06:09:04.524, 0, NVIDIA H200, 119677 MiB, 143771 MiB, 100 %, 364.93 W
2026/08/14 06:09:05.526, 0, NVIDIA H200, 119677 MiB, 143771 MiB, 0 %, 323.76 W
2026/08/14 06:09:06.530, 0, NVIDIA H200, 119677 MiB, 143771 MiB, 0 %, 212.70 W
2026/08/14 06:09:07.532, 0, NVIDIA H200, 119677 MiB, 143771 MiB, 0 %, 234.94 W
2026/08/14 06:09:08.535, 0, NVIDIA H200, 119677 MiB, 143771 MiB, 0 %, 217.67 W
2026/08/14 06:09:09.537, 0, NVIDIA H200, 119677 MiB, 143771 MiB, 100 %, 256.81 W
2026/08/14 06:09:10.539, 0, NVIDIA H200, 119677 MiB, 143771 MiB, 100 %, 362.91 W
2026/08/14 06:09:11.542, 0, NVIDIA H200, 119677 MiB, 143771 MiB, 100 %, 362.92 W
2026/08/14 06:09:12.544, 0, NVIDIA H200, 119677 MiB, 143771 MiB, 100 %, 361.26 W
2026/08/14 06:09:13.547, 0, NVIDIA H200, 119677 MiB, 143771 MiB, 100 %, 356.94 W
2026/08/14 06:09:14.550, 0, NVIDIA H200, 119677 MiB, 143771 MiB, 100 %, 369.52 W
2026/08/14 06:09:15.552, 0, NVIDIA H200, 119677 MiB, 143771 MiB, 100 %, 364.20 W
2026/08/14 06:09:16.554, 0, NVIDIA H200, 119677 MiB, 143771 MiB, 100 %, 373.46 W
2026/08/14 06:09:17.556, 0, NVIDIA H200, 119677 MiB, 143771 MiB, 0 %, 264.48 W
2026/08/14 06:09:18.558, 0, NVIDIA H200, 119677 MiB, 143771 MiB, 67 %, 224.70 W
2026/08/14 06:09:19.561, 0, NVIDIA H200, 119677 MiB, 143771 MiB, 0 %, 201.86 W
2026/08/14 06:09:20.563, 0, NVIDIA H200, 119677 MiB, 143771 MiB, 56 %, 225.17 W
2026/08/14 06:09:21.565, 0, NVIDIA H200, 119677 MiB, 143771 MiB, 100 %, 295.71 W
2026/08/14 06:09:22.567, 0, NVIDIA H200, 119677 MiB, 143771 MiB, 100 %, 361.25 W
2026/08/14 06:09:23.569, 0, NVIDIA H200, 119677 MiB, 143771 MiB, 100 %, 365.60 W
2026/08/14 06:09:24.571, 0, NVIDIA H200, 119677 MiB, 143771 MiB, 100 %, 366.95 W
2026/08/14 06:09:25.574, 0, NVIDIA H200, 119677 MiB, 143771 MiB, 100 %, 363.52 W
2026/08/14 06:09:26.576, 0, NVIDIA H200, 119677 MiB, 143771 MiB, 4 %, 263.76 W
2026/08/14 06:09:27.579, 0, NVIDIA H200, 119677 MiB, 143771 MiB, 100 %, 366.74 W
2026/08/14 06:09:28.581, 0, NVIDIA H200, 119677 MiB, 143771 MiB, 100 %, 365.49 W
2026/08/14 06:09:29.583, 0, NVIDIA H200, 119677 MiB, 143771 MiB, 100 %, 366.17 W
2026/08/14 06:09:30.586, 0, NVIDIA H200, 119677 MiB, 143771 MiB, 100 %, 369.90 W
2026/08/14 06:09:31.588, 0, NVIDIA H200, 119677 MiB, 143771 MiB, 100 %, 358.65 W
2026/08/14 06:09:32.590, 0, NVIDIA H200, 119677 MiB, 143771 MiB, 100 %, 359.20 W
2026/08/14 06:09:33.592, 0, NVIDIA H200, 119677 MiB, 143771 MiB, 100 %, 377.67 W
2026/08/14 06:09:34.595, 0, NVIDIA H200, 119677 MiB, 143771 MiB, 0 %, 188.57 W
2026/08/14 06:09:35.598, 0, NVIDIA H200, 119677 MiB, 143771 MiB, 100 %, 229.25 W
2026/08/14 06:09:36.603, 0, NVIDIA H200, 119677 MiB, 143771 MiB, 0 %, 180.36 W
2026/08/14 06:09:37.605, 0, NVIDIA H200, 119677 MiB, 143771 MiB, 100 %, 349.87 W
2026/08/14 06:09:38.608, 0, NVIDIA H200, 119677 MiB, 143771 MiB, 100 %, 365.08 W
2026/08/14 06:09:39.610, 0, NVIDIA H200, 119677 MiB, 143771 MiB, 100 %, 366.04 W
2026/08/14 06:09:40.612, 0, NVIDIA H200, 119677 MiB, 143771 MiB, 100 %, 372.60 W
2026/08/14 06:09:41.616, 0, NVIDIA H200, 119677 MiB, 143771 MiB, 100 %, 368.45 W
2026/08/14 06:09:42.618, 0, NVIDIA H200, 119677 MiB, 143771 MiB, 58 %, 340.32 W
2026/08/14 06:09:43.621, 0, NVIDIA H200, 119677 MiB, 143771 MiB, 100 %, 304.34 W
2026/08/14 06:09:44.623, 0, NVIDIA H200, 119677 MiB, 143771 MiB, 100 %, 366.29 W
2026/08/14 06:09:45.625, 0, NVIDIA H200, 119677 MiB, 143771 MiB, 100 %, 375.92 W
2026/08/14 06:09:46.632, 0, NVIDIA H200, 119677 MiB, 143771 MiB, 100 %, 373.57 W
2026/08/14 06:09:47.634, 0, NVIDIA H200, 119677 MiB, 143771 MiB, 100 %, 367.66 W
2026/08/14 06:09:48.637, 0, NVIDIA H200, 119677 MiB, 143771 MiB, 100 %, 385.11 W
2026/08/14 06:09:49.639, 0, NVIDIA H200, 119677 MiB, 143771 MiB, 0 %, 195.32 W
2026/08/14 06:09:50.642, 0, NVIDIA H200, 119677 MiB, 143771 MiB, 100 %, 256.87 W
2026/08/14 06:09:51.645, 0, NVIDIA H200, 119677 MiB, 143771 MiB, 0 %, 185.99 W
2026/08/14 06:09:52.648, 0, NVIDIA H200, 119677 MiB, 143771 MiB, 100 %, 334.98 W
2026/08/14 06:09:53.651, 0, NVIDIA H200, 119677 MiB, 143771 MiB, 100 %, 369.20 W
2026/08/14 06:09:54.654, 0, NVIDIA H200, 119677 MiB, 143771 MiB, 0 %, 261.63 W
2026/08/14 06:09:55.657, 0, NVIDIA H200, 119677 MiB, 143771 MiB, 45 %, 239.21 W
2026/08/14 06:09:56.659, 0, NVIDIA H200, 119677 MiB, 143771 MiB, 97 %, 211.90 W
2026/08/14 06:09:57.662, 0, NVIDIA H200, 119677 MiB, 143771 MiB, 0 %, 195.83 W
2026/08/14 06:09:58.665, 0, NVIDIA H200, 119677 MiB, 143771 MiB, 100 %, 337.12 W
2026/08/14 06:09:59.668, 0, NVIDIA H200, 119677 MiB, 143771 MiB, 66 %, 271.88 W
2026/08/14 06:10:00.670, 0, NVIDIA H200, 119677 MiB, 143771 MiB, 100 %, 376.25 W
2026/08/14 06:10:01.672, 0, NVIDIA H200, 119677 MiB, 143771 MiB, 100 %, 370.67 W
2026/08/14 06:10:02.674, 0, NVIDIA H200, 119677 MiB, 143771 MiB, 100 %, 363.02 W
2026/08/14 06:10:03.677, 0, NVIDIA H200, 119677 MiB, 143771 MiB, 100 %, 376.43 W
2026/08/14 06:10:04.680, 0, NVIDIA H200, 119677 MiB, 143771 MiB, 100 %, 377.66 W
2026/08/14 06:10:05.682, 0, NVIDIA H200, 119677 MiB, 143771 MiB, 23 %, 236.56 W
2026/08/14 06:10:06.684, 0, NVIDIA H200, 119677 MiB, 143771 MiB, 100 %, 216.76 W
2026/08/14 06:10:07.686, 0, NVIDIA H200, 119677 MiB, 143771 MiB, 0 %, 184.73 W
2026/08/14 06:10:08.689, 0, NVIDIA H200, 119677 MiB, 143771 MiB, 100 %, 338.49 W
2026/08/14 06:10:09.691, 0, NVIDIA H200, 119677 MiB, 143771 MiB, 100 %, 359.11 W
2026/08/14 06:10:10.694, 0, NVIDIA H200, 119677 MiB, 143771 MiB, 100 %, 369.01 W
2026/08/14 06:10:11.696, 0, NVIDIA H200, 119677 MiB, 143771 MiB, 100 %, 375.68 W
2026/08/14 06:10:12.698, 0, NVIDIA H200, 119677 MiB, 143771 MiB, 100 %, 364.19 W
2026/08/14 06:10:13.701, 0, NVIDIA H200, 119677 MiB, 143771 MiB, 100 %, 373.15 W
2026/08/14 06:10:14.703, 0, NVIDIA H200, 119677 MiB, 143771 MiB, 100 %, 369.45 W
2026/08/14 06:10:15.705, 0, NVIDIA H200, 119677 MiB, 143771 MiB, 0 %, 178.05 W
2026/08/14 06:10:16.708, 0, NVIDIA H200, 119677 MiB, 143771 MiB, 100 %, 274.22 W
2026/08/14 06:10:17.710, 0, NVIDIA H200, 119677 MiB, 143771 MiB, 0 %, 181.20 W
2026/08/14 06:10:18.713, 0, NVIDIA H200, 119677 MiB, 143771 MiB, 100 %, 327.99 W
2026/08/14 06:10:19.715, 0, NVIDIA H200, 119677 MiB, 143771 MiB, 100 %, 362.52 W
2026/08/14 06:10:20.719, 0, NVIDIA H200, 119677 MiB, 143771 MiB, 100 %, 363.91 W
2026/08/14 06:10:21.721, 0, NVIDIA H200, 119677 MiB, 143771 MiB, 100 %, 370.83 W
2026/08/14 06:10:22.724, 0, NVIDIA H200, 119677 MiB, 143771 MiB, 100 %, 370.29 W
2026/08/14 06:10:23.726, 0, NVIDIA H200, 119677 MiB, 143771 MiB, 100 %, 364.94 W
2026/08/14 06:10:24.732, 0, NVIDIA H200, 119677 MiB, 143771 MiB, 0 %, 201.67 W
2026/08/14 06:10:25.736, 0, NVIDIA H200, 119677 MiB, 143771 MiB, 76 %, 222.15 W
2026/08/14 06:10:26.742, 0, NVIDIA H200, 119677 MiB, 143771 MiB, 0 %, 199.09 W
2026/08/14 06:10:27.744, 0, NVIDIA H200, 119677 MiB, 143771 MiB, 100 %, 310.40 W
2026/08/14 06:10:28.748, 0, NVIDIA H200, 119677 MiB, 143771 MiB, 100 %, 361.86 W
2026/08/14 06:10:29.750, 0, NVIDIA H200, 119677 MiB, 143771 MiB, 100 %, 365.94 W
2026/08/14 06:10:30.755, 0, NVIDIA H200, 119677 MiB, 143771 MiB, 100 %, 367.35 W
2026/08/14 06:10:31.757, 0, NVIDIA H200, 119677 MiB, 143771 MiB, 100 %, 373.76 W
2026/08/14 06:10:32.762, 0, NVIDIA H200, 119677 MiB, 143771 MiB, 100 %, 361.70 W
2026/08/14 06:10:33.763, 0, NVIDIA H200, 119677 MiB, 143771 MiB, 100 %, 363.23 W
2026/08/14 06:10:34.767, 0, NVIDIA H200, 119677 MiB, 143771 MiB, 100 %, 355.17 W
2026/08/14 06:10:35.770, 0, NVIDIA H200, 119677 MiB, 143771 MiB, 0 %, 285.67 W
2026/08/14 06:10:36.773, 0, NVIDIA H200, 119677 MiB, 143771 MiB, 100 %, 325.62 W
2026/08/14 06:10:37.777, 0, NVIDIA H200, 119677 MiB, 143771 MiB, 100 %, 359.15 W
2026/08/14 06:10:38.787, 0, NVIDIA H200, 119677 MiB, 143771 MiB, 100 %, 356.66 W
2026/08/14 06:10:39.790, 0, NVIDIA H200, 119677 MiB, 143771 MiB, 100 %, 353.86 W
2026/08/14 06:10:40.792, 0, NVIDIA H200, 119677 MiB, 143771 MiB, 100 %, 357.34 W
2026/08/14 06:10:41.795, 0, NVIDIA H200, 119677 MiB, 143771 MiB, 100 %, 359.68 W
2026/08/14 06:10:42.799, 0, NVIDIA H200, 119677 MiB, 143771 MiB, 100 %, 355.43 W
2026/08/14 06:10:43.802, 0, NVIDIA H200, 119677 MiB, 143771 MiB, 100 %, 214.57 W
2026/08/14 06:10:44.808, 0, NVIDIA H200, 119677 MiB, 143771 MiB, 0 %, 189.87 W
2026/08/14 06:10:45.810, 0, NVIDIA H200, 119677 MiB, 143771 MiB, 100 %, 225.07 W
2026/08/14 06:10:46.815, 0, NVIDIA H200, 119677 MiB, 143771 MiB, 100 %, 282.91 W
2026/08/14 06:10:47.818, 0, NVIDIA H200, 119677 MiB, 143771 MiB, 100 %, 361.62 W
2026/08/14 06:10:48.823, 0, NVIDIA H200, 119677 MiB, 143771 MiB, 100 %, 366.03 W
2026/08/14 06:10:49.825, 0, NVIDIA H200, 119677 MiB, 143771 MiB, 100 %, 360.42 W
2026/08/14 06:10:50.836, 0, NVIDIA H200, 119677 MiB, 143771 MiB, 100 %, 376.08 W
2026/08/14 06:10:51.839, 0, NVIDIA H200, 119677 MiB, 143771 MiB, 100 %, 363.25 W
2026/08/14 06:10:52.844, 0, NVIDIA H200, 119677 MiB, 143771 MiB, 100 %, 382.26 W
2026/08/14 06:10:53.847, 0, NVIDIA H200, 119677 MiB, 143771 MiB, 100 %, 369.80 W
2026/08/14 06:10:54.850, 0, NVIDIA H200, 119677 MiB, 143771 MiB, 100 %, 382.06 W
2026/08/14 06:10:55.852, 0, NVIDIA H200, 119677 MiB, 143771 MiB, 100 %, 359.66 W
2026/08/14 06:10:56.854, 0, NVIDIA H200, 119677 MiB, 143771 MiB, 100 %, 364.69 W
2026/08/14 06:10:57.857, 0, NVIDIA H200, 119677 MiB, 143771 MiB, 100 %, 377.79 W
2026/08/14 06:10:58.867, 0, NVIDIA H200, 119677 MiB, 143771 MiB, 100 %, 383.90 W
2026/08/14 06:10:59.869, 0, NVIDIA H200, 119677 MiB, 143771 MiB, 100 %, 376.25 W
2026/08/14 06:11:00.872, 0, NVIDIA H200, 119677 MiB, 143771 MiB, 100 %, 360.30 W
2026/08/14 06:11:01.874, 0, NVIDIA H200, 119677 MiB, 143771 MiB, 100 %, 357.41 W
2026/08/14 06:11:02.877, 0, NVIDIA H200, 119677 MiB, 143771 MiB, 100 %, 363.12 W
2026/08/14 06:11:03.879, 0, NVIDIA H200, 119677 MiB, 143771 MiB, 100 %, 357.29 W
2026/08/14 06:11:04.884, 0, NVIDIA H200, 119677 MiB, 143771 MiB, 100 %, 368.47 W
2026/08/14 06:11:05.886, 0, NVIDIA H200, 119677 MiB, 143771 MiB, 100 %, 361.98 W
2026/08/14 06:11:06.888, 0, NVIDIA H200, 119677 MiB, 143771 MiB, 100 %, 367.21 W
2026/08/14 06:11:07.891, 0, NVIDIA H200, 119677 MiB, 143771 MiB, 100 %, 369.83 W
2026/08/14 06:11:08.892, 0, NVIDIA H200, 119677 MiB, 143771 MiB, 100 %, 370.87 W
2026/08/14 06:11:09.894, 0, NVIDIA H200, 119677 MiB, 143771 MiB, 100 %, 379.15 W
2026/08/14 06:11:10.896, 0, NVIDIA H200, 119677 MiB, 143771 MiB, 84 %, 356.87 W
2026/08/14 06:11:11.898, 0, NVIDIA H200, 119677 MiB, 143771 MiB, 100 %, 273.50 W
2026/08/14 06:11:12.900, 0, NVIDIA H200, 119677 MiB, 143771 MiB, 100 %, 362.85 W
2026/08/14 06:11:13.902, 0, NVIDIA H200, 119677 MiB, 143771 MiB, 100 %, 368.03 W
2026/08/14 06:11:14.905, 0, NVIDIA H200, 119677 MiB, 143771 MiB, 100 %, 363.03 W
2026/08/14 06:11:15.908, 0, NVIDIA H200, 119677 MiB, 143771 MiB, 100 %, 369.88 W
2026/08/14 06:11:16.910, 0, NVIDIA H200, 119677 MiB, 143771 MiB, 100 %, 358.15 W
2026/08/14 06:11:17.913, 0, NVIDIA H200, 119677 MiB, 143771 MiB, 100 %, 358.99 W
2026/08/14 06:11:18.916, 0, NVIDIA H200, 119677 MiB, 143771 MiB, 100 %, 364.04 W
2026/08/14 06:11:19.919, 0, NVIDIA H200, 119677 MiB, 143771 MiB, 100 %, 368.37 W
2026/08/14 06:11:20.922, 0, NVIDIA H200, 119677 MiB, 143771 MiB, 100 %, 367.67 W
2026/08/14 06:11:21.925, 0, NVIDIA H200, 119677 MiB, 143771 MiB, 0 %, 330.55 W
2026/08/14 06:11:22.929, 0, NVIDIA H200, 119677 MiB, 143771 MiB, 0 %, 188.02 W
2026/08/14 06:11:23.931, 0, NVIDIA H200, 119677 MiB, 143771 MiB, 100 %, 267.03 W
2026/08/14 06:11:24.933, 0, NVIDIA H200, 119677 MiB, 143771 MiB, 0 %, 173.20 W
2026/08/14 06:11:25.936, 0, NVIDIA H200, 119677 MiB, 143771 MiB, 100 %, 327.94 W
2026/08/14 06:11:26.940, 0, NVIDIA H200, 119677 MiB, 143771 MiB, 100 %, 363.10 W
2026/08/14 06:11:27.942, 0, NVIDIA H200, 119677 MiB, 143771 MiB, 100 %, 366.47 W
2026/08/14 06:11:28.945, 0, NVIDIA H200, 119677 MiB, 143771 MiB, 100 %, 357.74 W
2026/08/14 06:11:29.948, 0, NVIDIA H200, 119677 MiB, 143771 MiB, 100 %, 284.78 W
2026/08/14 06:11:30.950, 0, NVIDIA H200, 119677 MiB, 143771 MiB, 100 %, 367.99 W
2026/08/14 06:11:31.954, 0, NVIDIA H200, 119677 MiB, 143771 MiB, 100 %, 372.08 W
2026/08/14 06:11:32.956, 0, NVIDIA H200, 119677 MiB, 143771 MiB, 100 %, 365.58 W
2026/08/14 06:11:33.958, 0, NVIDIA H200, 119677 MiB, 143771 MiB, 100 %, 374.89 W
2026/08/14 06:11:34.962, 0, NVIDIA H200, 119677 MiB, 143771 MiB, 100 %, 361.12 W
2026/08/14 06:11:35.965, 0, NVIDIA H200, 119677 MiB, 143771 MiB, 100 %, 371.23 W
2026/08/14 06:11:36.969, 0, NVIDIA H200, 119677 MiB, 143771 MiB, 100 %, 365.48 W
2026/08/14 06:11:37.972, 0, NVIDIA H200, 119677 MiB, 143771 MiB, 100 %, 367.36 W
2026/08/14 06:11:38.986, 0, NVIDIA H200, 119677 MiB, 143771 MiB, 100 %, 363.89 W
2026/08/14 06:11:39.988, 0, NVIDIA H200, 119677 MiB, 143771 MiB, 100 %, 364.71 W
2026/08/14 06:11:40.992, 0, NVIDIA H200, 119677 MiB, 143771 MiB, 100 %, 368.64 W
2026/08/14 06:11:41.995, 0, NVIDIA H200, 119677 MiB, 143771 MiB, 100 %, 352.09 W
2026/08/14 06:11:42.998, 0, NVIDIA H200, 119677 MiB, 143771 MiB, 100 %, 361.31 W
2026/08/14 06:11:44.000, 0, NVIDIA H200, 119677 MiB, 143771 MiB, 100 %, 364.01 W
2026/08/14 06:11:45.004, 0, NVIDIA H200, 119677 MiB, 143771 MiB, 100 %, 372.94 W
2026/08/14 06:11:46.006, 0, NVIDIA H200, 119677 MiB, 143771 MiB, 100 %, 368.70 W
2026/08/14 06:11:47.019, 0, NVIDIA H200, 119677 MiB, 143771 MiB, 100 %, 368.70 W
2026/08/14 06:11:48.021, 0, NVIDIA H200, 119677 MiB, 143771 MiB, 100 %, 373.23 W
2026/08/14 06:11:49.024, 0, NVIDIA H200, 119677 MiB, 143771 MiB, 100 %, 363.62 W
2026/08/14 06:11:50.027, 0, NVIDIA H200, 119677 MiB, 143771 MiB, 100 %, 364.73 W
2026/08/14 06:11:51.029, 0, NVIDIA H200, 119677 MiB, 143771 MiB, 100 %, 367.75 W
2026/08/14 06:11:52.032, 0, NVIDIA H200, 119677 MiB, 143771 MiB, 100 %, 368.16 W
2026/08/14 06:11:53.036, 0, NVIDIA H200, 119677 MiB, 143771 MiB, 100 %, 367.81 W
2026/08/14 06:11:54.039, 0, NVIDIA H200, 119677 MiB, 143771 MiB, 100 %, 380.23 W
2026/08/14 06:11:55.042, 0, NVIDIA H200, 119677 MiB, 143771 MiB, 100 %, 377.36 W
2026/08/14 06:11:56.044, 0, NVIDIA H200, 119677 MiB, 143771 MiB, 100 %, 386.01 W
2026/08/14 06:11:57.046, 0, NVIDIA H200, 119677 MiB, 143771 MiB, 100 %, 392.58 W
2026/08/14 06:11:58.049, 0, NVIDIA H200, 119677 MiB, 143771 MiB, 0 %, 314.00 W
2026/08/14 06:11:59.054, 0, NVIDIA H200, 119677 MiB, 143771 MiB, 44 %, 236.58 W
2026/08/14 06:12:00.056, 0, NVIDIA H200, 119677 MiB, 143771 MiB, 93 %, 229.10 W
2026/08/14 06:12:01.058, 0, NVIDIA H200, 119677 MiB, 143771 MiB, 0 %, 175.85 W
2026/08/14 06:12:02.060, 0, NVIDIA H200, 119677 MiB, 143771 MiB, 100 %, 351.45 W
2026/08/14 06:12:03.063, 0, NVIDIA H200, 119677 MiB, 143771 MiB, 100 %, 368.77 W
2026/08/14 06:12:04.065, 0, NVIDIA H200, 119677 MiB, 143771 MiB, 100 %, 376.85 W
2026/08/14 06:12:05.068, 0, NVIDIA H200, 119677 MiB, 143771 MiB, 100 %, 367.96 W
2026/08/14 06:12:06.070, 0, NVIDIA H200, 119677 MiB, 143771 MiB, 100 %, 362.57 W
2026/08/14 06:12:07.072, 0, NVIDIA H200, 119677 MiB, 143771 MiB, 100 %, 372.62 W
2026/08/14 06:12:08.075, 0, NVIDIA H200, 119677 MiB, 143771 MiB, 100 %, 366.01 W
2026/08/14 06:12:09.078, 0, NVIDIA H200, 119677 MiB, 143771 MiB, 100 %, 359.98 W
2026/08/14 06:12:10.080, 0, NVIDIA H200, 119677 MiB, 143771 MiB, 58 %, 235.76 W
2026/08/14 06:12:11.083, 0, NVIDIA H200, 119677 MiB, 143771 MiB, 100 %, 358.25 W
2026/08/14 06:12:12.085, 0, NVIDIA H200, 119677 MiB, 143771 MiB, 100 %, 367.82 W
2026/08/14 06:12:13.087, 0, NVIDIA H200, 119677 MiB, 143771 MiB, 100 %, 377.07 W
2026/08/14 06:12:14.089, 0, NVIDIA H200, 119677 MiB, 143771 MiB, 100 %, 371.42 W
2026/08/14 06:12:15.091, 0, NVIDIA H200, 119677 MiB, 143771 MiB, 100 %, 360.07 W
2026/08/14 06:12:16.093, 0, NVIDIA H200, 119677 MiB, 143771 MiB, 100 %, 357.65 W
2026/08/14 06:12:17.096, 0, NVIDIA H200, 119677 MiB, 143771 MiB, 100 %, 364.02 W
2026/08/14 06:12:18.098, 0, NVIDIA H200, 119677 MiB, 143771 MiB, 0 %, 285.85 W
2026/08/14 06:12:19.103, 0, NVIDIA H200, 119677 MiB, 143771 MiB, 0 %, 222.74 W
2026/08/14 06:12:20.105, 0, NVIDIA H200, 119677 MiB, 143771 MiB, 10 %, 187.60 W
2026/08/14 06:12:21.107, 0, NVIDIA H200, 119677 MiB, 143771 MiB, 100 %, 256.70 W
2026/08/14 06:12:22.109, 0, NVIDIA H200, 119677 MiB, 143771 MiB, 100 %, 358.95 W
2026/08/14 06:12:23.112, 0, NVIDIA H200, 119677 MiB, 143771 MiB, 100 %, 351.46 W
2026/08/14 06:12:24.118, 0, NVIDIA H200, 119677 MiB, 143771 MiB, 100 %, 359.49 W
2026/08/14 06:12:25.121, 0, NVIDIA H200, 119677 MiB, 143771 MiB, 100 %, 361.89 W
2026/08/14 06:12:26.126, 0, NVIDIA H200, 119677 MiB, 143771 MiB, 100 %, 279.15 W
2026/08/14 06:12:27.129, 0, NVIDIA H200, 119677 MiB, 143771 MiB, 100 %, 366.10 W
2026/08/14 06:12:28.135, 0, NVIDIA H200, 119677 MiB, 143771 MiB, 100 %, 366.39 W
2026/08/14 06:12:29.138, 0, NVIDIA H200, 119677 MiB, 143771 MiB, 0 %, 205.87 W
2026/08/14 06:12:30.143, 0, NVIDIA H200, 119677 MiB, 143771 MiB, 30 %, 223.25 W
2026/08/14 06:12:31.145, 0, NVIDIA H200, 119677 MiB, 143771 MiB, 0 %, 227.72 W
2026/08/14 06:12:32.150, 0, NVIDIA H200, 119677 MiB, 143771 MiB, 100 %, 289.89 W
2026/08/14 06:12:33.152, 0, NVIDIA H200, 119677 MiB, 143771 MiB, 100 %, 355.14 W
2026/08/14 06:12:34.155, 0, NVIDIA H200, 119677 MiB, 143771 MiB, 100 %, 358.02 W
2026/08/14 06:12:35.157, 0, NVIDIA H200, 119677 MiB, 143771 MiB, 100 %, 361.51 W
2026/08/14 06:12:36.160, 0, NVIDIA H200, 119677 MiB, 143771 MiB, 0 %, 228.68 W
2026/08/14 06:12:37.162, 0, NVIDIA H200, 119677 MiB, 143771 MiB, 100 %, 207.44 W
2026/08/14 06:12:38.164, 0, NVIDIA H200, 119677 MiB, 143771 MiB, 0 %, 207.25 W
2026/08/14 06:12:39.167, 0, NVIDIA H200, 119677 MiB, 143771 MiB, 100 %, 219.97 W
2026/08/14 06:12:40.170, 0, NVIDIA H200, 119677 MiB, 143771 MiB, 0 %, 327.66 W
2026/08/14 06:12:41.176, 0, NVIDIA H200, 119677 MiB, 143771 MiB, 0 %, 196.10 W
2026/08/14 06:12:42.179, 0, NVIDIA H200, 119677 MiB, 143771 MiB, 0 %, 222.19 W
2026/08/14 06:12:43.182, 0, NVIDIA H200, 119677 MiB, 143771 MiB, 100 %, 202.32 W
2026/08/14 06:12:44.190, 0, NVIDIA H200, 119677 MiB, 143771 MiB, 100 %, 254.59 W
2026/08/14 06:12:45.194, 0, NVIDIA H200, 119677 MiB, 143771 MiB, 100 %, 350.07 W
2026/08/14 06:12:46.197, 0, NVIDIA H200, 119677 MiB, 143771 MiB, 100 %, 353.86 W
2026/08/14 06:12:47.202, 0, NVIDIA H200, 119677 MiB, 143771 MiB, 100 %, 349.65 W
2026/08/14 06:12:48.205, 0, NVIDIA H200, 119677 MiB, 143771 MiB, 77 %, 258.62 W
2026/08/14 06:12:49.207, 0, NVIDIA H200, 119677 MiB, 143771 MiB, 0 %, 220.38 W
2026/08/14 06:12:50.210, 0, NVIDIA H200, 119677 MiB, 143771 MiB, 100 %, 230.06 W
2026/08/14 06:12:51.212, 0, NVIDIA H200, 119677 MiB, 143771 MiB, 100 %, 272.00 W
2026/08/14 06:12:52.215, 0, NVIDIA H200, 119677 MiB, 143771 MiB, 100 %, 348.17 W
2026/08/14 06:12:53.217, 0, NVIDIA H200, 119677 MiB, 143771 MiB, 100 %, 356.81 W
2026/08/14 06:12:54.220, 0, NVIDIA H200, 119677 MiB, 143771 MiB, 100 %, 353.02 W
2026/08/14 06:12:55.223, 0, NVIDIA H200, 119677 MiB, 143771 MiB, 100 %, 261.02 W
2026/08/14 06:12:56.227, 0, NVIDIA H200, 119677 MiB, 143771 MiB, 100 %, 348.58 W
2026/08/14 06:12:57.229, 0, NVIDIA H200, 119677 MiB, 143771 MiB, 100 %, 353.78 W
2026/08/14 06:12:58.231, 0, NVIDIA H200, 119677 MiB, 143771 MiB, 100 %, 361.32 W
2026/08/14 06:12:59.233, 0, NVIDIA H200, 119677 MiB, 143771 MiB, 0 %, 180.79 W
2026/08/14 06:13:00.236, 0, NVIDIA H200, 119677 MiB, 143771 MiB, 67 %, 236.35 W
2026/08/14 06:13:01.238, 0, NVIDIA H200, 119677 MiB, 143771 MiB, 0 %, 190.55 W
2026/08/14 06:13:02.240, 0, NVIDIA H200, 119677 MiB, 143771 MiB, 100 %, 356.03 W
2026/08/14 06:13:03.243, 0, NVIDIA H200, 119677 MiB, 143771 MiB, 100 %, 359.60 W
2026/08/14 06:13:04.245, 0, NVIDIA H200, 119677 MiB, 143771 MiB, 100 %, 349.41 W
2026/08/14 06:13:05.247, 0, NVIDIA H200, 119677 MiB, 143771 MiB, 100 %, 353.46 W
2026/08/14 06:13:06.249, 0, NVIDIA H200, 119677 MiB, 143771 MiB, 100 %, 355.99 W
2026/08/14 06:13:07.251, 0, NVIDIA H200, 119677 MiB, 143771 MiB, 100 %, 358.43 W
2026/08/14 06:13:08.256, 0, NVIDIA H200, 119677 MiB, 143771 MiB, 100 %, 355.59 W
2026/08/14 06:13:09.259, 0, NVIDIA H200, 119677 MiB, 143771 MiB, 100 %, 363.28 W
2026/08/14 06:13:10.261, 0, NVIDIA H200, 119677 MiB, 143771 MiB, 100 %, 365.96 W
2026/08/14 06:13:11.264, 0, NVIDIA H200, 119677 MiB, 143771 MiB, 100 %, 378.92 W
2026/08/14 06:13:12.267, 0, NVIDIA H200, 119677 MiB, 143771 MiB, 64 %, 266.25 W
2026/08/14 06:13:13.270, 0, NVIDIA H200, 119677 MiB, 143771 MiB, 0 %, 176.99 W
2026/08/14 06:13:14.273, 0, NVIDIA H200, 119677 MiB, 143771 MiB, 6 %, 222.73 W
2026/08/14 06:13:15.276, 0, NVIDIA H200, 119677 MiB, 143771 MiB, 7 %, 209.84 W
2026/08/14 06:13:16.279, 0, NVIDIA H200, 119677 MiB, 143771 MiB, 100 %, 357.17 W
2026/08/14 06:13:17.281, 0, NVIDIA H200, 119677 MiB, 143771 MiB, 100 %, 359.07 W
2026/08/14 06:13:18.284, 0, NVIDIA H200, 119677 MiB, 143771 MiB, 0 %, 281.41 W
2026/08/14 06:13:19.287, 0, NVIDIA H200, 119677 MiB, 143771 MiB, 100 %, 333.25 W
2026/08/14 06:13:20.290, 0, NVIDIA H200, 119677 MiB, 143771 MiB, 100 %, 352.25 W
2026/08/14 06:13:21.292, 0, NVIDIA H200, 119677 MiB, 143771 MiB, 100 %, 354.28 W
2026/08/14 06:13:22.295, 0, NVIDIA H200, 119677 MiB, 143771 MiB, 100 %, 359.84 W
2026/08/14 06:13:23.298, 0, NVIDIA H200, 119677 MiB, 143771 MiB, 0 %, 181.20 W
2026/08/14 06:13:24.301, 0, NVIDIA H200, 119677 MiB, 143771 MiB, 100 %, 248.36 W
2026/08/14 06:13:25.303, 0, NVIDIA H200, 119677 MiB, 143771 MiB, 8 %, 208.41 W
2026/08/14 06:13:26.306, 0, NVIDIA H200, 119677 MiB, 143771 MiB, 100 %, 353.77 W
2026/08/14 06:13:27.308, 0, NVIDIA H200, 119677 MiB, 143771 MiB, 100 %, 359.40 W
2026/08/14 06:13:28.311, 0, NVIDIA H200, 119677 MiB, 143771 MiB, 100 %, 356.22 W
2026/08/14 06:13:29.313, 0, NVIDIA H200, 119677 MiB, 143771 MiB, 9 %, 264.88 W
2026/08/14 06:13:30.316, 0, NVIDIA H200, 119677 MiB, 143771 MiB, 100 %, 353.84 W
2026/08/14 06:13:31.319, 0, NVIDIA H200, 119677 MiB, 143771 MiB, 100 %, 352.48 W
2026/08/14 06:13:32.320, 0, NVIDIA H200, 119677 MiB, 143771 MiB, 100 %, 362.53 W
2026/08/14 06:13:33.323, 0, NVIDIA H200, 119677 MiB, 143771 MiB, 90 %, 229.35 W
2026/08/14 06:13:34.326, 0, NVIDIA H200, 119677 MiB, 143771 MiB, 28 %, 223.87 W
2026/08/14 06:13:35.328, 0, NVIDIA H200, 119677 MiB, 143771 MiB, 0 %, 174.53 W
2026/08/14 06:13:36.330, 0, NVIDIA H200, 119677 MiB, 143771 MiB, 100 %, 349.66 W
2026/08/14 06:13:37.333, 0, NVIDIA H200, 119677 MiB, 143771 MiB, 100 %, 352.94 W
2026/08/14 06:13:38.335, 0, NVIDIA H200, 119677 MiB, 143771 MiB, 100 %, 368.58 W
2026/08/14 06:13:39.338, 0, NVIDIA H200, 119677 MiB, 143771 MiB, 0 %, 293.64 W
2026/08/14 06:13:40.341, 0, NVIDIA H200, 119677 MiB, 143771 MiB, 38 %, 224.38 W
2026/08/14 06:13:41.343, 0, NVIDIA H200, 119677 MiB, 143771 MiB, 61 %, 194.84 W
2026/08/14 06:13:42.347, 0, NVIDIA H200, 119677 MiB, 143771 MiB, 100 %, 257.94 W
2026/08/14 06:13:43.350, 0, NVIDIA H200, 119677 MiB, 143771 MiB, 100 %, 353.47 W
2026/08/14 06:13:44.352, 0, NVIDIA H200, 119677 MiB, 143771 MiB, 100 %, 350.50 W
2026/08/14 06:13:45.357, 0, NVIDIA H200, 119677 MiB, 143771 MiB, 100 %, 361.21 W
2026/08/14 06:13:46.359, 0, NVIDIA H200, 119677 MiB, 143771 MiB, 100 %, 254.85 W
2026/08/14 06:13:47.361, 0, NVIDIA H200, 119677 MiB, 143771 MiB, 3 %, 178.86 W
2026/08/14 06:13:48.364, 0, NVIDIA H200, 119677 MiB, 143771 MiB, 0 %, 249.67 W
2026/08/14 06:13:49.367, 0, NVIDIA H200, 119677 MiB, 143771 MiB, 100 %, 223.38 W
2026/08/14 06:13:50.368, 0, NVIDIA H200, 119677 MiB, 143771 MiB, 100 %, 351.92 W
2026/08/14 06:13:51.371, 0, NVIDIA H200, 119677 MiB, 143771 MiB, 100 %, 352.66 W
2026/08/14 06:13:52.373, 0, NVIDIA H200, 119677 MiB, 143771 MiB, 100 %, 367.59 W
2026/08/14 06:13:53.375, 0, NVIDIA H200, 119677 MiB, 143771 MiB, 56 %, 267.79 W
2026/08/14 06:13:54.378, 0, NVIDIA H200, 119677 MiB, 143771 MiB, 0 %, 206.21 W
2026/08/14 06:13:55.381, 0, NVIDIA H200, 119677 MiB, 143771 MiB, 25 %, 239.09 W
2026/08/14 06:13:56.383, 0, NVIDIA H200, 119677 MiB, 143771 MiB, 100 %, 288.35 W
2026/08/14 06:13:57.385, 0, NVIDIA H200, 119677 MiB, 143771 MiB, 100 %, 350.39 W
2026/08/14 06:13:58.388, 0, NVIDIA H200, 119677 MiB, 143771 MiB, 100 %, 355.59 W
2026/08/14 06:13:59.390, 0, NVIDIA H200, 119677 MiB, 143771 MiB, 100 %, 365.95 W
2026/08/14 06:14:00.394, 0, NVIDIA H200, 119677 MiB, 143771 MiB, 100 %, 372.22 W
2026/08/14 06:14:01.396, 0, NVIDIA H200, 119677 MiB, 143771 MiB, 100 %, 379.81 W
2026/08/14 06:14:02.399, 0, NVIDIA H200, 119677 MiB, 143771 MiB, 100 %, 370.90 W
2026/08/14 06:14:03.402, 0, NVIDIA H200, 119677 MiB, 143771 MiB, 46 %, 266.13 W
2026/08/14 06:14:04.405, 0, NVIDIA H200, 119677 MiB, 143771 MiB, 0 %, 207.67 W
2026/08/14 06:14:05.408, 0, NVIDIA H200, 119677 MiB, 143771 MiB, 40 %, 234.47 W
2026/08/14 06:14:06.411, 0, NVIDIA H200, 119677 MiB, 143771 MiB, 100 %, 289.76 W
2026/08/14 06:14:07.413, 0, NVIDIA H200, 119677 MiB, 143771 MiB, 100 %, 352.22 W
2026/08/14 06:14:08.415, 0, NVIDIA H200, 119677 MiB, 143771 MiB, 100 %, 355.91 W
2026/08/14 06:14:09.417, 0, NVIDIA H200, 119677 MiB, 143771 MiB, 100 %, 359.98 W
2026/08/14 06:14:10.419, 0, NVIDIA H200, 119677 MiB, 143771 MiB, 0 %, 313.19 W
2026/08/14 06:14:11.423, 0, NVIDIA H200, 119677 MiB, 143771 MiB, 100 %, 310.37 W
2026/08/14 06:14:12.426, 0, NVIDIA H200, 119677 MiB, 143771 MiB, 100 %, 352.50 W
2026/08/14 06:14:13.428, 0, NVIDIA H200, 119677 MiB, 143771 MiB, 100 %, 359.32 W
2026/08/14 06:14:14.431, 0, NVIDIA H200, 119677 MiB, 143771 MiB, 100 %, 365.88 W
2026/08/14 06:14:15.433, 0, NVIDIA H200, 119677 MiB, 143771 MiB, 8 %, 268.13 W
2026/08/14 06:14:16.435, 0, NVIDIA H200, 119677 MiB, 143771 MiB, 0 %, 236.97 W
2026/08/14 06:14:17.438, 0, NVIDIA H200, 119677 MiB, 143771 MiB, 45 %, 213.61 W
2026/08/14 06:14:18.440, 0, NVIDIA H200, 119677 MiB, 143771 MiB, 100 %, 252.73 W
2026/08/14 06:14:19.443, 0, NVIDIA H200, 119677 MiB, 143771 MiB, 100 %, 357.20 W
2026/08/14 06:14:20.446, 0, NVIDIA H200, 119677 MiB, 143771 MiB, 100 %, 354.43 W
2026/08/14 06:14:21.448, 0, NVIDIA H200, 119677 MiB, 143771 MiB, 100 %, 355.25 W
2026/08/14 06:14:22.451, 0, NVIDIA H200, 119677 MiB, 143771 MiB, 100 %, 354.67 W
2026/08/14 06:14:23.453, 0, NVIDIA H200, 119677 MiB, 143771 MiB, 100 %, 357.43 W
2026/08/14 06:14:24.457, 0, NVIDIA H200, 119677 MiB, 143771 MiB, 100 %, 358.44 W
2026/08/14 06:14:25.459, 0, NVIDIA H200, 119677 MiB, 143771 MiB, 100 %, 364.95 W
2026/08/14 06:14:26.462, 0, NVIDIA H200, 119677 MiB, 143771 MiB, 100 %, 366.89 W
2026/08/14 06:14:27.465, 0, NVIDIA H200, 119677 MiB, 143771 MiB, 100 %, 358.70 W
2026/08/14 06:14:28.467, 0, NVIDIA H200, 119677 MiB, 143771 MiB, 100 %, 362.87 W
2026/08/14 06:14:29.470, 0, NVIDIA H200, 119677 MiB, 143771 MiB, 100 %, 371.28 W
2026/08/14 06:14:30.473, 0, NVIDIA H200, 119677 MiB, 143771 MiB, 100 %, 365.49 W
2026/08/14 06:14:31.476, 0, NVIDIA H200, 119677 MiB, 143771 MiB, 100 %, 362.14 W
2026/08/14 06:14:32.478, 0, NVIDIA H200, 119677 MiB, 143771 MiB, 100 %, 360.36 W
2026/08/14 06:14:33.480, 0, NVIDIA H200, 119677 MiB, 143771 MiB, 8 %, 248.57 W
2026/08/14 06:14:34.483, 0, NVIDIA H200, 119677 MiB, 143771 MiB, 0 %, 203.96 W
2026/08/14 06:14:35.487, 0, NVIDIA H200, 119677 MiB, 143771 MiB, 41 %, 224.65 W
2026/08/14 06:14:36.489, 0, NVIDIA H200, 119677 MiB, 143771 MiB, 0 %, 182.62 W
2026/08/14 06:14:37.491, 0, NVIDIA H200, 119677 MiB, 143771 MiB, 100 %, 341.08 W
2026/08/14 06:14:38.494, 0, NVIDIA H200, 119677 MiB, 143771 MiB, 100 %, 357.52 W
2026/08/14 06:14:39.497, 0, NVIDIA H200, 119677 MiB, 143771 MiB, 100 %, 305.42 W
2026/08/14 06:14:40.500, 0, NVIDIA H200, 119677 MiB, 143771 MiB, 100 %, 368.67 W
2026/08/14 06:14:41.502, 0, NVIDIA H200, 119677 MiB, 143771 MiB, 100 %, 370.69 W
2026/08/14 06:14:42.505, 0, NVIDIA H200, 119677 MiB, 143771 MiB, 100 %, 369.43 W
2026/08/14 06:14:43.507, 0, NVIDIA H200, 119677 MiB, 143771 MiB, 100 %, 380.83 W
2026/08/14 06:14:44.510, 0, NVIDIA H200, 119677 MiB, 143771 MiB, 100 %, 223.96 W
2026/08/14 06:14:45.513, 0, NVIDIA H200, 119677 MiB, 143771 MiB, 0 %, 196.59 W
2026/08/14 06:14:46.516, 0, NVIDIA H200, 119677 MiB, 143771 MiB, 38 %, 212.04 W
2026/08/14 06:14:47.519, 0, NVIDIA H200, 119677 MiB, 143771 MiB, 100 %, 300.32 W
2026/08/14 06:14:48.521, 0, NVIDIA H200, 119677 MiB, 143771 MiB, 100 %, 358.74 W
2026/08/14 06:14:49.522, 0, NVIDIA H200, 119677 MiB, 143771 MiB, 100 %, 357.51 W
2026/08/14 06:14:50.525, 0, NVIDIA H200, 119677 MiB, 143771 MiB, 100 %, 354.64 W
2026/08/14 06:14:51.528, 0, NVIDIA H200, 119677 MiB, 143771 MiB, 100 %, 364.76 W
2026/08/14 06:14:52.531, 0, NVIDIA H200, 119677 MiB, 143771 MiB, 100 %, 359.85 W
2026/08/14 06:14:53.534, 0, NVIDIA H200, 119677 MiB, 143771 MiB, 100 %, 357.82 W
2026/08/14 06:14:54.536, 0, NVIDIA H200, 119677 MiB, 143771 MiB, 100 %, 362.98 W
2026/08/14 06:14:55.539, 0, NVIDIA H200, 119677 MiB, 143771 MiB, 100 %, 371.05 W
2026/08/14 06:14:56.541, 0, NVIDIA H200, 119677 MiB, 143771 MiB, 100 %, 359.68 W
2026/08/14 06:14:57.544, 0, NVIDIA H200, 119677 MiB, 143771 MiB, 100 %, 363.19 W
2026/08/14 06:14:58.548, 0, NVIDIA H200, 119677 MiB, 143771 MiB, 100 %, 374.39 W
2026/08/14 06:14:59.550, 0, NVIDIA H200, 119677 MiB, 143771 MiB, 100 %, 362.05 W
2026/08/14 06:15:00.552, 0, NVIDIA H200, 119677 MiB, 143771 MiB, 100 %, 361.22 W
2026/08/14 06:15:01.555, 0, NVIDIA H200, 119677 MiB, 143771 MiB, 100 %, 364.22 W
2026/08/14 06:15:02.558, 0, NVIDIA H200, 119677 MiB, 143771 MiB, 100 %, 346.17 W
2026/08/14 06:15:03.560, 0, NVIDIA H200, 119677 MiB, 143771 MiB, 100 %, 258.27 W
2026/08/14 06:15:04.562, 0, NVIDIA H200, 119677 MiB, 143771 MiB, 100 %, 362.16 W
2026/08/14 06:15:05.565, 0, NVIDIA H200, 119677 MiB, 143771 MiB, 100 %, 361.52 W
2026/08/14 06:15:06.567, 0, NVIDIA H200, 119677 MiB, 143771 MiB, 100 %, 359.10 W
2026/08/14 06:15:07.569, 0, NVIDIA H200, 119677 MiB, 143771 MiB, 6 %, 264.60 W
2026/08/14 06:15:08.572, 0, NVIDIA H200, 119677 MiB, 143771 MiB, 100 %, 332.54 W
2026/08/14 06:15:09.575, 0, NVIDIA H200, 119677 MiB, 143771 MiB, 46 %, 200.50 W
2026/08/14 06:15:10.577, 0, NVIDIA H200, 119677 MiB, 143771 MiB, 0 %, 179.91 W
2026/08/14 06:15:11.580, 0, NVIDIA H200, 119677 MiB, 143771 MiB, 100 %, 289.88 W
2026/08/14 06:15:12.582, 0, NVIDIA H200, 119677 MiB, 143771 MiB, 100 %, 370.09 W
2026/08/14 06:15:13.584, 0, NVIDIA H200, 119677 MiB, 143771 MiB, 100 %, 372.26 W
2026/08/14 06:15:14.588, 0, NVIDIA H200, 119677 MiB, 143771 MiB, 0 %, 297.63 W
2026/08/14 06:15:15.591, 0, NVIDIA H200, 119677 MiB, 143771 MiB, 100 %, 298.79 W
2026/08/14 06:15:16.596, 0, NVIDIA H200, 119677 MiB, 143771 MiB, 100 %, 363.38 W
2026/08/14 06:15:17.598, 0, NVIDIA H200, 119677 MiB, 143771 MiB, 100 %, 367.88 W
2026/08/14 06:15:18.601, 0, NVIDIA H200, 119677 MiB, 143771 MiB, 100 %, 376.54 W
2026/08/14 06:15:19.604, 0, NVIDIA H200, 119677 MiB, 143771 MiB, 100 %, 375.63 W
2026/08/14 06:15:20.605, 0, NVIDIA H200, 119677 MiB, 143771 MiB, 100 %, 370.62 W
2026/08/14 06:15:21.611, 0, NVIDIA H200, 119677 MiB, 143771 MiB, 100 %, 378.91 W
2026/08/14 06:15:22.614, 0, NVIDIA H200, 119677 MiB, 143771 MiB, 0 %, 186.65 W
2026/08/14 06:15:23.617, 0, NVIDIA H200, 119677 MiB, 143771 MiB, 0 %, 184.61 W
2026/08/14 06:15:24.619, 0, NVIDIA H200, 119677 MiB, 143771 MiB, 35 %, 213.03 W
2026/08/14 06:15:25.622, 0, NVIDIA H200, 119677 MiB, 143771 MiB, 100 %, 221.07 W
2026/08/14 06:15:26.628, 0, NVIDIA H200, 119677 MiB, 143771 MiB, 100 %, 370.35 W
2026/08/14 06:15:27.632, 0, NVIDIA H200, 119677 MiB, 143771 MiB, 0 %, 326.03 W
2026/08/14 06:15:28.634, 0, NVIDIA H200, 119677 MiB, 143771 MiB, 0 %, 258.03 W
2026/08/14 06:15:29.636, 0, NVIDIA H200, 119677 MiB, 143771 MiB, 0 %, 188.84 W
2026/08/14 06:15:30.639, 0, NVIDIA H200, 119677 MiB, 143771 MiB, 0 %, 300.48 W
2026/08/14 06:15:31.641, 0, NVIDIA H200, 119677 MiB, 143771 MiB, 46 %, 219.55 W
2026/08/14 06:15:32.644, 0, NVIDIA H200, 119677 MiB, 143771 MiB, 100 %, 227.93 W
2026/08/14 06:15:33.646, 0, NVIDIA H200, 119677 MiB, 143771 MiB, 100 %, 367.84 W
2026/08/14 06:15:34.649, 0, NVIDIA H200, 119677 MiB, 143771 MiB, 0 %, 322.45 W
2026/08/14 06:15:35.652, 0, NVIDIA H200, 119677 MiB, 143771 MiB, 100 %, 258.71 W
2026/08/14 06:15:36.654, 0, NVIDIA H200, 119677 MiB, 143771 MiB, 100 %, 371.42 W
2026/08/14 06:15:37.657, 0, NVIDIA H200, 119677 MiB, 143771 MiB, 100 %, 371.21 W
2026/08/14 06:15:38.659, 0, NVIDIA H200, 119677 MiB, 143771 MiB, 100 %, 378.43 W
2026/08/14 06:15:39.661, 0, NVIDIA H200, 119677 MiB, 143771 MiB, 0 %, 298.42 W
2026/08/14 06:15:40.664, 0, NVIDIA H200, 119677 MiB, 143771 MiB, 100 %, 243.57 W
2026/08/14 06:15:41.668, 0, NVIDIA H200, 119677 MiB, 143771 MiB, 0 %, 210.46 W
2026/08/14 06:15:42.671, 0, NVIDIA H200, 119677 MiB, 143771 MiB, 16 %, 202.86 W
2026/08/14 06:15:43.674, 0, NVIDIA H200, 119677 MiB, 143771 MiB, 100 %, 367.93 W
2026/08/14 06:15:44.676, 0, NVIDIA H200, 119677 MiB, 143771 MiB, 100 %, 375.93 W
2026/08/14 06:15:45.679, 0, NVIDIA H200, 119677 MiB, 143771 MiB, 100 %, 371.03 W
2026/08/14 06:15:46.681, 0, NVIDIA H200, 119677 MiB, 143771 MiB, 100 %, 370.61 W
2026/08/14 06:15:47.683, 0, NVIDIA H200, 119677 MiB, 143771 MiB, 100 %, 383.27 W
2026/08/14 06:15:48.686, 0, NVIDIA H200, 119677 MiB, 143771 MiB, 100 %, 382.49 W
2026/08/14 06:15:49.688, 0, NVIDIA H200, 119677 MiB, 143771 MiB, 100 %, 376.23 W
2026/08/14 06:15:50.690, 0, NVIDIA H200, 119677 MiB, 143771 MiB, 100 %, 374.34 W
2026/08/14 06:15:51.693, 0, NVIDIA H200, 119677 MiB, 143771 MiB, 100 %, 379.52 W
2026/08/14 06:15:52.695, 0, NVIDIA H200, 119677 MiB, 143771 MiB, 100 %, 366.84 W
2026/08/14 06:15:53.698, 0, NVIDIA H200, 119677 MiB, 143771 MiB, 100 %, 374.48 W
2026/08/14 06:15:54.700, 0, NVIDIA H200, 119677 MiB, 143771 MiB, 100 %, 384.33 W
2026/08/14 06:15:55.702, 0, NVIDIA H200, 119677 MiB, 143771 MiB, 100 %, 370.74 W
2026/08/14 06:15:56.706, 0, NVIDIA H200, 119677 MiB, 143771 MiB, 100 %, 366.43 W
2026/08/14 06:15:57.708, 0, NVIDIA H200, 119677 MiB, 143771 MiB, 100 %, 374.43 W
2026/08/14 06:15:58.711, 0, NVIDIA H200, 119677 MiB, 143771 MiB, 100 %, 380.84 W
2026/08/14 06:15:59.714, 0, NVIDIA H200, 119677 MiB, 143771 MiB, 100 %, 387.36 W
2026/08/14 06:16:00.717, 0, NVIDIA H200, 119677 MiB, 143771 MiB, 100 %, 394.11 W
2026/08/14 06:16:01.719, 0, NVIDIA H200, 119677 MiB, 143771 MiB, 100 %, 391.55 W
2026/08/14 06:16:02.722, 0, NVIDIA H200, 119677 MiB, 143771 MiB, 100 %, 375.79 W
2026/08/14 06:16:03.724, 0, NVIDIA H200, 119677 MiB, 143771 MiB, 100 %, 374.63 W
2026/08/14 06:16:04.728, 0, NVIDIA H200, 119677 MiB, 143771 MiB, 100 %, 367.23 W
2026/08/14 06:16:05.730, 0, NVIDIA H200, 119677 MiB, 143771 MiB, 100 %, 368.42 W
2026/08/14 06:16:06.738, 0, NVIDIA H200, 119677 MiB, 143771 MiB, 100 %, 376.99 W
2026/08/14 06:16:07.740, 0, NVIDIA H200, 119677 MiB, 143771 MiB, 100 %, 376.75 W
2026/08/14 06:16:08.745, 0, NVIDIA H200, 119677 MiB, 143771 MiB, 100 %, 377.22 W
2026/08/14 06:16:09.747, 0, NVIDIA H200, 119677 MiB, 143771 MiB, 77 %, 353.67 W
2026/08/14 06:16:10.752, 0, NVIDIA H200, 119677 MiB, 143771 MiB, 0 %, 181.13 W
2026/08/14 06:16:11.755, 0, NVIDIA H200, 119677 MiB, 143771 MiB, 36 %, 222.25 W
2026/08/14 06:16:12.759, 0, NVIDIA H200, 119677 MiB, 143771 MiB, 0 %, 184.13 W
2026/08/14 06:16:13.762, 0, NVIDIA H200, 119677 MiB, 143771 MiB, 100 %, 371.01 W
2026/08/14 06:16:14.765, 0, NVIDIA H200, 119677 MiB, 143771 MiB, 100 %, 380.46 W
2026/08/14 06:16:15.768, 0, NVIDIA H200, 119677 MiB, 143771 MiB, 100 %, 373.24 W
2026/08/14 06:16:16.772, 0, NVIDIA H200, 119677 MiB, 143771 MiB, 100 %, 373.96 W
2026/08/14 06:16:17.775, 0, NVIDIA H200, 119677 MiB, 143771 MiB, 100 %, 377.33 W
2026/08/14 06:16:18.779, 0, NVIDIA H200, 119677 MiB, 143771 MiB, 100 %, 384.92 W
2026/08/14 06:16:19.782, 0, NVIDIA H200, 119677 MiB, 143771 MiB, 100 %, 373.43 W
2026/08/14 06:16:20.787, 0, NVIDIA H200, 119677 MiB, 143771 MiB, 100 %, 375.37 W
2026/08/14 06:16:21.789, 0, NVIDIA H200, 119677 MiB, 143771 MiB, 100 %, 378.05 W
2026/08/14 06:16:22.795, 0, NVIDIA H200, 119677 MiB, 143771 MiB, 100 %, 373.02 W
2026/08/14 06:16:23.798, 0, NVIDIA H200, 119677 MiB, 143771 MiB, 100 %, 377.41 W
2026/08/14 06:16:24.802, 0, NVIDIA H200, 119677 MiB, 143771 MiB, 100 %, 365.36 W
2026/08/14 06:16:25.804, 0, NVIDIA H200, 119677 MiB, 143771 MiB, 100 %, 364.87 W
2026/08/14 06:16:26.807, 0, NVIDIA H200, 119677 MiB, 143771 MiB, 100 %, 363.83 W
2026/08/14 06:16:27.809, 0, NVIDIA H200, 119677 MiB, 143771 MiB, 100 %, 365.79 W
2026/08/14 06:16:28.819, 0, NVIDIA H200, 119677 MiB, 143771 MiB, 100 %, 369.86 W
2026/08/14 06:16:29.821, 0, NVIDIA H200, 119677 MiB, 143771 MiB, 100 %, 381.15 W
2026/08/14 06:16:30.833, 0, NVIDIA H200, 119677 MiB, 143771 MiB, 100 %, 422.40 W
2026/08/14 06:16:31.837, 0, NVIDIA H200, 119677 MiB, 143771 MiB, 100 %, 422.56 W
2026/08/14 06:16:32.841, 0, NVIDIA H200, 119677 MiB, 143771 MiB, 100 %, 424.72 W
2026/08/14 06:16:33.845, 0, NVIDIA H200, 119677 MiB, 143771 MiB, 100 %, 424.25 W
2026/08/14 06:16:34.862, 0, NVIDIA H200, 119677 MiB, 143771 MiB, 100 %, 425.13 W
2026/08/14 06:16:35.866, 0, NVIDIA H200, 119677 MiB, 143771 MiB, 100 %, 292.16 W
2026/08/14 06:16:36.868, 0, NVIDIA H200, 119677 MiB, 143771 MiB, 100 %, 377.85 W
2026/08/14 06:16:37.871, 0, NVIDIA H200, 119677 MiB, 143771 MiB, 100 %, 376.34 W
2026/08/14 06:16:38.873, 0, NVIDIA H200, 119677 MiB, 143771 MiB, 36 %, 216.04 W
2026/08/14 06:16:39.876, 0, NVIDIA H200, 119677 MiB, 143771 MiB, 21 %, 191.26 W
2026/08/14 06:16:40.879, 0, NVIDIA H200, 119677 MiB, 143771 MiB, 0 %, 215.03 W
2026/08/14 06:16:41.882, 0, NVIDIA H200, 119677 MiB, 143771 MiB, 100 %, 302.44 W
2026/08/14 06:16:42.885, 0, NVIDIA H200, 119677 MiB, 143771 MiB, 100 %, 377.68 W
2026/08/14 06:16:43.887, 0, NVIDIA H200, 119677 MiB, 143771 MiB, 100 %, 372.31 W
2026/08/14 06:16:44.890, 0, NVIDIA H200, 119677 MiB, 143771 MiB, 100 %, 379.23 W
2026/08/14 06:16:45.893, 0, NVIDIA H200, 119677 MiB, 143771 MiB, 100 %, 365.11 W
2026/08/14 06:16:46.907, 0, NVIDIA H200, 119677 MiB, 143771 MiB, 100 %, 369.65 W
2026/08/14 06:16:47.910, 0, NVIDIA H200, 119677 MiB, 143771 MiB, 100 %, 372.65 W
2026/08/14 06:16:48.916, 0, NVIDIA H200, 119677 MiB, 143771 MiB, 100 %, 359.04 W
2026/08/14 06:16:49.919, 0, NVIDIA H200, 119677 MiB, 143771 MiB, 100 %, 360.30 W
2026/08/14 06:16:50.921, 0, NVIDIA H200, 119677 MiB, 143771 MiB, 100 %, 365.69 W
2026/08/14 06:16:51.923, 0, NVIDIA H200, 119677 MiB, 143771 MiB, 100 %, 377.73 W
2026/08/14 06:16:52.926, 0, NVIDIA H200, 119677 MiB, 143771 MiB, 0 %, 266.06 W
2026/08/14 06:16:53.928, 0, NVIDIA H200, 119677 MiB, 143771 MiB, 87 %, 250.87 W
2026/08/14 06:16:54.931, 0, NVIDIA H200, 119677 MiB, 143771 MiB, 0 %, 199.21 W
2026/08/14 06:16:55.933, 0, NVIDIA H200, 119677 MiB, 143771 MiB, 82 %, 229.58 W
2026/08/14 06:16:56.937, 0, NVIDIA H200, 119677 MiB, 143771 MiB, 100 %, 295.58 W
2026/08/14 06:16:57.939, 0, NVIDIA H200, 119677 MiB, 143771 MiB, 100 %, 358.45 W
2026/08/14 06:16:58.941, 0, NVIDIA H200, 119677 MiB, 143771 MiB, 0 %, 313.93 W
2026/08/14 06:16:59.945, 0, NVIDIA H200, 119677 MiB, 143771 MiB, 100 %, 311.24 W
2026/08/14 06:17:00.949, 0, NVIDIA H200, 119677 MiB, 143771 MiB, 100 %, 354.40 W
2026/08/14 06:17:01.951, 0, NVIDIA H200, 119677 MiB, 143771 MiB, 100 %, 362.42 W
2026/08/14 06:17:02.955, 0, NVIDIA H200, 119677 MiB, 143771 MiB, 100 %, 371.35 W
2026/08/14 06:17:03.957, 0, NVIDIA H200, 119677 MiB, 143771 MiB, 0 %, 203.60 W
2026/08/14 06:17:04.959, 0, NVIDIA H200, 119677 MiB, 143771 MiB, 100 %, 242.98 W
2026/08/14 06:17:05.961, 0, NVIDIA H200, 119677 MiB, 143771 MiB, 0 %, 175.41 W
2026/08/14 06:17:06.966, 0, NVIDIA H200, 119677 MiB, 143771 MiB, 100 %, 352.29 W
2026/08/14 06:17:07.968, 0, NVIDIA H200, 119677 MiB, 143771 MiB, 100 %, 355.06 W
2026/08/14 06:17:08.972, 0, NVIDIA H200, 119677 MiB, 143771 MiB, 100 %, 367.71 W
2026/08/14 06:17:09.974, 0, NVIDIA H200, 119677 MiB, 143771 MiB, 45 %, 277.42 W
2026/08/14 06:17:10.979, 0, NVIDIA H200, 119677 MiB, 143771 MiB, 100 %, 355.24 W
2026/08/14 06:17:11.981, 0, NVIDIA H200, 119677 MiB, 143771 MiB, 100 %, 364.64 W
2026/08/14 06:17:12.984, 0, NVIDIA H200, 119677 MiB, 143771 MiB, 100 %, 368.45 W
2026/08/14 06:17:13.987, 0, NVIDIA H200, 119677 MiB, 143771 MiB, 0 %, 278.98 W
2026/08/14 06:17:14.991, 0, NVIDIA H200, 119677 MiB, 143771 MiB, 16 %, 225.38 W
2026/08/14 06:17:15.993, 0, NVIDIA H200, 119677 MiB, 143771 MiB, 98 %, 238.46 W
2026/08/14 06:17:16.997, 0, NVIDIA H200, 119677 MiB, 143771 MiB, 100 %, 278.93 W
2026/08/14 06:17:17.999, 0, NVIDIA H200, 119677 MiB, 143771 MiB, 0 %, 262.22 W
2026/08/14 06:17:19.002, 0, NVIDIA H200, 119677 MiB, 143771 MiB, 100 %, 357.86 W
2026/08/14 06:17:20.005, 0, NVIDIA H200, 119677 MiB, 143771 MiB, 100 %, 355.45 W
2026/08/14 06:17:21.008, 0, NVIDIA H200, 119677 MiB, 143771 MiB, 100 %, 362.95 W
2026/08/14 06:17:22.010, 0, NVIDIA H200, 119677 MiB, 143771 MiB, 0 %, 276.83 W
2026/08/14 06:17:23.013, 0, NVIDIA H200, 119677 MiB, 143771 MiB, 86 %, 250.16 W
2026/08/14 06:17:24.015, 0, NVIDIA H200, 119677 MiB, 143771 MiB, 0 %, 192.08 W
2026/08/14 06:17:25.017, 0, NVIDIA H200, 119677 MiB, 143771 MiB, 100 %, 258.30 W
2026/08/14 06:17:26.020, 0, NVIDIA H200, 119677 MiB, 143771 MiB, 100 %, 364.95 W
2026/08/14 06:17:27.023, 0, NVIDIA H200, 119677 MiB, 143771 MiB, 100 %, 358.86 W
2026/08/14 06:17:28.025, 0, NVIDIA H200, 119677 MiB, 143771 MiB, 100 %, 263.43 W
2026/08/14 06:17:29.029, 0, NVIDIA H200, 119677 MiB, 143771 MiB, 100 %, 366.72 W
2026/08/14 06:17:30.031, 0, NVIDIA H200, 119677 MiB, 143771 MiB, 100 %, 359.01 W
2026/08/14 06:17:31.033, 0, NVIDIA H200, 119677 MiB, 143771 MiB, 100 %, 369.98 W
2026/08/14 06:17:32.036, 0, NVIDIA H200, 119677 MiB, 143771 MiB, 100 %, 380.41 W
2026/08/14 06:17:33.038, 0, NVIDIA H200, 119677 MiB, 143771 MiB, 99 %, 372.74 W
2026/08/14 06:17:34.041, 0, NVIDIA H200, 119677 MiB, 143771 MiB, 0 %, 181.32 W
2026/08/14 06:17:35.043, 0, NVIDIA H200, 119677 MiB, 143771 MiB, 75 %, 262.64 W
2026/08/14 06:17:36.046, 0, NVIDIA H200, 119677 MiB, 143771 MiB, 0 %, 181.47 W
2026/08/14 06:17:37.049, 0, NVIDIA H200, 119677 MiB, 143771 MiB, 100 %, 344.77 W
2026/08/14 06:17:38.051, 0, NVIDIA H200, 119677 MiB, 143771 MiB, 100 %, 358.76 W
2026/08/14 06:17:39.053, 0, NVIDIA H200, 119677 MiB, 143771 MiB, 100 %, 362.42 W
2026/08/14 06:17:40.056, 0, NVIDIA H200, 119677 MiB, 143771 MiB, 100 %, 363.33 W
2026/08/14 06:17:41.058, 0, NVIDIA H200, 119677 MiB, 143771 MiB, 0 %, 321.46 W
2026/08/14 06:17:42.061, 0, NVIDIA H200, 119677 MiB, 143771 MiB, 26 %, 210.73 W
2026/08/14 06:17:43.064, 0, NVIDIA H200, 119677 MiB, 143771 MiB, 0 %, 216.63 W
2026/08/14 06:17:44.067, 0, NVIDIA H200, 119677 MiB, 143771 MiB, 100 %, 223.55 W
2026/08/14 06:17:45.070, 0, NVIDIA H200, 119677 MiB, 143771 MiB, 100 %, 260.17 W
2026/08/14 06:17:46.073, 0, NVIDIA H200, 119677 MiB, 143771 MiB, 100 %, 366.26 W
2026/08/14 06:17:47.075, 0, NVIDIA H200, 119677 MiB, 143771 MiB, 100 %, 361.74 W
2026/08/14 06:17:48.077, 0, NVIDIA H200, 119677 MiB, 143771 MiB, 100 %, 364.57 W
2026/08/14 06:17:49.080, 0, NVIDIA H200, 119677 MiB, 143771 MiB, 0 %, 294.13 W
2026/08/14 06:17:50.083, 0, NVIDIA H200, 119677 MiB, 143771 MiB, 100 %, 346.52 W
2026/08/14 06:17:51.085, 0, NVIDIA H200, 119677 MiB, 143771 MiB, 100 %, 357.88 W
2026/08/14 06:17:52.088, 0, NVIDIA H200, 119677 MiB, 143771 MiB, 100 %, 367.02 W
2026/08/14 06:17:53.090, 0, NVIDIA H200, 119677 MiB, 143771 MiB, 100 %, 376.07 W
2026/08/14 06:17:54.092, 0, NVIDIA H200, 119677 MiB, 143771 MiB, 100 %, 371.93 W
2026/08/14 06:17:55.094, 0, NVIDIA H200, 119677 MiB, 143771 MiB, 100 %, 388.02 W
2026/08/14 06:17:56.096, 0, NVIDIA H200, 119677 MiB, 143771 MiB, 0 %, 204.49 W
2026/08/14 06:17:57.100, 0, NVIDIA H200, 119677 MiB, 143771 MiB, 100 %, 249.39 W
2026/08/14 06:17:58.102, 0, NVIDIA H200, 119677 MiB, 143771 MiB, 0 %, 186.83 W
2026/08/14 06:17:59.104, 0, NVIDIA H200, 119677 MiB, 143771 MiB, 100 %, 356.24 W
2026/08/14 06:18:00.107, 0, NVIDIA H200, 119677 MiB, 143771 MiB, 100 %, 360.96 W
2026/08/14 06:18:01.109, 0, NVIDIA H200, 119677 MiB, 143771 MiB, 100 %, 363.02 W
2026/08/14 06:18:02.113, 0, NVIDIA H200, 119677 MiB, 143771 MiB, 100 %, 273.34 W
2026/08/14 06:18:03.116, 0, NVIDIA H200, 119677 MiB, 143771 MiB, 100 %, 355.67 W
2026/08/14 06:18:04.121, 0, NVIDIA H200, 119677 MiB, 143771 MiB, 100 %, 374.92 W
2026/08/14 06:18:05.124, 0, NVIDIA H200, 119677 MiB, 143771 MiB, 100 %, 376.57 W
2026/08/14 06:18:06.128, 0, NVIDIA H200, 119677 MiB, 143771 MiB, 100 %, 379.67 W
2026/08/14 06:18:07.132, 0, NVIDIA H200, 119677 MiB, 143771 MiB, 0 %, 206.40 W
2026/08/14 06:18:08.135, 0, NVIDIA H200, 119677 MiB, 143771 MiB, 100 %, 240.76 W
2026/08/14 06:18:09.138, 0, NVIDIA H200, 119677 MiB, 143771 MiB, 26 %, 197.97 W
2026/08/14 06:18:10.143, 0, NVIDIA H200, 119677 MiB, 143771 MiB, 100 %, 357.73 W
2026/08/14 06:18:11.146, 0, NVIDIA H200, 119677 MiB, 143771 MiB, 100 %, 358.63 W
2026/08/14 06:18:12.149, 0, NVIDIA H200, 119677 MiB, 143771 MiB, 100 %, 375.19 W
2026/08/14 06:18:13.152, 0, NVIDIA H200, 119677 MiB, 143771 MiB, 52 %, 221.86 W
2026/08/14 06:18:14.154, 0, NVIDIA H200, 119677 MiB, 143771 MiB, 64 %, 236.07 W
2026/08/14 06:18:15.156, 0, NVIDIA H200, 119677 MiB, 143771 MiB, 0 %, 199.62 W
2026/08/14 06:18:16.159, 0, NVIDIA H200, 119677 MiB, 143771 MiB, 100 %, 330.90 W
2026/08/14 06:18:17.161, 0, NVIDIA H200, 119677 MiB, 143771 MiB, 100 %, 296.94 W
2026/08/14 06:18:18.164, 0, NVIDIA H200, 119677 MiB, 143771 MiB, 100 %, 358.17 W
2026/08/14 06:18:19.168, 0, NVIDIA H200, 119677 MiB, 143771 MiB, 100 %, 366.93 W
2026/08/14 06:18:20.171, 0, NVIDIA H200, 119677 MiB, 143771 MiB, 0 %, 295.76 W
2026/08/14 06:18:21.176, 0, NVIDIA H200, 119677 MiB, 143771 MiB, 100 %, 264.72 W
2026/08/14 06:18:22.179, 0, NVIDIA H200, 119677 MiB, 143771 MiB, 0 %, 183.45 W
2026/08/14 06:18:23.184, 0, NVIDIA H200, 119677 MiB, 143771 MiB, 81 %, 243.74 W
2026/08/14 06:18:24.186, 0, NVIDIA H200, 119677 MiB, 143771 MiB, 100 %, 360.43 W
2026/08/14 06:18:25.191, 0, NVIDIA H200, 119677 MiB, 143771 MiB, 100 %, 361.36 W
2026/08/14 06:18:26.193, 0, NVIDIA H200, 119677 MiB, 143771 MiB, 100 %, 367.71 W
2026/08/14 06:18:27.198, 0, NVIDIA H200, 119677 MiB, 143771 MiB, 100 %, 346.40 W
2026/08/14 06:18:28.201, 0, NVIDIA H200, 119677 MiB, 143771 MiB, 0 %, 208.62 W
2026/08/14 06:18:29.204, 0, NVIDIA H200, 119677 MiB, 143771 MiB, 100 %, 223.21 W
2026/08/14 06:18:30.207, 0, NVIDIA H200, 119677 MiB, 143771 MiB, 0 %, 183.53 W
2026/08/14 06:18:31.209, 0, NVIDIA H200, 119677 MiB, 143771 MiB, 100 %, 264.04 W
2026/08/14 06:18:32.213, 0, NVIDIA H200, 119677 MiB, 143771 MiB, 100 %, 356.55 W
2026/08/14 06:18:33.215, 0, NVIDIA H200, 119677 MiB, 143771 MiB, 100 %, 359.33 W
2026/08/14 06:18:34.218, 0, NVIDIA H200, 119677 MiB, 143771 MiB, 100 %, 362.35 W
2026/08/14 06:18:35.222, 0, NVIDIA H200, 119677 MiB, 143771 MiB, 100 %, 366.15 W
2026/08/14 06:18:36.225, 0, NVIDIA H200, 119677 MiB, 143771 MiB, 0 %, 292.02 W
2026/08/14 06:18:37.228, 0, NVIDIA H200, 119677 MiB, 143771 MiB, 100 %, 224.49 W
2026/08/14 06:18:38.231, 0, NVIDIA H200, 119677 MiB, 143771 MiB, 0 %, 179.12 W
2026/08/14 06:18:39.234, 0, NVIDIA H200, 119677 MiB, 143771 MiB, 100 %, 252.25 W
2026/08/14 06:18:40.237, 0, NVIDIA H200, 119677 MiB, 143771 MiB, 100 %, 358.57 W
2026/08/14 06:18:41.240, 0, NVIDIA H200, 119677 MiB, 143771 MiB, 100 %, 364.60 W
2026/08/14 06:18:42.242, 0, NVIDIA H200, 119677 MiB, 143771 MiB, 100 %, 362.40 W
2026/08/14 06:18:43.246, 0, NVIDIA H200, 119677 MiB, 143771 MiB, 0 %, 273.29 W
2026/08/14 06:18:44.250, 0, NVIDIA H200, 119677 MiB, 143771 MiB, 100 %, 363.78 W
2026/08/14 06:18:45.252, 0, NVIDIA H200, 119677 MiB, 143771 MiB, 100 %, 365.40 W
2026/08/14 06:18:46.254, 0, NVIDIA H200, 119677 MiB, 143771 MiB, 100 %, 367.11 W
2026/08/14 06:18:47.257, 0, NVIDIA H200, 119677 MiB, 143771 MiB, 100 %, 349.96 W
2026/08/14 06:18:48.260, 0, NVIDIA H200, 119677 MiB, 143771 MiB, 41 %, 230.77 W
2026/08/14 06:18:49.263, 0, NVIDIA H200, 119677 MiB, 143771 MiB, 96 %, 257.58 W
2026/08/14 06:18:50.266, 0, NVIDIA H200, 119677 MiB, 143771 MiB, 0 %, 177.59 W
2026/08/14 06:18:51.269, 0, NVIDIA H200, 119677 MiB, 143771 MiB, 100 %, 330.89 W
2026/08/14 06:18:52.272, 0, NVIDIA H200, 119677 MiB, 143771 MiB, 100 %, 369.46 W
2026/08/14 06:18:53.333, 0, NVIDIA H200, 119677 MiB, 143771 MiB, 100 %, 360.98 W
2026/08/14 06:18:54.335, 0, NVIDIA H200, 119677 MiB, 143771 MiB, 0 %, 252.46 W
2026/08/14 06:18:55.339, 0, NVIDIA H200, 119677 MiB, 143771 MiB, 52 %, 228.69 W
2026/08/14 06:18:56.343, 0, NVIDIA H200, 119677 MiB, 143771 MiB, 0 %, 187.86 W
2026/08/14 06:18:57.345, 0, NVIDIA H200, 119677 MiB, 143771 MiB, 61 %, 230.88 W
2026/08/14 06:18:58.348, 0, NVIDIA H200, 119677 MiB, 143771 MiB, 100 %, 272.50 W
2026/08/14 06:18:59.353, 0, NVIDIA H200, 119677 MiB, 143771 MiB, 100 %, 366.75 W
2026/08/14 06:19:00.356, 0, NVIDIA H200, 119677 MiB, 143771 MiB, 0 %, 264.27 W
2026/08/14 06:19:01.360, 0, NVIDIA H200, 119677 MiB, 143771 MiB, 100 %, 242.28 W
2026/08/14 06:19:02.362, 0, NVIDIA H200, 119677 MiB, 143771 MiB, 0 %, 201.24 W
2026/08/14 06:19:03.365, 0, NVIDIA H200, 119677 MiB, 143771 MiB, 100 %, 224.43 W
2026/08/14 06:19:04.367, 0, NVIDIA H200, 119677 MiB, 143771 MiB, 100 %, 271.34 W
2026/08/14 06:19:05.370, 0, NVIDIA H200, 119677 MiB, 143771 MiB, 100 %, 376.25 W
2026/08/14 06:19:06.372, 0, NVIDIA H200, 119677 MiB, 143771 MiB, 100 %, 369.68 W
2026/08/14 06:19:07.375, 0, NVIDIA H200, 119677 MiB, 143771 MiB, 100 %, 373.91 W
2026/08/14 06:19:08.377, 0, NVIDIA H200, 119677 MiB, 143771 MiB, 100 %, 368.19 W
2026/08/14 06:19:09.380, 0, NVIDIA H200, 119677 MiB, 143771 MiB, 100 %, 362.78 W
2026/08/14 06:19:10.383, 0, NVIDIA H200, 119677 MiB, 143771 MiB, 100 %, 369.61 W
2026/08/14 06:19:11.385, 0, NVIDIA H200, 119677 MiB, 143771 MiB, 100 %, 377.62 W
2026/08/14 06:19:12.388, 0, NVIDIA H200, 119677 MiB, 143771 MiB, 100 %, 379.19 W
2026/08/14 06:19:13.390, 0, NVIDIA H200, 119677 MiB, 143771 MiB, 100 %, 368.48 W
2026/08/14 06:19:14.393, 0, NVIDIA H200, 119677 MiB, 143771 MiB, 100 %, 369.38 W
2026/08/14 06:19:15.395, 0, NVIDIA H200, 119677 MiB, 143771 MiB, 100 %, 374.12 W
2026/08/14 06:19:16.398, 0, NVIDIA H200, 119677 MiB, 143771 MiB, 100 %, 376.15 W
2026/08/14 06:19:17.401, 0, NVIDIA H200, 119677 MiB, 143771 MiB, 100 %, 388.39 W
2026/08/14 06:19:18.404, 0, NVIDIA H200, 119677 MiB, 143771 MiB, 100 %, 396.44 W
2026/08/14 06:19:19.406, 0, NVIDIA H200, 119677 MiB, 143771 MiB, 100 %, 394.54 W
2026/08/14 06:19:20.409, 0, NVIDIA H200, 119677 MiB, 143771 MiB, 100 %, 383.38 W
2026/08/14 06:19:21.411, 0, NVIDIA H200, 119677 MiB, 143771 MiB, 100 %, 376.48 W
2026/08/14 06:19:22.414, 0, NVIDIA H200, 119677 MiB, 143771 MiB, 100 %, 380.96 W
2026/08/14 06:19:23.415, 0, NVIDIA H200, 119677 MiB, 143771 MiB, 100 %, 395.51 W
2026/08/14 06:19:24.417, 0, NVIDIA H200, 119677 MiB, 143771 MiB, 100 %, 374.45 W
2026/08/14 06:19:25.419, 0, NVIDIA H200, 119677 MiB, 143771 MiB, 100 %, 373.31 W
2026/08/14 06:19:26.422, 0, NVIDIA H200, 119677 MiB, 143771 MiB, 100 %, 377.83 W
2026/08/14 06:19:27.424, 0, NVIDIA H200, 119677 MiB, 143771 MiB, 100 %, 372.26 W
2026/08/14 06:19:28.427, 0, NVIDIA H200, 119677 MiB, 143771 MiB, 100 %, 372.08 W
2026/08/14 06:19:29.430, 0, NVIDIA H200, 119677 MiB, 143771 MiB, 45 %, 242.84 W
2026/08/14 06:19:30.432, 0, NVIDIA H200, 119677 MiB, 143771 MiB, 100 %, 364.45 W
2026/08/14 06:19:31.435, 0, NVIDIA H200, 119677 MiB, 143771 MiB, 100 %, 368.41 W
2026/08/14 06:19:32.437, 0, NVIDIA H200, 119677 MiB, 143771 MiB, 100 %, 380.16 W
2026/08/14 06:19:33.440, 0, NVIDIA H200, 119677 MiB, 143771 MiB, 100 %, 211.78 W
2026/08/14 06:19:34.443, 0, NVIDIA H200, 119677 MiB, 143771 MiB, 0 %, 239.01 W
2026/08/14 06:19:35.445, 0, NVIDIA H200, 119677 MiB, 143771 MiB, 0 %, 203.15 W
2026/08/14 06:19:36.448, 0, NVIDIA H200, 119677 MiB, 143771 MiB, 100 %, 326.91 W
2026/08/14 06:19:37.450, 0, NVIDIA H200, 119677 MiB, 143771 MiB, 100 %, 363.62 W
2026/08/14 06:19:38.452, 0, NVIDIA H200, 119677 MiB, 143771 MiB, 0 %, 265.26 W
2026/08/14 06:19:39.455, 0, NVIDIA H200, 119677 MiB, 143771 MiB, 100 %, 365.62 W
2026/08/14 06:19:40.458, 0, NVIDIA H200, 119677 MiB, 143771 MiB, 100 %, 360.27 W
2026/08/14 06:19:41.461, 0, NVIDIA H200, 119677 MiB, 143771 MiB, 100 %, 372.18 W
2026/08/14 06:19:42.464, 0, NVIDIA H200, 119677 MiB, 143771 MiB, 100 %, 384.16 W
2026/08/14 06:19:43.467, 0, NVIDIA H200, 119677 MiB, 143771 MiB, 0 %, 271.35 W
2026/08/14 06:19:44.470, 0, NVIDIA H200, 119677 MiB, 143771 MiB, 0 %, 203.96 W
2026/08/14 06:19:45.473, 0, NVIDIA H200, 119677 MiB, 143771 MiB, 23 %, 235.82 W
2026/08/14 06:19:46.476, 0, NVIDIA H200, 119677 MiB, 143771 MiB, 100 %, 244.06 W
2026/08/14 06:19:47.478, 0, NVIDIA H200, 119677 MiB, 143771 MiB, 100 %, 362.17 W
2026/08/14 06:19:48.481, 0, NVIDIA H200, 119677 MiB, 143771 MiB, 100 %, 367.61 W
2026/08/14 06:19:49.483, 0, NVIDIA H200, 119677 MiB, 143771 MiB, 100 %, 374.44 W
2026/08/14 06:19:50.486, 0, NVIDIA H200, 119677 MiB, 143771 MiB, 100 %, 260.39 W
2026/08/14 06:19:51.489, 0, NVIDIA H200, 119677 MiB, 143771 MiB, 100 %, 365.51 W
2026/08/14 06:19:52.491, 0, NVIDIA H200, 119677 MiB, 143771 MiB, 100 %, 360.35 W
2026/08/14 06:19:53.493, 0, NVIDIA H200, 119677 MiB, 143771 MiB, 100 %, 365.07 W
2026/08/14 06:19:54.495, 0, NVIDIA H200, 119677 MiB, 143771 MiB, 0 %, 331.29 W
2026/08/14 06:19:55.498, 0, NVIDIA H200, 119677 MiB, 143771 MiB, 100 %, 221.07 W
2026/08/14 06:19:56.501, 0, NVIDIA H200, 119677 MiB, 143771 MiB, 0 %, 194.13 W
2026/08/14 06:19:57.503, 0, NVIDIA H200, 119677 MiB, 143771 MiB, 100 %, 238.25 W
2026/08/14 06:19:58.506, 0, NVIDIA H200, 119677 MiB, 143771 MiB, 100 %, 359.63 W
2026/08/14 06:19:59.509, 0, NVIDIA H200, 119677 MiB, 143771 MiB, 100 %, 356.27 W
2026/08/14 06:20:00.512, 0, NVIDIA H200, 119677 MiB, 143771 MiB, 100 %, 369.19 W
2026/08/14 06:20:01.514, 0, NVIDIA H200, 119677 MiB, 143771 MiB, 100 %, 370.31 W
2026/08/14 06:20:02.517, 0, NVIDIA H200, 119677 MiB, 143771 MiB, 0 %, 277.10 W
2026/08/14 06:20:03.519, 0, NVIDIA H200, 119677 MiB, 143771 MiB, 100 %, 364.95 W
2026/08/14 06:20:04.521, 0, NVIDIA H200, 119677 MiB, 143771 MiB, 100 %, 357.83 W
2026/08/14 06:20:05.524, 0, NVIDIA H200, 119677 MiB, 143771 MiB, 100 %, 375.87 W
2026/08/14 06:20:06.526, 0, NVIDIA H200, 119677 MiB, 143771 MiB, 100 %, 383.95 W
2026/08/14 06:20:07.528, 0, NVIDIA H200, 119677 MiB, 143771 MiB, 0 %, 190.27 W
2026/08/14 06:20:08.531, 0, NVIDIA H200, 119677 MiB, 143771 MiB, 100 %, 266.93 W
2026/08/14 06:20:09.534, 0, NVIDIA H200, 119677 MiB, 143771 MiB, 0 %, 184.33 W
2026/08/14 06:20:10.536, 0, NVIDIA H200, 119677 MiB, 143771 MiB, 100 %, 342.02 W
2026/08/14 06:20:11.538, 0, NVIDIA H200, 119677 MiB, 143771 MiB, 100 %, 360.14 W
2026/08/14 06:20:12.543, 0, NVIDIA H200, 119677 MiB, 143771 MiB, 100 %, 366.49 W
2026/08/14 06:20:13.546, 0, NVIDIA H200, 119677 MiB, 143771 MiB, 100 %, 387.06 W
2026/08/14 06:20:14.548, 0, NVIDIA H200, 119677 MiB, 143771 MiB, 57 %, 234.19 W
2026/08/14 06:20:15.550, 0, NVIDIA H200, 119677 MiB, 143771 MiB, 8 %, 201.86 W
2026/08/14 06:20:16.553, 0, NVIDIA H200, 119677 MiB, 143771 MiB, 0 %, 220.01 W
2026/08/14 06:20:17.555, 0, NVIDIA H200, 119677 MiB, 143771 MiB, 100 %, 299.02 W
2026/08/14 06:20:18.558, 0, NVIDIA H200, 119677 MiB, 143771 MiB, 100 %, 359.36 W
2026/08/14 06:20:19.560, 0, NVIDIA H200, 119677 MiB, 143771 MiB, 100 %, 365.65 W
2026/08/14 06:20:20.563, 0, NVIDIA H200, 119677 MiB, 143771 MiB, 0 %, 337.46 W
2026/08/14 06:20:21.567, 0, NVIDIA H200, 119677 MiB, 143771 MiB, 36 %, 201.77 W
2026/08/14 06:20:22.569, 0, NVIDIA H200, 119677 MiB, 143771 MiB, 0 %, 216.84 W
2026/08/14 06:20:23.572, 0, NVIDIA H200, 119677 MiB, 143771 MiB, 100 %, 203.55 W
2026/08/14 06:20:24.575, 0, NVIDIA H200, 119677 MiB, 143771 MiB, 100 %, 256.35 W
2026/08/14 06:20:25.577, 0, NVIDIA H200, 119677 MiB, 143771 MiB, 100 %, 367.70 W
2026/08/14 06:20:26.580, 0, NVIDIA H200, 119677 MiB, 143771 MiB, 100 %, 360.53 W
2026/08/14 06:20:27.582, 0, NVIDIA H200, 119677 MiB, 143771 MiB, 100 %, 365.71 W
2026/08/14 06:20:28.584, 0, NVIDIA H200, 119677 MiB, 143771 MiB, 0 %, 299.02 W
2026/08/14 06:20:29.586, 0, NVIDIA H200, 119677 MiB, 143771 MiB, 29 %, 254.33 W
2026/08/14 06:20:30.587, 0, NVIDIA H200, 119677 MiB, 143771 MiB, 0 %, 193.99 W
2026/08/14 06:20:31.590, 0, NVIDIA H200, 119677 MiB, 143771 MiB, 100 %, 234.74 W
2026/08/14 06:20:32.592, 0, NVIDIA H200, 119677 MiB, 143771 MiB, 100 %, 355.54 W
2026/08/14 06:20:33.595, 0, NVIDIA H200, 119677 MiB, 143771 MiB, 100 %, 367.06 W
2026/08/14 06:20:34.598, 0, NVIDIA H200, 119677 MiB, 143771 MiB, 100 %, 265.09 W
2026/08/14 06:20:35.600, 0, NVIDIA H200, 119677 MiB, 143771 MiB, 100 %, 372.23 W
2026/08/14 06:20:36.604, 0, NVIDIA H200, 119677 MiB, 143771 MiB, 100 %, 361.74 W
2026/08/14 06:20:37.606, 0, NVIDIA H200, 119677 MiB, 143771 MiB, 100 %, 366.36 W
2026/08/14 06:20:38.609, 0, NVIDIA H200, 119677 MiB, 143771 MiB, 0 %, 263.69 W
2026/08/14 06:20:39.613, 0, NVIDIA H200, 119677 MiB, 143771 MiB, 0 %, 204.96 W
2026/08/14 06:20:40.616, 0, NVIDIA H200, 119677 MiB, 143771 MiB, 100 %, 230.66 W
2026/08/14 06:20:41.621, 0, NVIDIA H200, 119677 MiB, 143771 MiB, 100 %, 269.09 W
2026/08/14 06:20:42.624, 0, NVIDIA H200, 119677 MiB, 143771 MiB, 100 %, 363.98 W
2026/08/14 06:20:43.626, 0, NVIDIA H200, 119677 MiB, 143771 MiB, 100 %, 364.10 W
2026/08/14 06:20:44.628, 0, NVIDIA H200, 119677 MiB, 143771 MiB, 100 %, 356.61 W
2026/08/14 06:20:45.631, 0, NVIDIA H200, 119677 MiB, 143771 MiB, 100 %, 354.14 W
2026/08/14 06:20:46.634, 0, NVIDIA H200, 119677 MiB, 143771 MiB, 100 %, 355.92 W
2026/08/14 06:20:47.636, 0, NVIDIA H200, 119677 MiB, 143771 MiB, 100 %, 362.38 W
2026/08/14 06:20:48.638, 0, NVIDIA H200, 119677 MiB, 143771 MiB, 100 %, 364.08 W
2026/08/14 06:20:49.641, 0, NVIDIA H200, 119677 MiB, 143771 MiB, 100 %, 367.85 W
2026/08/14 06:20:50.644, 0, NVIDIA H200, 119677 MiB, 143771 MiB, 0 %, 290.33 W
2026/08/14 06:20:51.647, 0, NVIDIA H200, 119677 MiB, 143771 MiB, 100 %, 222.45 W
2026/08/14 06:20:52.650, 0, NVIDIA H200, 119677 MiB, 143771 MiB, 0 %, 179.07 W
2026/08/14 06:20:53.653, 0, NVIDIA H200, 119677 MiB, 143771 MiB, 100 %, 248.75 W
2026/08/14 06:20:54.656, 0, NVIDIA H200, 119677 MiB, 143771 MiB, 100 %, 366.24 W
2026/08/14 06:20:55.659, 0, NVIDIA H200, 119677 MiB, 143771 MiB, 100 %, 363.45 W
2026/08/14 06:20:56.661, 0, NVIDIA H200, 119677 MiB, 143771 MiB, 100 %, 365.37 W
2026/08/14 06:20:57.665, 0, NVIDIA H200, 119677 MiB, 143771 MiB, 100 %, 342.71 W
2026/08/14 06:20:58.668, 0, NVIDIA H200, 119677 MiB, 143771 MiB, 100 %, 285.33 W
2026/08/14 06:20:59.671, 0, NVIDIA H200, 119677 MiB, 143771 MiB, 100 %, 365.33 W
2026/08/14 06:21:00.674, 0, NVIDIA H200, 119677 MiB, 143771 MiB, 100 %, 371.06 W
2026/08/14 06:21:01.676, 0, NVIDIA H200, 119677 MiB, 143771 MiB, 100 %, 366.40 W
2026/08/14 06:21:02.679, 0, NVIDIA H200, 119677 MiB, 143771 MiB, 100 %, 346.01 W
2026/08/14 06:21:03.682, 0, NVIDIA H200, 119677 MiB, 143771 MiB, 1 %, 219.91 W
2026/08/14 06:21:04.685, 0, NVIDIA H200, 119677 MiB, 143771 MiB, 97 %, 232.97 W
2026/08/14 06:21:05.688, 0, NVIDIA H200, 119677 MiB, 143771 MiB, 0 %, 180.07 W
2026/08/14 06:21:06.690, 0, NVIDIA H200, 119677 MiB, 143771 MiB, 100 %, 365.50 W
2026/08/14 06:21:07.692, 0, NVIDIA H200, 119677 MiB, 143771 MiB, 100 %, 359.91 W
2026/08/14 06:21:08.695, 0, NVIDIA H200, 119677 MiB, 143771 MiB, 100 %, 361.76 W
2026/08/14 06:21:09.698, 0, NVIDIA H200, 119677 MiB, 143771 MiB, 0 %, 311.80 W
2026/08/14 06:21:10.701, 0, NVIDIA H200, 119677 MiB, 143771 MiB, 93 %, 216.80 W
2026/08/14 06:21:11.705, 0, NVIDIA H200, 119677 MiB, 143771 MiB, 0 %, 189.79 W
2026/08/14 06:21:12.708, 0, NVIDIA H200, 119677 MiB, 143771 MiB, 67 %, 226.11 W
2026/08/14 06:21:13.710, 0, NVIDIA H200, 119677 MiB, 143771 MiB, 100 %, 368.64 W
2026/08/14 06:21:14.713, 0, NVIDIA H200, 119677 MiB, 143771 MiB, 100 %, 361.98 W
2026/08/14 06:21:15.715, 0, NVIDIA H200, 119677 MiB, 143771 MiB, 100 %, 353.05 W
2026/08/14 06:21:16.718, 0, NVIDIA H200, 119677 MiB, 143771 MiB, 100 %, 284.08 W
2026/08/14 06:21:17.720, 0, NVIDIA H200, 119677 MiB, 143771 MiB, 100 %, 375.39 W
2026/08/14 06:21:18.722, 0, NVIDIA H200, 119677 MiB, 143771 MiB, 100 %, 364.91 W
2026/08/14 06:21:19.725, 0, NVIDIA H200, 119677 MiB, 143771 MiB, 100 %, 359.02 W
2026/08/14 06:21:20.728, 0, NVIDIA H200, 119677 MiB, 143771 MiB, 100 %, 367.38 W
2026/08/14 06:21:21.731, 0, NVIDIA H200, 119677 MiB, 143771 MiB, 0 %, 196.27 W
2026/08/14 06:21:22.736, 0, NVIDIA H200, 119677 MiB, 143771 MiB, 100 %, 240.97 W
2026/08/14 06:21:23.739, 0, NVIDIA H200, 119677 MiB, 143771 MiB, 0 %, 185.61 W
2026/08/14 06:21:24.750, 0, NVIDIA H200, 119677 MiB, 143771 MiB, 100 %, 322.93 W
2026/08/14 06:21:25.752, 0, NVIDIA H200, 119677 MiB, 143771 MiB, 100 %, 363.71 W
2026/08/14 06:21:26.757, 0, NVIDIA H200, 119677 MiB, 143771 MiB, 100 %, 362.77 W
2026/08/14 06:21:27.760, 0, NVIDIA H200, 119677 MiB, 143771 MiB, 0 %, 327.27 W
2026/08/14 06:21:28.762, 0, NVIDIA H200, 119677 MiB, 143771 MiB, 100 %, 295.10 W
2026/08/14 06:21:29.765, 0, NVIDIA H200, 119677 MiB, 143771 MiB, 100 %, 361.75 W
2026/08/14 06:21:30.769, 0, NVIDIA H200, 119677 MiB, 143771 MiB, 100 %, 362.79 W
2026/08/14 06:21:31.771, 0, NVIDIA H200, 119677 MiB, 143771 MiB, 100 %, 359.14 W
2026/08/14 06:21:32.775, 0, NVIDIA H200, 119677 MiB, 143771 MiB, 100 %, 365.85 W
2026/08/14 06:21:33.779, 0, NVIDIA H200, 119677 MiB, 143771 MiB, 100 %, 365.13 W
2026/08/14 06:21:34.790, 0, NVIDIA H200, 119677 MiB, 143771 MiB, 100 %, 371.32 W
2026/08/14 06:21:35.793, 0, NVIDIA H200, 119677 MiB, 143771 MiB, 100 %, 369.39 W
2026/08/14 06:21:36.799, 0, NVIDIA H200, 119677 MiB, 143771 MiB, 16 %, 245.52 W
2026/08/14 06:21:37.802, 0, NVIDIA H200, 119677 MiB, 143771 MiB, 0 %, 235.24 W
2026/08/14 06:21:38.807, 0, NVIDIA H200, 119677 MiB, 143771 MiB, 100 %, 229.18 W
2026/08/14 06:21:39.811, 0, NVIDIA H200, 119677 MiB, 143771 MiB, 100 %, 263.79 W
2026/08/14 06:21:40.815, 0, NVIDIA H200, 119677 MiB, 143771 MiB, 100 %, 357.87 W
2026/08/14 06:21:41.818, 0, NVIDIA H200, 119677 MiB, 143771 MiB, 100 %, 355.41 W
2026/08/14 06:21:42.828, 0, NVIDIA H200, 119677 MiB, 143771 MiB, 100 %, 369.57 W
2026/08/14 06:21:43.831, 0, NVIDIA H200, 119677 MiB, 143771 MiB, 4 %, 316.99 W
2026/08/14 06:21:44.837, 0, NVIDIA H200, 119677 MiB, 143771 MiB, 97 %, 225.85 W
2026/08/14 06:21:45.842, 0, NVIDIA H200, 119677 MiB, 143771 MiB, 0 %, 193.35 W
2026/08/14 06:21:46.848, 0, NVIDIA H200, 119677 MiB, 143771 MiB, 100 %, 247.73 W
2026/08/14 06:21:47.852, 0, NVIDIA H200, 119677 MiB, 143771 MiB, 100 %, 361.65 W
2026/08/14 06:21:48.855, 0, NVIDIA H200, 119677 MiB, 143771 MiB, 100 %, 363.27 W
2026/08/14 06:21:49.859, 0, NVIDIA H200, 119677 MiB, 143771 MiB, 100 %, 363.84 W
2026/08/14 06:21:50.861, 0, NVIDIA H200, 119677 MiB, 143771 MiB, 100 %, 363.42 W
2026/08/14 06:21:51.864, 0, NVIDIA H200, 119677 MiB, 143771 MiB, 100 %, 361.36 W
2026/08/14 06:21:52.867, 0, NVIDIA H200, 119677 MiB, 143771 MiB, 100 %, 365.64 W
2026/08/14 06:21:53.872, 0, NVIDIA H200, 119677 MiB, 143771 MiB, 100 %, 361.80 W
2026/08/14 06:21:54.875, 0, NVIDIA H200, 119677 MiB, 143771 MiB, 100 %, 367.24 W
2026/08/14 06:21:55.878, 0, NVIDIA H200, 119677 MiB, 143771 MiB, 100 %, 368.45 W
2026/08/14 06:21:56.880, 0, NVIDIA H200, 119677 MiB, 143771 MiB, 100 %, 372.66 W
2026/08/14 06:21:57.883, 0, NVIDIA H200, 119677 MiB, 143771 MiB, 100 %, 368.40 W
2026/08/14 06:21:58.886, 0, NVIDIA H200, 119677 MiB, 143771 MiB, 100 %, 364.52 W
2026/08/14 06:21:59.888, 0, NVIDIA H200, 119677 MiB, 143771 MiB, 100 %, 371.07 W
2026/08/14 06:22:00.890, 0, NVIDIA H200, 119677 MiB, 143771 MiB, 100 %, 378.10 W
2026/08/14 06:22:01.892, 0, NVIDIA H200, 119677 MiB, 143771 MiB, 100 %, 378.93 W
2026/08/14 06:22:02.894, 0, NVIDIA H200, 119677 MiB, 143771 MiB, 100 %, 367.97 W
2026/08/14 06:22:03.897, 0, NVIDIA H200, 119677 MiB, 143771 MiB, 100 %, 366.06 W
2026/08/14 06:22:04.899, 0, NVIDIA H200, 119677 MiB, 143771 MiB, 100 %, 248.58 W
2026/08/14 06:22:05.902, 0, NVIDIA H200, 119677 MiB, 143771 MiB, 100 %, 359.40 W
2026/08/14 06:22:06.917, 0, NVIDIA H200, 119677 MiB, 143771 MiB, 100 %, 361.91 W
2026/08/14 06:22:07.920, 0, NVIDIA H200, 119677 MiB, 143771 MiB, 27 %, 318.90 W
2026/08/14 06:22:08.926, 0, NVIDIA H200, 119677 MiB, 143771 MiB, 73 %, 221.05 W
2026/08/14 06:22:09.928, 0, NVIDIA H200, 119677 MiB, 143771 MiB, 0 %, 194.87 W
2026/08/14 06:22:10.931, 0, NVIDIA H200, 119677 MiB, 143771 MiB, 100 %, 246.32 W
2026/08/14 06:22:11.934, 0, NVIDIA H200, 119677 MiB, 143771 MiB, 100 %, 359.24 W
2026/08/14 06:22:12.938, 0, NVIDIA H200, 119677 MiB, 143771 MiB, 100 %, 368.25 W
2026/08/14 06:22:13.941, 0, NVIDIA H200, 119677 MiB, 143771 MiB, 100 %, 380.51 W
2026/08/14 06:22:14.944, 0, NVIDIA H200, 119677 MiB, 143771 MiB, 100 %, 267.09 W
2026/08/14 06:22:15.946, 0, NVIDIA H200, 119677 MiB, 143771 MiB, 100 %, 358.64 W
2026/08/14 06:22:16.948, 0, NVIDIA H200, 119677 MiB, 143771 MiB, 100 %, 361.60 W
2026/08/14 06:22:17.951, 0, NVIDIA H200, 119677 MiB, 143771 MiB, 100 %, 369.81 W
2026/08/14 06:22:18.954, 0, NVIDIA H200, 119677 MiB, 143771 MiB, 0 %, 218.81 W
2026/08/14 06:22:19.957, 0, NVIDIA H200, 119677 MiB, 143771 MiB, 41 %, 246.49 W
2026/08/14 06:22:20.959, 0, NVIDIA H200, 119677 MiB, 143771 MiB, 0 %, 215.97 W
2026/08/14 06:22:21.961, 0, NVIDIA H200, 119677 MiB, 143771 MiB, 100 %, 293.76 W
2026/08/14 06:22:22.965, 0, NVIDIA H200, 119677 MiB, 143771 MiB, 100 %, 361.72 W
2026/08/14 06:22:23.967, 0, NVIDIA H200, 119677 MiB, 143771 MiB, 100 %, 358.92 W
2026/08/14 06:22:24.971, 0, NVIDIA H200, 119677 MiB, 143771 MiB, 100 %, 367.19 W
2026/08/14 06:22:25.974, 0, NVIDIA H200, 119677 MiB, 143771 MiB, 100 %, 421.72 W
2026/08/14 06:22:26.976, 0, NVIDIA H200, 119677 MiB, 143771 MiB, 100 %, 425.09 W
2026/08/14 06:22:27.979, 0, NVIDIA H200, 119677 MiB, 143771 MiB, 100 %, 427.09 W
2026/08/14 06:22:28.984, 0, NVIDIA H200, 119677 MiB, 143771 MiB, 100 %, 426.08 W
2026/08/14 06:22:29.986, 0, NVIDIA H200, 119677 MiB, 143771 MiB, 100 %, 428.05 W
2026/08/14 06:22:30.990, 0, NVIDIA H200, 119677 MiB, 143771 MiB, 100 %, 424.53 W
2026/08/14 06:22:31.993, 0, NVIDIA H200, 119677 MiB, 143771 MiB, 100 %, 425.50 W
2026/08/14 06:22:32.998, 0, NVIDIA H200, 119677 MiB, 143771 MiB, 100 %, 427.96 W
2026/08/14 06:22:34.000, 0, NVIDIA H200, 119677 MiB, 143771 MiB, 100 %, 429.91 W
2026/08/14 06:22:35.005, 0, NVIDIA H200, 119677 MiB, 143771 MiB, 100 %, 427.65 W
2026/08/14 06:22:36.008, 0, NVIDIA H200, 119677 MiB, 143771 MiB, 100 %, 430.83 W
2026/08/14 06:22:37.011, 0, NVIDIA H200, 119677 MiB, 143771 MiB, 100 %, 427.46 W
2026/08/14 06:22:38.013, 0, NVIDIA H200, 119677 MiB, 143771 MiB, 100 %, 430.27 W
2026/08/14 06:22:39.017, 0, NVIDIA H200, 119677 MiB, 143771 MiB, 100 %, 429.69 W
2026/08/14 06:22:40.019, 0, NVIDIA H200, 119677 MiB, 143771 MiB, 100 %, 428.80 W
2026/08/14 06:22:41.022, 0, NVIDIA H200, 119677 MiB, 143771 MiB, 100 %, 432.14 W
2026/08/14 06:22:42.025, 0, NVIDIA H200, 119677 MiB, 143771 MiB, 100 %, 432.53 W
2026/08/14 06:22:43.028, 0, NVIDIA H200, 119677 MiB, 143771 MiB, 100 %, 257.84 W
2026/08/14 06:22:44.030, 0, NVIDIA H200, 119677 MiB, 143771 MiB, 100 %, 363.82 W
2026/08/14 06:22:45.032, 0, NVIDIA H200, 119677 MiB, 143771 MiB, 100 %, 362.36 W
2026/08/14 06:22:46.035, 0, NVIDIA H200, 119677 MiB, 143771 MiB, 100 %, 368.88 W
2026/08/14 06:22:47.038, 0, NVIDIA H200, 119677 MiB, 143771 MiB, 100 %, 379.19 W
2026/08/14 06:22:48.041, 0, NVIDIA H200, 119677 MiB, 143771 MiB, 100 %, 255.58 W
2026/08/14 06:22:49.044, 0, NVIDIA H200, 119677 MiB, 143771 MiB, 0 %, 186.57 W
2026/08/14 06:22:50.046, 0, NVIDIA H200, 119677 MiB, 143771 MiB, 33 %, 230.73 W
2026/08/14 06:22:51.048, 0, NVIDIA H200, 119677 MiB, 143771 MiB, 100 %, 270.82 W
2026/08/14 06:22:52.051, 0, NVIDIA H200, 119677 MiB, 143771 MiB, 100 %, 363.98 W
2026/08/14 06:22:53.054, 0, NVIDIA H200, 119677 MiB, 143771 MiB, 100 %, 359.02 W
2026/08/14 06:22:54.056, 0, NVIDIA H200, 119677 MiB, 143771 MiB, 100 %, 362.55 W
2026/08/14 06:22:55.059, 0, NVIDIA H200, 119677 MiB, 143771 MiB, 100 %, 361.09 W
2026/08/14 06:22:56.061, 0, NVIDIA H200, 119677 MiB, 143771 MiB, 100 %, 370.12 W
2026/08/14 06:22:57.064, 0, NVIDIA H200, 119677 MiB, 143771 MiB, 100 %, 367.29 W
2026/08/14 06:22:58.067, 0, NVIDIA H200, 119677 MiB, 143771 MiB, 100 %, 377.13 W
2026/08/14 06:22:59.070, 0, NVIDIA H200, 119677 MiB, 143771 MiB, 100 %, 261.79 W
2026/08/14 06:23:00.072, 0, NVIDIA H200, 119677 MiB, 143771 MiB, 100 %, 360.92 W
2026/08/14 06:23:01.074, 0, NVIDIA H200, 119677 MiB, 143771 MiB, 100 %, 356.56 W
2026/08/14 06:23:02.076, 0, NVIDIA H200, 119677 MiB, 143771 MiB, 100 %, 365.67 W
2026/08/14 06:23:03.080, 0, NVIDIA H200, 119677 MiB, 143771 MiB, 100 %, 367.65 W
2026/08/14 06:23:04.083, 0, NVIDIA H200, 119677 MiB, 143771 MiB, 100 %, 374.42 W
2026/08/14 06:23:05.085, 0, NVIDIA H200, 119677 MiB, 143771 MiB, 100 %, 379.09 W
2026/08/14 06:23:06.088, 0, NVIDIA H200, 119677 MiB, 143771 MiB, 84 %, 341.31 W
2026/08/14 06:23:07.091, 0, NVIDIA H200, 119677 MiB, 143771 MiB, 0 %, 199.46 W
2026/08/14 06:23:08.094, 0, NVIDIA H200, 119677 MiB, 143771 MiB, 74 %, 211.32 W
2026/08/14 06:23:09.099, 0, NVIDIA H200, 119677 MiB, 143771 MiB, 0 %, 198.21 W
2026/08/14 06:23:10.104, 0, NVIDIA H200, 119677 MiB, 143771 MiB, 100 %, 359.27 W
2026/08/14 06:23:11.107, 0, NVIDIA H200, 119677 MiB, 143771 MiB, 100 %, 358.39 W
2026/08/14 06:23:12.112, 0, NVIDIA H200, 119677 MiB, 143771 MiB, 100 %, 259.65 W
2026/08/14 06:23:13.114, 0, NVIDIA H200, 119677 MiB, 143771 MiB, 100 %, 358.58 W
2026/08/14 06:23:14.117, 0, NVIDIA H200, 119677 MiB, 143771 MiB, 100 %, 360.08 W
2026/08/14 06:23:15.120, 0, NVIDIA H200, 119677 MiB, 143771 MiB, 100 %, 369.08 W
2026/08/14 06:23:16.124, 0, NVIDIA H200, 119677 MiB, 143771 MiB, 100 %, 358.04 W
2026/08/14 06:23:17.128, 0, NVIDIA H200, 119677 MiB, 143771 MiB, 100 %, 375.34 W
2026/08/14 06:23:18.131, 0, NVIDIA H200, 119677 MiB, 143771 MiB, 0 %, 188.33 W
2026/08/14 06:23:19.133, 0, NVIDIA H200, 119677 MiB, 143771 MiB, 0 %, 263.25 W
2026/08/14 06:23:20.136, 0, NVIDIA H200, 119677 MiB, 143771 MiB, 100 %, 222.63 W
2026/08/14 06:23:21.138, 0, NVIDIA H200, 119677 MiB, 143771 MiB, 100 %, 293.90 W
2026/08/14 06:23:22.141, 0, NVIDIA H200, 119677 MiB, 143771 MiB, 100 %, 364.39 W
2026/08/14 06:23:23.144, 0, NVIDIA H200, 119677 MiB, 143771 MiB, 100 %, 375.39 W
2026/08/14 06:23:24.147, 0, NVIDIA H200, 119677 MiB, 143771 MiB, 100 %, 370.32 W
2026/08/14 06:23:25.151, 0, NVIDIA H200, 119677 MiB, 143771 MiB, 100 %, 373.71 W
2026/08/14 06:23:26.154, 0, NVIDIA H200, 119677 MiB, 143771 MiB, 100 %, 361.83 W
2026/08/14 06:23:27.158, 0, NVIDIA H200, 119677 MiB, 143771 MiB, 100 %, 365.05 W
2026/08/14 06:23:28.161, 0, NVIDIA H200, 119677 MiB, 143771 MiB, 100 %, 364.27 W
2026/08/14 06:23:29.165, 0, NVIDIA H200, 119677 MiB, 143771 MiB, 0 %, 271.63 W
2026/08/14 06:23:30.167, 0, NVIDIA H200, 119677 MiB, 143771 MiB, 0 %, 250.80 W
2026/08/14 06:23:31.170, 0, NVIDIA H200, 119677 MiB, 143771 MiB, 1 %, 250.42 W
2026/08/14 06:23:32.173, 0, NVIDIA H200, 119677 MiB, 143771 MiB, 99 %, 235.76 W
2026/08/14 06:23:33.176, 0, NVIDIA H200, 119677 MiB, 143771 MiB, 100 %, 257.04 W
2026/08/14 06:23:34.179, 0, NVIDIA H200, 119677 MiB, 143771 MiB, 100 %, 365.92 W
2026/08/14 06:23:35.181, 0, NVIDIA H200, 119677 MiB, 143771 MiB, 100 %, 363.19 W
2026/08/14 06:23:36.183, 0, NVIDIA H200, 119677 MiB, 143771 MiB, 100 %, 378.67 W
2026/08/14 06:23:37.185, 0, NVIDIA H200, 119677 MiB, 143771 MiB, 100 %, 259.70 W
2026/08/14 06:23:38.188, 0, NVIDIA H200, 119677 MiB, 143771 MiB, 100 %, 364.82 W
2026/08/14 06:23:39.191, 0, NVIDIA H200, 119677 MiB, 143771 MiB, 100 %, 363.04 W
2026/08/14 06:23:40.194, 0, NVIDIA H200, 119677 MiB, 143771 MiB, 100 %, 378.63 W
2026/08/14 06:23:41.197, 0, NVIDIA H200, 119677 MiB, 143771 MiB, 100 %, 378.47 W
2026/08/14 06:23:42.199, 0, NVIDIA H200, 119677 MiB, 143771 MiB, 100 %, 378.89 W
2026/08/14 06:23:43.202, 0, NVIDIA H200, 119677 MiB, 143771 MiB, 100 %, 363.60 W
2026/08/14 06:23:44.204, 0, NVIDIA H200, 119677 MiB, 143771 MiB, 100 %, 374.98 W
2026/08/14 06:23:45.207, 0, NVIDIA H200, 119677 MiB, 143771 MiB, 100 %, 379.35 W
2026/08/14 06:23:46.209, 0, NVIDIA H200, 119677 MiB, 143771 MiB, 100 %, 391.34 W
2026/08/14 06:23:47.212, 0, NVIDIA H200, 119677 MiB, 143771 MiB, 0 %, 255.90 W
2026/08/14 06:23:48.215, 0, NVIDIA H200, 119677 MiB, 143771 MiB, 0 %, 226.84 W
2026/08/14 06:23:49.218, 0, NVIDIA H200, 119677 MiB, 143771 MiB, 0 %, 193.88 W
2026/08/14 06:23:50.220, 0, NVIDIA H200, 119677 MiB, 143771 MiB, 100 %, 254.31 W
2026/08/14 06:23:51.226, 0, NVIDIA H200, 119677 MiB, 143771 MiB, 100 %, 366.86 W
2026/08/14 06:23:52.228, 0, NVIDIA H200, 119677 MiB, 143771 MiB, 100 %, 359.93 W
2026/08/14 06:23:53.231, 0, NVIDIA H200, 119677 MiB, 143771 MiB, 100 %, 366.27 W
2026/08/14 06:23:54.233, 0, NVIDIA H200, 119677 MiB, 143771 MiB, 100 %, 361.87 W
2026/08/14 06:23:55.239, 0, NVIDIA H200, 119677 MiB, 143771 MiB, 100 %, 360.57 W
2026/08/14 06:23:56.241, 0, NVIDIA H200, 119677 MiB, 143771 MiB, 100 %, 362.34 W
2026/08/14 06:23:57.244, 0, NVIDIA H200, 119677 MiB, 143771 MiB, 100 %, 361.08 W
2026/08/14 06:23:58.247, 0, NVIDIA H200, 119677 MiB, 143771 MiB, 100 %, 369.67 W
2026/08/14 06:23:59.249, 0, NVIDIA H200, 119677 MiB, 143771 MiB, 100 %, 368.63 W
2026/08/14 06:24:00.252, 0, NVIDIA H200, 119677 MiB, 143771 MiB, 100 %, 380.45 W
2026/08/14 06:24:01.254, 0, NVIDIA H200, 119677 MiB, 143771 MiB, 100 %, 373.60 W
2026/08/14 06:24:02.257, 0, NVIDIA H200, 119677 MiB, 143771 MiB, 100 %, 365.71 W
2026/08/14 06:24:03.260, 0, NVIDIA H200, 119677 MiB, 143771 MiB, 100 %, 365.53 W
2026/08/14 06:24:04.262, 0, NVIDIA H200, 119677 MiB, 143771 MiB, 0 %, 275.97 W
2026/08/14 06:24:05.265, 0, NVIDIA H200, 119677 MiB, 143771 MiB, 100 %, 322.88 W
2026/08/14 06:24:06.268, 0, NVIDIA H200, 119677 MiB, 143771 MiB, 100 %, 361.67 W
2026/08/14 06:24:07.273, 0, NVIDIA H200, 119677 MiB, 143771 MiB, 100 %, 378.91 W
2026/08/14 06:24:08.276, 0, NVIDIA H200, 119677 MiB, 143771 MiB, 100 %, 385.16 W
2026/08/14 06:24:09.280, 0, NVIDIA H200, 119677 MiB, 143771 MiB, 100 %, 374.70 W
2026/08/14 06:24:10.282, 0, NVIDIA H200, 119677 MiB, 143771 MiB, 100 %, 379.52 W
2026/08/14 06:24:11.287, 0, NVIDIA H200, 119677 MiB, 143771 MiB, 100 %, 388.34 W
2026/08/14 06:24:12.289, 0, NVIDIA H200, 119677 MiB, 143771 MiB, 100 %, 370.45 W
2026/08/14 06:24:13.295, 0, NVIDIA H200, 119677 MiB, 143771 MiB, 34 %, 320.73 W
2026/08/14 06:24:14.297, 0, NVIDIA H200, 119677 MiB, 143771 MiB, 0 %, 258.68 W
2026/08/14 06:24:15.301, 0, NVIDIA H200, 119677 MiB, 143771 MiB, 97 %, 233.81 W
2026/08/14 06:24:16.305, 0, NVIDIA H200, 119677 MiB, 143771 MiB, 0 %, 187.89 W
2026/08/14 06:24:17.311, 0, NVIDIA H200, 119677 MiB, 143771 MiB, 100 %, 349.38 W
2026/08/14 06:24:18.314, 0, NVIDIA H200, 119677 MiB, 143771 MiB, 100 %, 365.23 W
2026/08/14 06:24:19.317, 0, NVIDIA H200, 119677 MiB, 143771 MiB, 100 %, 365.42 W
2026/08/14 06:24:20.320, 0, NVIDIA H200, 119677 MiB, 143771 MiB, 4 %, 339.86 W
2026/08/14 06:24:21.323, 0, NVIDIA H200, 119677 MiB, 143771 MiB, 100 %, 280.73 W
2026/08/14 06:24:22.327, 0, NVIDIA H200, 119677 MiB, 143771 MiB, 100 %, 360.43 W
2026/08/14 06:24:23.330, 0, NVIDIA H200, 119677 MiB, 143771 MiB, 100 %, 383.59 W
2026/08/14 06:24:24.332, 0, NVIDIA H200, 119677 MiB, 143771 MiB, 100 %, 418.47 W
2026/08/14 06:24:25.334, 0, NVIDIA H200, 119677 MiB, 143771 MiB, 100 %, 425.41 W
2026/08/14 06:24:26.337, 0, NVIDIA H200, 119677 MiB, 143771 MiB, 100 %, 420.89 W
2026/08/14 06:24:27.340, 0, NVIDIA H200, 119677 MiB, 143771 MiB, 100 %, 423.51 W
2026/08/14 06:24:28.342, 0, NVIDIA H200, 119677 MiB, 143771 MiB, 100 %, 420.13 W
2026/08/14 06:24:29.344, 0, NVIDIA H200, 119677 MiB, 143771 MiB, 100 %, 423.04 W
2026/08/14 06:24:30.347, 0, NVIDIA H200, 119677 MiB, 143771 MiB, 100 %, 419.34 W
2026/08/14 06:24:31.350, 0, NVIDIA H200, 119677 MiB, 143771 MiB, 100 %, 423.14 W
2026/08/14 06:24:32.353, 0, NVIDIA H200, 119677 MiB, 143771 MiB, 100 %, 423.72 W
2026/08/14 06:24:33.356, 0, NVIDIA H200, 119677 MiB, 143771 MiB, 100 %, 426.01 W
2026/08/14 06:24:34.358, 0, NVIDIA H200, 119677 MiB, 143771 MiB, 100 %, 425.73 W
2026/08/14 06:24:35.361, 0, NVIDIA H200, 119677 MiB, 143771 MiB, 100 %, 425.05 W
2026/08/14 06:24:36.364, 0, NVIDIA H200, 119677 MiB, 143771 MiB, 100 %, 423.02 W
2026/08/14 06:24:37.366, 0, NVIDIA H200, 119677 MiB, 143771 MiB, 100 %, 422.47 W
2026/08/14 06:24:38.369, 0, NVIDIA H200, 119677 MiB, 143771 MiB, 0 %, 231.92 W
2026/08/14 06:24:39.371, 0, NVIDIA H200, 119677 MiB, 143771 MiB, 17 %, 229.25 W
2026/08/14 06:24:40.374, 0, NVIDIA H200, 119677 MiB, 143771 MiB, 0 %, 194.63 W
2026/08/14 06:24:41.377, 0, NVIDIA H200, 119677 MiB, 143771 MiB, 100 %, 256.55 W
2026/08/14 06:24:42.380, 0, NVIDIA H200, 119677 MiB, 143771 MiB, 100 %, 366.47 W
2026/08/14 06:24:43.382, 0, NVIDIA H200, 119677 MiB, 143771 MiB, 100 %, 371.46 W
2026/08/14 06:24:44.384, 0, NVIDIA H200, 119677 MiB, 143771 MiB, 100 %, 243.44 W
2026/08/14 06:24:45.388, 0, NVIDIA H200, 119677 MiB, 143771 MiB, 100 %, 368.18 W
2026/08/14 06:24:46.390, 0, NVIDIA H200, 119677 MiB, 143771 MiB, 100 %, 374.22 W
2026/08/14 06:24:47.394, 0, NVIDIA H200, 119677 MiB, 143771 MiB, 100 %, 378.31 W
2026/08/14 06:24:48.396, 0, NVIDIA H200, 119677 MiB, 143771 MiB, 100 %, 372.79 W
2026/08/14 06:24:49.399, 0, NVIDIA H200, 119677 MiB, 143771 MiB, 100 %, 386.86 W
2026/08/14 06:24:50.401, 0, NVIDIA H200, 119677 MiB, 143771 MiB, 100 %, 377.07 W
2026/08/14 06:24:51.403, 0, NVIDIA H200, 119677 MiB, 143771 MiB, 100 %, 370.37 W
2026/08/14 06:24:52.405, 0, NVIDIA H200, 119677 MiB, 143771 MiB, 100 %, 379.89 W
2026/08/14 06:24:53.408, 0, NVIDIA H200, 119677 MiB, 143771 MiB, 7 %, 175.97 W
2026/08/14 06:24:54.411, 0, NVIDIA H200, 119677 MiB, 143771 MiB, 72 %, 249.34 W
2026/08/14 06:24:55.414, 0, NVIDIA H200, 119677 MiB, 143771 MiB, 0 %, 172.03 W
2026/08/14 06:24:56.417, 0, NVIDIA H200, 119677 MiB, 143771 MiB, 100 %, 347.58 W
2026/08/14 06:24:57.419, 0, NVIDIA H200, 119677 MiB, 143771 MiB, 100 %, 367.42 W
2026/08/14 06:24:58.423, 0, NVIDIA H200, 119677 MiB, 143771 MiB, 14 %, 362.39 W
2026/08/14 06:24:59.425, 0, NVIDIA H200, 119677 MiB, 143771 MiB, 100 %, 264.15 W
2026/08/14 06:25:00.428, 0, NVIDIA H200, 119677 MiB, 143771 MiB, 100 %, 363.11 W
2026/08/14 06:25:01.431, 0, NVIDIA H200, 119677 MiB, 143771 MiB, 100 %, 367.00 W
2026/08/14 06:25:02.433, 0, NVIDIA H200, 119677 MiB, 143771 MiB, 100 %, 372.26 W
2026/08/14 06:25:03.436, 0, NVIDIA H200, 119677 MiB, 143771 MiB, 100 %, 361.65 W
2026/08/14 06:25:04.439, 0, NVIDIA H200, 119677 MiB, 143771 MiB, 0 %, 333.88 W
2026/08/14 06:25:05.442, 0, NVIDIA H200, 119677 MiB, 143771 MiB, 31 %, 189.93 W
2026/08/14 06:25:06.444, 0, NVIDIA H200, 119677 MiB, 143771 MiB, 0 %, 237.99 W
2026/08/14 06:25:07.446, 0, NVIDIA H200, 119677 MiB, 143771 MiB, 100 %, 236.42 W
2026/08/14 06:25:08.448, 0, NVIDIA H200, 119677 MiB, 143771 MiB, 100 %, 356.26 W
2026/08/14 06:25:09.450, 0, NVIDIA H200, 119677 MiB, 143771 MiB, 100 %, 353.82 W
2026/08/14 06:25:10.453, 0, NVIDIA H200, 119677 MiB, 143771 MiB, 100 %, 358.55 W
2026/08/14 06:25:11.455, 0, NVIDIA H200, 119677 MiB, 143771 MiB, 100 %, 372.08 W
2026/08/14 06:25:12.457, 0, NVIDIA H200, 119677 MiB, 143771 MiB, 100 %, 270.13 W
2026/08/14 06:25:13.460, 0, NVIDIA H200, 119677 MiB, 143771 MiB, 100 %, 358.49 W
2026/08/14 06:25:14.462, 0, NVIDIA H200, 119677 MiB, 143771 MiB, 100 %, 361.58 W
2026/08/14 06:25:15.465, 0, NVIDIA H200, 119677 MiB, 143771 MiB, 100 %, 373.70 W
2026/08/14 06:25:16.468, 0, NVIDIA H200, 119677 MiB, 143771 MiB, 0 %, 289.52 W
2026/08/14 06:25:17.470, 0, NVIDIA H200, 119677 MiB, 143771 MiB, 0 %, 225.57 W
2026/08/14 06:25:18.474, 0, NVIDIA H200, 119677 MiB, 143771 MiB, 100 %, 222.58 W
2026/08/14 06:25:19.477, 0, NVIDIA H200, 119677 MiB, 143771 MiB, 100 %, 275.20 W
2026/08/14 06:25:20.479, 0, NVIDIA H200, 119677 MiB, 143771 MiB, 100 %, 352.52 W
2026/08/14 06:25:21.482, 0, NVIDIA H200, 119677 MiB, 143771 MiB, 100 %, 365.89 W
2026/08/14 06:25:22.484, 0, NVIDIA H200, 119677 MiB, 143771 MiB, 100 %, 364.84 W
2026/08/14 06:25:23.487, 0, NVIDIA H200, 119677 MiB, 143771 MiB, 100 %, 268.21 W
2026/08/14 06:25:24.489, 0, NVIDIA H200, 119677 MiB, 143771 MiB, 100 %, 357.80 W
2026/08/14 06:25:25.491, 0, NVIDIA H200, 119677 MiB, 143771 MiB, 100 %, 363.75 W
2026/08/14 06:25:26.494, 0, NVIDIA H200, 119677 MiB, 143771 MiB, 100 %, 353.08 W
2026/08/14 06:25:27.496, 0, NVIDIA H200, 119677 MiB, 143771 MiB, 100 %, 367.28 W
2026/08/14 06:25:28.499, 0, NVIDIA H200, 119677 MiB, 143771 MiB, 16 %, 270.62 W
2026/08/14 06:25:29.503, 0, NVIDIA H200, 119677 MiB, 143771 MiB, 0 %, 216.92 W
2026/08/14 06:25:30.506, 0, NVIDIA H200, 119677 MiB, 143771 MiB, 0 %, 219.14 W
2026/08/14 06:25:31.509, 0, NVIDIA H200, 119677 MiB, 143771 MiB, 100 %, 306.51 W
2026/08/14 06:25:32.511, 0, NVIDIA H200, 119677 MiB, 143771 MiB, 100 %, 363.20 W
2026/08/14 06:25:33.514, 0, NVIDIA H200, 119677 MiB, 143771 MiB, 100 %, 355.89 W
2026/08/14 06:25:34.516, 0, NVIDIA H200, 119677 MiB, 143771 MiB, 100 %, 358.76 W
2026/08/14 06:25:35.519, 0, NVIDIA H200, 119677 MiB, 143771 MiB, 100 %, 364.71 W
2026/08/14 06:25:36.521, 0, NVIDIA H200, 119677 MiB, 143771 MiB, 65 %, 274.82 W
2026/08/14 06:25:37.524, 0, NVIDIA H200, 119677 MiB, 143771 MiB, 100 %, 353.71 W
2026/08/14 06:25:38.526, 0, NVIDIA H200, 119677 MiB, 143771 MiB, 100 %, 356.78 W
2026/08/14 06:25:39.528, 0, NVIDIA H200, 119677 MiB, 143771 MiB, 100 %, 361.87 W
2026/08/14 06:25:40.543, 0, NVIDIA H200, 119677 MiB, 143771 MiB, 100 %, 379.21 W
2026/08/14 06:25:41.546, 0, NVIDIA H200, 119677 MiB, 143771 MiB, 0 %, 272.77 W
2026/08/14 06:25:42.548, 0, NVIDIA H200, 119677 MiB, 143771 MiB, 0 %, 228.19 W
2026/08/14 06:25:43.549, 0, NVIDIA H200, 119677 MiB, 143771 MiB, 49 %, 227.57 W
2026/08/14 06:25:44.551, 0, NVIDIA H200, 119677 MiB, 143771 MiB, 100 %, 261.30 W
2026/08/14 06:25:45.554, 0, NVIDIA H200, 119677 MiB, 143771 MiB, 100 %, 374.23 W
2026/08/14 06:25:46.557, 0, NVIDIA H200, 119677 MiB, 143771 MiB, 0 %, 274.95 W
2026/08/14 06:25:47.560, 0, NVIDIA H200, 119677 MiB, 143771 MiB, 0 %, 127.19 W
2026/08/14 06:25:48.562, 0, NVIDIA H200, 119677 MiB, 143771 MiB, 100 %, 354.82 W
2026/08/14 06:25:49.565, 0, NVIDIA H200, 119677 MiB, 143771 MiB, 100 %, 361.31 W
2026/08/14 06:25:50.567, 0, NVIDIA H200, 119677 MiB, 143771 MiB, 100 %, 363.29 W
2026/08/14 06:25:51.569, 0, NVIDIA H200, 119677 MiB, 143771 MiB, 100 %, 367.36 W
2026/08/14 06:25:52.572, 0, NVIDIA H200, 119677 MiB, 143771 MiB, 100 %, 247.74 W
2026/08/14 06:25:53.574, 0, NVIDIA H200, 119677 MiB, 143771 MiB, 10 %, 209.76 W
2026/08/14 06:25:54.577, 0, NVIDIA H200, 119677 MiB, 143771 MiB, 0 %, 193.64 W
2026/08/14 06:25:55.579, 0, NVIDIA H200, 119677 MiB, 143771 MiB, 100 %, 336.44 W
2026/08/14 06:25:56.582, 0, NVIDIA H200, 119677 MiB, 143771 MiB, 100 %, 356.32 W
2026/08/14 06:25:57.584, 0, NVIDIA H200, 119677 MiB, 143771 MiB, 100 %, 360.90 W
2026/08/14 06:25:58.587, 0, NVIDIA H200, 119677 MiB, 143771 MiB, 100 %, 359.74 W
2026/08/14 06:25:59.590, 0, NVIDIA H200, 119677 MiB, 143771 MiB, 100 %, 365.07 W
2026/08/14 06:26:00.593, 0, NVIDIA H200, 119677 MiB, 143771 MiB, 100 %, 338.12 W
2026/08/14 06:26:01.598, 0, NVIDIA H200, 119677 MiB, 143771 MiB, 0 %, 196.18 W
2026/08/14 06:26:02.600, 0, NVIDIA H200, 119677 MiB, 143771 MiB, 0 %, 214.56 W
2026/08/14 06:26:03.602, 0, NVIDIA H200, 119677 MiB, 143771 MiB, 53 %, 224.75 W
2026/08/14 06:26:04.605, 0, NVIDIA H200, 119677 MiB, 143771 MiB, 100 %, 377.87 W
2026/08/14 06:26:05.607, 0, NVIDIA H200, 119677 MiB, 143771 MiB, 100 %, 334.91 W
2026/08/14 06:26:06.616, 0, NVIDIA H200, 119677 MiB, 143771 MiB, 0 %, 252.93 W
2026/08/14 06:26:07.619, 0, NVIDIA H200, 119677 MiB, 143771 MiB, 0 %, 126.74 W
2026/08/14 06:26:08.622, 0, NVIDIA H200, 119677 MiB, 143771 MiB, 0 %, 126.09 W
2026/08/14 06:26:09.625, 0, NVIDIA H200, 119677 MiB, 143771 MiB, 0 %, 125.66 W
2026/08/14 06:26:10.628, 0, NVIDIA H200, 119677 MiB, 143771 MiB, 0 %, 125.50 W
2026/08/14 06:26:11.631, 0, NVIDIA H200, 119677 MiB, 143771 MiB, 0 %, 125.37 W
2026/08/14 06:26:12.633, 0, NVIDIA H200, 119677 MiB, 143771 MiB, 0 %, 125.30 W
2026/08/14 06:26:13.635, 0, NVIDIA H200, 119677 MiB, 143771 MiB, 0 %, 125.09 W
2026/08/14 06:26:14.638, 0, NVIDIA H200, 119677 MiB, 143771 MiB, 0 %, 125.04 W
2026/08/14 06:26:15.641, 0, NVIDIA H200, 119677 MiB, 143771 MiB, 0 %, 124.91 W
2026/08/14 06:26:16.644, 0, NVIDIA H200, 119677 MiB, 143771 MiB, 0 %, 124.84 W
2026/08/14 06:26:17.648, 0, NVIDIA H200, 119677 MiB, 143771 MiB, 0 %, 124.88 W
2026/08/14 06:26:18.650, 0, NVIDIA H200, 119677 MiB, 143771 MiB, 0 %, 124.83 W
2026/08/14 06:26:19.653, 0, NVIDIA H200, 119677 MiB, 143771 MiB, 0 %, 124.70 W
2026/08/14 06:26:20.655, 0, NVIDIA H200, 119677 MiB, 143771 MiB, 0 %, 124.62 W
2026/08/14 06:26:21.658, 0, NVIDIA H200, 119677 MiB, 143771 MiB, 0 %, 124.51 W
2026/08/14 06:26:22.662, 0, NVIDIA H200, 119677 MiB, 143771 MiB, 0 %, 124.43 W
2026/08/14 06:26:23.664, 0, NVIDIA H200, 119677 MiB, 143771 MiB, 0 %, 124.39 W
2026/08/14 06:26:24.666, 0, NVIDIA H200, 119677 MiB, 143771 MiB, 0 %, 124.35 W
2026/08/14 06:26:25.669, 0, NVIDIA H200, 119677 MiB, 143771 MiB, 0 %, 124.32 W
2026/08/14 06:26:26.672, 0, NVIDIA H200, 119677 MiB, 143771 MiB, 0 %, 124.28 W
2026/08/14 06:26:27.675, 0, NVIDIA H200, 119677 MiB, 143771 MiB, 0 %, 124.24 W
2026/08/14 06:26:28.678, 0, NVIDIA H200, 119677 MiB, 143771 MiB, 0 %, 124.18 W
2026/08/14 06:26:29.680, 0, NVIDIA H200, 119677 MiB, 143771 MiB, 0 %, 124.04 W
2026/08/14 06:26:30.683, 0, NVIDIA H200, 119677 MiB, 143771 MiB, 0 %, 124.09 W
2026/08/14 06:26:31.686, 0, NVIDIA H200, 119677 MiB, 143771 MiB, 0 %, 124.01 W
2026/08/14 06:26:32.688, 0, NVIDIA H200, 119677 MiB, 143771 MiB, 0 %, 124.02 W
2026/08/14 06:26:33.691, 0, NVIDIA H200, 119677 MiB, 143771 MiB, 0 %, 124.00 W
2026/08/14 06:26:34.694, 0, NVIDIA H200, 119677 MiB, 143771 MiB, 0 %, 123.98 W
2026/08/14 06:26:35.696, 0, NVIDIA H200, 119677 MiB, 143771 MiB, 0 %, 123.90 W
2026/08/14 06:26:36.699, 0, NVIDIA H200, 119677 MiB, 143771 MiB, 0 %, 123.90 W
2026/08/14 06:26:37.702, 0, NVIDIA H200, 119677 MiB, 143771 MiB, 0 %, 123.87 W
2026/08/14 06:26:38.704, 0, NVIDIA H200, 119677 MiB, 143771 MiB, 0 %, 123.81 W
2026/08/14 06:26:39.707, 0, NVIDIA H200, 119677 MiB, 143771 MiB, 0 %, 123.84 W
2026/08/14 06:26:40.710, 0, NVIDIA H200, 119677 MiB, 143771 MiB, 0 %, 123.81 W
2026/08/14 06:26:41.713, 0, NVIDIA H200, 119677 MiB, 143771 MiB, 0 %, 123.76 W
2026/08/14 06:26:42.716, 0, NVIDIA H200, 119677 MiB, 143771 MiB, 0 %, 123.69 W
2026/08/14 06:26:43.719, 0, NVIDIA H200, 119677 MiB, 143771 MiB, 0 %, 123.68 W
2026/08/14 06:26:44.723, 0, NVIDIA H200, 119677 MiB, 143771 MiB, 0 %, 123.61 W
2026/08/14 06:26:45.725, 0, NVIDIA H200, 119677 MiB, 143771 MiB, 0 %, 123.62 W
2026/08/14 06:26:46.727, 0, NVIDIA H200, 119677 MiB, 143771 MiB, 0 %, 123.58 W
2026/08/14 06:26:47.729, 0, NVIDIA H200, 119677 MiB, 143771 MiB, 0 %, 123.92 W
2026/08/14 06:26:48.737, 0, NVIDIA H200, 119677 MiB, 143771 MiB, 0 %, 124.17 W
2026/08/14 06:26:49.740, 0, NVIDIA H200, 119677 MiB, 143771 MiB, 0 %, 124.03 W
2026/08/14 06:26:50.750, 0, NVIDIA H200, 119677 MiB, 143771 MiB, 0 %, 124.07 W
2026/08/14 06:26:51.753, 0, NVIDIA H200, 119677 MiB, 143771 MiB, 0 %, 123.97 W
2026/08/14 06:26:52.758, 0, NVIDIA H200, 119677 MiB, 143771 MiB, 0 %, 124.05 W
2026/08/14 06:26:53.761, 0, NVIDIA H200, 119677 MiB, 143771 MiB, 0 %, 124.01 W
2026/08/14 06:26:54.771, 0, NVIDIA H200, 119677 MiB, 143771 MiB, 0 %, 124.00 W
2026/08/14 06:26:55.777, 0, NVIDIA H200, 119677 MiB, 143771 MiB, 0 %, 123.99 W
2026/08/14 06:26:56.782, 0, NVIDIA H200, 119677 MiB, 143771 MiB, 0 %, 123.98 W
2026/08/14 06:26:57.785, 0, NVIDIA H200, 119677 MiB, 143771 MiB, 0 %, 123.90 W
2026/08/14 06:26:58.791, 0, NVIDIA H200, 119677 MiB, 143771 MiB, 0 %, 123.95 W
2026/08/14 06:26:59.794, 0, NVIDIA H200, 119677 MiB, 143771 MiB, 0 %, 123.88 W
2026/08/14 06:27:00.799, 0, NVIDIA H200, 119677 MiB, 143771 MiB, 0 %, 123.90 W
2026/08/14 06:27:01.802, 0, NVIDIA H200, 119677 MiB, 143771 MiB, 0 %, 123.84 W
2026/08/14 06:27:02.808, 0, NVIDIA H200, 119677 MiB, 143771 MiB, 0 %, 123.89 W
2026/08/14 06:27:03.810, 0, NVIDIA H200, 119677 MiB, 143771 MiB, 0 %, 123.85 W
2026/08/14 06:27:04.815, 0, NVIDIA H200, 119677 MiB, 143771 MiB, 0 %, 123.85 W
2026/08/14 06:27:05.818, 0, NVIDIA H200, 119677 MiB, 143771 MiB, 0 %, 123.85 W
2026/08/14 06:27:06.824, 0, NVIDIA H200, 119677 MiB, 143771 MiB, 0 %, 123.88 W
2026/08/14 06:27:07.826, 0, NVIDIA H200, 119677 MiB, 143771 MiB, 0 %, 123.83 W
2026/08/14 06:27:08.831, 0, NVIDIA H200, 119677 MiB, 143771 MiB, 0 %, 123.89 W
2026/08/14 06:27:09.835, 0, NVIDIA H200, 119677 MiB, 143771 MiB, 0 %, 123.85 W
2026/08/14 06:27:10.851, 0, NVIDIA H200, 119677 MiB, 143771 MiB, 0 %, 123.83 W
2026/08/14 06:27:11.854, 0, NVIDIA H200, 119677 MiB, 143771 MiB, 0 %, 123.85 W
2026/08/14 06:27:12.858, 0, NVIDIA H200, 119677 MiB, 143771 MiB, 0 %, 123.85 W
2026/08/14 06:27:13.861, 0, NVIDIA H200, 119677 MiB, 143771 MiB, 0 %, 123.71 W
2026/08/14 06:27:14.866, 0, NVIDIA H200, 119677 MiB, 143771 MiB, 0 %, 123.40 W
2026/08/14 06:27:15.869, 0, NVIDIA H200, 119677 MiB, 143771 MiB, 0 %, 123.39 W
2026/08/14 06:27:16.872, 0, NVIDIA H200, 119677 MiB, 143771 MiB, 0 %, 123.39 W
2026/08/14 06:27:17.874, 0, NVIDIA H200, 119677 MiB, 143771 MiB, 0 %, 123.35 W
2026/08/14 06:27:18.877, 0, NVIDIA H200, 119677 MiB, 143771 MiB, 0 %, 123.34 W
2026/08/14 06:27:19.880, 0, NVIDIA H200, 119677 MiB, 143771 MiB, 0 %, 123.39 W
2026/08/14 06:27:20.883, 0, NVIDIA H200, 119677 MiB, 143771 MiB, 0 %, 123.36 W
2026/08/14 06:27:21.886, 0, NVIDIA H200, 119677 MiB, 143771 MiB, 0 %, 123.82 W
2026/08/14 06:27:22.888, 0, NVIDIA H200, 119677 MiB, 143771 MiB, 0 %, 123.82 W
2026/08/14 06:27:23.891, 0, NVIDIA H200, 119677 MiB, 143771 MiB, 0 %, 123.81 W
2026/08/14 06:27:24.893, 0, NVIDIA H200, 119677 MiB, 143771 MiB, 0 %, 123.69 W
2026/08/14 06:27:25.896, 0, NVIDIA H200, 119677 MiB, 143771 MiB, 0 %, 123.73 W
2026/08/14 06:27:26.899, 0, NVIDIA H200, 119677 MiB, 143771 MiB, 0 %, 123.75 W
2026/08/14 06:27:27.902, 0, NVIDIA H200, 119677 MiB, 143771 MiB, 0 %, 123.74 W
2026/08/14 06:27:28.905, 0, NVIDIA H200, 119677 MiB, 143771 MiB, 0 %, 123.75 W
2026/08/14 06:27:29.908, 0, NVIDIA H200, 119677 MiB, 143771 MiB, 0 %, 123.74 W
2026/08/14 06:27:30.912, 0, NVIDIA H200, 119677 MiB, 143771 MiB, 0 %, 123.75 W
2026/08/14 06:27:31.914, 0, NVIDIA H200, 119677 MiB, 143771 MiB, 0 %, 123.67 W
2026/08/14 06:27:32.917, 0, NVIDIA H200, 119677 MiB, 143771 MiB, 0 %, 123.69 W
2026/08/14 06:27:33.921, 0, NVIDIA H200, 119677 MiB, 143771 MiB, 0 %, 123.75 W
2026/08/14 06:27:34.926, 0, NVIDIA H200, 119677 MiB, 143771 MiB, 0 %, 123.74 W
2026/08/14 06:27:35.928, 0, NVIDIA H200, 119677 MiB, 143771 MiB, 0 %, 123.72 W
2026/08/14 06:27:36.934, 0, NVIDIA H200, 119677 MiB, 143771 MiB, 0 %, 123.75 W
2026/08/14 06:27:37.937, 0, NVIDIA H200, 119677 MiB, 143771 MiB, 0 %, 123.70 W
2026/08/14 06:27:38.940, 0, NVIDIA H200, 119677 MiB, 143771 MiB, 0 %, 123.73 W
2026/08/14 06:27:39.942, 0, NVIDIA H200, 119677 MiB, 143771 MiB, 0 %, 123.72 W
2026/08/14 06:27:40.945, 0, NVIDIA H200, 119677 MiB, 143771 MiB, 0 %, 123.69 W
2026/08/14 06:27:41.948, 0, NVIDIA H200, 119677 MiB, 143771 MiB, 0 %, 123.69 W
2026/08/14 06:27:42.954, 0, NVIDIA H200, 119677 MiB, 143771 MiB, 0 %, 123.70 W
2026/08/14 06:27:43.957, 0, NVIDIA H200, 119677 MiB, 143771 MiB, 0 %, 123.67 W
2026/08/14 06:27:44.962, 0, NVIDIA H200, 119677 MiB, 143771 MiB, 0 %, 123.66 W
2026/08/14 06:27:45.965, 0, NVIDIA H200, 119677 MiB, 143771 MiB, 0 %, 123.68 W
2026/08/14 06:27:46.971, 0, NVIDIA H200, 119677 MiB, 143771 MiB, 0 %, 123.65 W
2026/08/14 06:27:47.973, 0, NVIDIA H200, 119677 MiB, 143771 MiB, 0 %, 123.65 W
2026/08/14 06:27:48.978, 0, NVIDIA H200, 119677 MiB, 143771 MiB, 0 %, 123.70 W
2026/08/14 06:27:49.981, 0, NVIDIA H200, 119677 MiB, 143771 MiB, 0 %, 123.68 W
2026/08/14 06:27:50.985, 0, NVIDIA H200, 119677 MiB, 143771 MiB, 0 %, 123.64 W
2026/08/14 06:27:51.988, 0, NVIDIA H200, 119677 MiB, 143771 MiB, 0 %, 123.61 W
2026/08/14 06:27:52.999, 0, NVIDIA H200, 119677 MiB, 143771 MiB, 0 %, 123.60 W
2026/08/14 06:27:54.002, 0, NVIDIA H200, 119677 MiB, 143771 MiB, 0 %, 123.64 W
2026/08/14 06:27:55.018, 0, NVIDIA H200, 119677 MiB, 143771 MiB, 0 %, 123.65 W
2026/08/14 06:27:56.021, 0, NVIDIA H200, 119677 MiB, 143771 MiB, 0 %, 123.69 W
2026/08/14 06:27:57.024, 0, NVIDIA H200, 119677 MiB, 143771 MiB, 0 %, 123.66 W
2026/08/14 06:27:58.027, 0, NVIDIA H200, 119677 MiB, 143771 MiB, 0 %, 123.68 W
2026/08/14 06:27:59.030, 0, NVIDIA H200, 119677 MiB, 143771 MiB, 0 %, 123.68 W
2026/08/14 06:28:00.035, 0, NVIDIA H200, 119677 MiB, 143771 MiB, 0 %, 123.68 W
2026/08/14 06:28:01.037, 0, NVIDIA H200, 119677 MiB, 143771 MiB, 0 %, 123.72 W
2026/08/14 06:28:02.040, 0, NVIDIA H200, 119677 MiB, 143771 MiB, 0 %, 123.72 W
2026/08/14 06:28:03.044, 0, NVIDIA H200, 119677 MiB, 143771 MiB, 0 %, 123.78 W
2026/08/14 06:28:04.054, 0, NVIDIA H200, 119677 MiB, 143771 MiB, 0 %, 123.73 W
2026/08/14 06:28:05.056, 0, NVIDIA H200, 119677 MiB, 143771 MiB, 0 %, 123.70 W
2026/08/14 06:28:06.061, 0, NVIDIA H200, 119677 MiB, 143771 MiB, 0 %, 123.71 W
2026/08/14 06:28:07.068, 0, NVIDIA H200, 119677 MiB, 143771 MiB, 0 %, 123.72 W
2026/08/14 06:28:08.088, 0, NVIDIA H200, 119677 MiB, 143771 MiB, 0 %, 123.75 W
2026/08/14 06:28:09.099, 0, NVIDIA H200, 119677 MiB, 143771 MiB, 0 %, 123.79 W
2026/08/14 06:28:10.112, 0, NVIDIA H200, 119677 MiB, 143771 MiB, 0 %, 123.80 W
2026/08/14 06:28:11.123, 0, NVIDIA H200, 119677 MiB, 143771 MiB, 0 %, 123.78 W
2026/08/14 06:28:12.125, 0, NVIDIA H200, 119677 MiB, 143771 MiB, 0 %, 123.81 W
2026/08/14 06:28:13.138, 0, NVIDIA H200, 119677 MiB, 143771 MiB, 0 %, 123.77 W
2026/08/14 06:28:14.148, 0, NVIDIA H200, 119677 MiB, 143771 MiB, 0 %, 123.80 W
2026/08/14 06:28:15.157, 0, NVIDIA H200, 119677 MiB, 143771 MiB, 0 %, 123.80 W
2026/08/14 06:28:16.160, 0, NVIDIA H200, 119677 MiB, 143771 MiB, 0 %, 123.87 W
2026/08/14 06:28:17.167, 0, NVIDIA H200, 119677 MiB, 143771 MiB, 0 %, 123.83 W
2026/08/14 06:28:18.172, 0, NVIDIA H200, 119677 MiB, 143771 MiB, 0 %, 123.85 W
2026/08/14 06:28:19.174, 0, NVIDIA H200, 119677 MiB, 143771 MiB, 0 %, 123.80 W
2026/08/14 06:28:20.177, 0, NVIDIA H200, 119677 MiB, 143771 MiB, 0 %, 123.81 W
2026/08/14 06:28:21.180, 0, NVIDIA H200, 119677 MiB, 143771 MiB, 0 %, 123.79 W
2026/08/14 06:28:22.183, 0, NVIDIA H200, 119677 MiB, 143771 MiB, 0 %, 123.75 W
2026/08/14 06:28:23.187, 0, NVIDIA H200, 119677 MiB, 143771 MiB, 0 %, 123.83 W
2026/08/14 06:28:24.194, 0, NVIDIA H200, 119677 MiB, 143771 MiB, 0 %, 123.85 W
2026/08/14 06:28:25.197, 0, NVIDIA H200, 119677 MiB, 143771 MiB, 0 %, 123.81 W
2026/08/14 06:28:26.204, 0, NVIDIA H200, 119677 MiB, 143771 MiB, 0 %, 123.75 W
2026/08/14 06:28:27.206, 0, NVIDIA H200, 119677 MiB, 143771 MiB, 0 %, 123.77 W
2026/08/14 06:28:28.209, 0, NVIDIA H200, 119677 MiB, 143771 MiB, 0 %, 123.87 W
2026/08/14 06:28:29.212, 0, NVIDIA H200, 119677 MiB, 143771 MiB, 0 %, 123.86 W
2026/08/14 06:28:30.216, 0, NVIDIA H200, 119677 MiB, 143771 MiB, 0 %, 123.93 W
2026/08/14 06:28:31.220, 0, NVIDIA H200, 119677 MiB, 143771 MiB, 0 %, 123.95 W
2026/08/14 06:28:32.222, 0, NVIDIA H200, 119677 MiB, 143771 MiB, 0 %, 123.97 W
2026/08/14 06:28:33.226, 0, NVIDIA H200, 119677 MiB, 143771 MiB, 0 %, 123.95 W
2026/08/14 06:28:34.228, 0, NVIDIA H200, 119677 MiB, 143771 MiB, 0 %, 123.95 W
2026/08/14 06:28:35.231, 0, NVIDIA H200, 119677 MiB, 143771 MiB, 0 %, 123.96 W
2026/08/14 06:28:36.266, 0, NVIDIA H200, 119677 MiB, 143771 MiB, 0 %, 123.96 W
2026/08/14 06:28:37.270, 0, NVIDIA H200, 119677 MiB, 143771 MiB, 0 %, 124.00 W
2026/08/14 06:28:38.272, 0, NVIDIA H200, 119677 MiB, 143771 MiB, 0 %, 124.03 W
2026/08/14 06:28:39.281, 0, NVIDIA H200, 119677 MiB, 143771 MiB, 0 %, 124.02 W
2026/08/14 06:28:40.294, 0, NVIDIA H200, 119677 MiB, 143771 MiB, 0 %, 124.02 W
2026/08/14 06:28:41.298, 0, NVIDIA H200, 119677 MiB, 143771 MiB, 0 %, 124.04 W
2026/08/14 06:28:42.308, 0, NVIDIA H200, 119677 MiB, 143771 MiB, 0 %, 124.02 W
2026/08/14 06:28:43.332, 0, NVIDIA H200, 119677 MiB, 143771 MiB, 0 %, 124.00 W
2026/08/14 06:28:44.336, 0, NVIDIA H200, 119677 MiB, 143771 MiB, 0 %, 124.06 W
2026/08/14 06:28:45.338, 0, NVIDIA H200, 119677 MiB, 143771 MiB, 0 %, 124.04 W
2026/08/14 06:28:46.342, 0, NVIDIA H200, 119677 MiB, 143771 MiB, 0 %, 124.03 W
2026/08/14 06:28:47.344, 0, NVIDIA H200, 119677 MiB, 143771 MiB, 0 %, 123.97 W
2026/08/14 06:28:48.346, 0, NVIDIA H200, 119677 MiB, 143771 MiB, 0 %, 124.01 W
2026/08/14 06:28:49.350, 0, NVIDIA H200, 119677 MiB, 143771 MiB, 0 %, 123.98 W
2026/08/14 06:28:50.360, 0, NVIDIA H200, 119677 MiB, 143771 MiB, 0 %, 124.03 W
2026/08/14 06:28:51.362, 0, NVIDIA H200, 119677 MiB, 143771 MiB, 0 %, 124.04 W
2026/08/14 06:28:52.370, 0, NVIDIA H200, 119677 MiB, 143771 MiB, 0 %, 124.08 W
2026/08/14 06:28:53.373, 0, NVIDIA H200, 119677 MiB, 143771 MiB, 0 %, 124.01 W
2026/08/14 06:28:54.390, 0, NVIDIA H200, 119677 MiB, 143771 MiB, 0 %, 123.91 W
2026/08/14 06:28:55.490, 0, NVIDIA H200, 119677 MiB, 143771 MiB, 0 %, 124.01 W
2026/08/14 06:28:56.492, 0, NVIDIA H200, 119677 MiB, 143771 MiB, 0 %, 123.97 W
2026/08/14 06:28:57.501, 0, NVIDIA H200, 119677 MiB, 143771 MiB, 0 %, 123.98 W
2026/08/14 06:28:58.503, 0, NVIDIA H200, 119677 MiB, 143771 MiB, 0 %, 124.00 W
2026/08/14 06:28:59.506, 0, NVIDIA H200, 119677 MiB, 143771 MiB, 0 %, 123.94 W
2026/08/14 06:29:00.508, 0, NVIDIA H200, 119677 MiB, 143771 MiB, 0 %, 124.01 W
2026/08/14 06:29:01.511, 0, NVIDIA H200, 119677 MiB, 143771 MiB, 0 %, 124.01 W
