timestamp, index, name, memory.used [MiB], memory.total [MiB], utilization.gpu [%], power.draw [W]
2026/08/14 05:49:11.857, 0, NVIDIA H200, 4 MiB, 143771 MiB, 0 %, 78.16 W
2026/08/14 05:49:12.867, 0, NVIDIA H200, 4 MiB, 143771 MiB, 0 %, 78.64 W
2026/08/14 05:49:13.872, 0, NVIDIA H200, 4 MiB, 143771 MiB, 0 %, 79.05 W
2026/08/14 05:49:14.875, 0, NVIDIA H200, 4 MiB, 143771 MiB, 0 %, 78.88 W
2026/08/14 05:49:15.878, 0, NVIDIA H200, 4 MiB, 143771 MiB, 0 %, 78.59 W
2026/08/14 05:49:16.881, 0, NVIDIA H200, 4 MiB, 143771 MiB, 0 %, 78.16 W
2026/08/14 05:49:17.883, 0, NVIDIA H200, 4 MiB, 143771 MiB, 0 %, 77.96 W
2026/08/14 05:49:18.885, 0, NVIDIA H200, 4 MiB, 143771 MiB, 0 %, 77.93 W
2026/08/14 05:49:19.887, 0, NVIDIA H200, 4 MiB, 143771 MiB, 0 %, 78.02 W
2026/08/14 05:49:20.890, 0, NVIDIA H200, 4 MiB, 143771 MiB, 0 %, 78.09 W
2026/08/14 05:49:21.892, 0, NVIDIA H200, 4 MiB, 143771 MiB, 0 %, 78.04 W
2026/08/14 05:49:22.894, 0, NVIDIA H200, 4 MiB, 143771 MiB, 0 %, 78.03 W
2026/08/14 05:49:23.896, 0, NVIDIA H200, 4 MiB, 143771 MiB, 0 %, 78.21 W
2026/08/14 05:49:24.898, 0, NVIDIA H200, 4 MiB, 143771 MiB, 0 %, 78.75 W
2026/08/14 05:49:25.901, 0, NVIDIA H200, 4 MiB, 143771 MiB, 0 %, 79.05 W
2026/08/14 05:49:26.903, 0, NVIDIA H200, 4 MiB, 143771 MiB, 0 %, 78.93 W
2026/08/14 05:49:27.905, 0, NVIDIA H200, 4 MiB, 143771 MiB, 0 %, 78.36 W
2026/08/14 05:49:28.908, 0, NVIDIA H200, 4 MiB, 143771 MiB, 0 %, 78.01 W
2026/08/14 05:49:29.913, 0, NVIDIA H200, 4 MiB, 143771 MiB, 0 %, 77.87 W
2026/08/14 05:49:30.916, 0, NVIDIA H200, 4 MiB, 143771 MiB, 0 %, 77.95 W
2026/08/14 05:49:31.919, 0, NVIDIA H200, 4 MiB, 143771 MiB, 0 %, 78.10 W
2026/08/14 05:49:32.923, 0, NVIDIA H200, 4 MiB, 143771 MiB, 0 %, 78.10 W
2026/08/14 05:49:33.925, 0, NVIDIA H200, 4 MiB, 143771 MiB, 0 %, 78.04 W
2026/08/14 05:49:34.928, 0, NVIDIA H200, 4 MiB, 143771 MiB, 0 %, 78.03 W
2026/08/14 05:49:35.930, 0, NVIDIA H200, 4 MiB, 143771 MiB, 0 %, 78.29 W
2026/08/14 05:49:36.933, 0, NVIDIA H200, 4 MiB, 143771 MiB, 0 %, 78.76 W
2026/08/14 05:49:37.937, 0, NVIDIA H200, 4 MiB, 143771 MiB, 0 %, 79.03 W
2026/08/14 05:49:38.939, 0, NVIDIA H200, 4 MiB, 143771 MiB, 0 %, 78.92 W
2026/08/14 05:49:39.943, 0, NVIDIA H200, 4 MiB, 143771 MiB, 0 %, 78.50 W
2026/08/14 05:49:40.949, 0, NVIDIA H200, 4 MiB, 143771 MiB, 0 %, 77.99 W
2026/08/14 05:49:41.952, 0, NVIDIA H200, 4 MiB, 143771 MiB, 0 %, 77.92 W
2026/08/14 05:49:42.963, 0, NVIDIA H200, 4 MiB, 143771 MiB, 0 %, 77.93 W
2026/08/14 05:49:43.966, 0, NVIDIA H200, 4 MiB, 143771 MiB, 0 %, 78.07 W
2026/08/14 05:49:44.972, 0, NVIDIA H200, 4 MiB, 143771 MiB, 0 %, 78.12 W
2026/08/14 05:49:45.975, 0, NVIDIA H200, 4 MiB, 143771 MiB, 0 %, 78.03 W
2026/08/14 05:49:46.978, 0, NVIDIA H200, 4 MiB, 143771 MiB, 0 %, 78.06 W
2026/08/14 05:49:47.981, 0, NVIDIA H200, 4 MiB, 143771 MiB, 0 %, 78.28 W
2026/08/14 05:49:48.986, 0, NVIDIA H200, 4 MiB, 143771 MiB, 0 %, 78.79 W
2026/08/14 05:49:49.990, 0, NVIDIA H200, 4 MiB, 143771 MiB, 0 %, 78.98 W
2026/08/14 05:49:50.993, 0, NVIDIA H200, 4 MiB, 143771 MiB, 0 %, 78.85 W
2026/08/14 05:49:51.995, 0, NVIDIA H200, 4 MiB, 143771 MiB, 0 %, 78.34 W
2026/08/14 05:49:52.998, 0, NVIDIA H200, 4 MiB, 143771 MiB, 0 %, 78.06 W
2026/08/14 05:49:54.002, 0, NVIDIA H200, 4 MiB, 143771 MiB, 0 %, 77.84 W
2026/08/14 05:49:55.008, 0, NVIDIA H200, 4 MiB, 143771 MiB, 0 %, 77.91 W
2026/08/14 05:49:56.012, 0, NVIDIA H200, 4 MiB, 143771 MiB, 0 %, 78.04 W
2026/08/14 05:49:57.015, 0, NVIDIA H200, 4 MiB, 143771 MiB, 0 %, 78.03 W
2026/08/14 05:49:58.018, 0, NVIDIA H200, 4 MiB, 143771 MiB, 0 %, 78.03 W
2026/08/14 05:49:59.021, 0, NVIDIA H200, 4 MiB, 143771 MiB, 0 %, 78.02 W
2026/08/14 05:50:00.024, 0, NVIDIA H200, 4 MiB, 143771 MiB, 0 %, 78.39 W
2026/08/14 05:50:01.027, 0, NVIDIA H200, 4 MiB, 143771 MiB, 0 %, 78.86 W
2026/08/14 05:50:02.031, 0, NVIDIA H200, 4 MiB, 143771 MiB, 0 %, 78.96 W
2026/08/14 05:50:03.033, 0, NVIDIA H200, 4 MiB, 143771 MiB, 0 %, 78.70 W
2026/08/14 05:50:04.036, 0, NVIDIA H200, 4 MiB, 143771 MiB, 0 %, 78.26 W
2026/08/14 05:50:05.039, 0, NVIDIA H200, 4 MiB, 143771 MiB, 0 %, 77.97 W
2026/08/14 05:50:06.042, 0, NVIDIA H200, 4 MiB, 143771 MiB, 0 %, 77.87 W
2026/08/14 05:50:07.046, 0, NVIDIA H200, 4 MiB, 143771 MiB, 0 %, 77.91 W
2026/08/14 05:50:08.049, 0, NVIDIA H200, 4 MiB, 143771 MiB, 0 %, 78.10 W
2026/08/14 05:50:09.053, 0, NVIDIA H200, 4 MiB, 143771 MiB, 0 %, 78.10 W
2026/08/14 05:50:10.056, 0, NVIDIA H200, 4 MiB, 143771 MiB, 0 %, 78.00 W
2026/08/14 05:50:11.058, 0, NVIDIA H200, 4 MiB, 143771 MiB, 0 %, 78.09 W
2026/08/14 05:50:12.061, 0, NVIDIA H200, 4 MiB, 143771 MiB, 0 %, 78.46 W
2026/08/14 05:50:13.064, 0, NVIDIA H200, 723 MiB, 143771 MiB, 0 %, 108.65 W
2026/08/14 05:50:14.067, 0, NVIDIA H200, 64867 MiB, 143771 MiB, 1 %, 119.24 W
2026/08/14 05:50:15.070, 0, NVIDIA H200, 64867 MiB, 143771 MiB, 5 %, 118.98 W
2026/08/14 05:50:16.073, 0, NVIDIA H200, 64867 MiB, 143771 MiB, 5 %, 118.79 W
2026/08/14 05:50:17.077, 0, NVIDIA H200, 64867 MiB, 143771 MiB, 1 %, 118.45 W
2026/08/14 05:50:18.082, 0, NVIDIA H200, 64867 MiB, 143771 MiB, 4 %, 118.48 W
2026/08/14 05:50:19.084, 0, NVIDIA H200, 64867 MiB, 143771 MiB, 4 %, 118.55 W
2026/08/14 05:50:20.088, 0, NVIDIA H200, 64867 MiB, 143771 MiB, 4 %, 118.61 W
2026/08/14 05:50:21.091, 0, NVIDIA H200, 64867 MiB, 143771 MiB, 4 %, 118.71 W
2026/08/14 05:50:22.094, 0, NVIDIA H200, 64867 MiB, 143771 MiB, 4 %, 118.68 W
2026/08/14 05:50:23.098, 0, NVIDIA H200, 64867 MiB, 143771 MiB, 4 %, 118.78 W
2026/08/14 05:50:24.101, 0, NVIDIA H200, 64867 MiB, 143771 MiB, 4 %, 119.42 W
2026/08/14 05:50:25.103, 0, NVIDIA H200, 64867 MiB, 143771 MiB, 3 %, 119.76 W
2026/08/14 05:50:26.107, 0, NVIDIA H200, 64867 MiB, 143771 MiB, 4 %, 119.46 W
2026/08/14 05:50:27.129, 0, NVIDIA H200, 64867 MiB, 143771 MiB, 4 %, 119.03 W
2026/08/14 05:50:28.134, 0, NVIDIA H200, 64867 MiB, 143771 MiB, 4 %, 118.74 W
2026/08/14 05:50:29.138, 0, NVIDIA H200, 64867 MiB, 143771 MiB, 4 %, 118.59 W
2026/08/14 05:50:30.141, 0, NVIDIA H200, 64867 MiB, 143771 MiB, 4 %, 118.86 W
2026/08/14 05:50:31.145, 0, NVIDIA H200, 64867 MiB, 143771 MiB, 4 %, 118.94 W
2026/08/14 05:50:32.149, 0, NVIDIA H200, 64867 MiB, 143771 MiB, 4 %, 118.80 W
2026/08/14 05:50:33.152, 0, NVIDIA H200, 64867 MiB, 143771 MiB, 4 %, 119.01 W
2026/08/14 05:50:34.156, 0, NVIDIA H200, 64867 MiB, 143771 MiB, 0 %, 119.48 W
2026/08/14 05:50:35.158, 0, NVIDIA H200, 64867 MiB, 143771 MiB, 4 %, 119.80 W
2026/08/14 05:50:36.162, 0, NVIDIA H200, 64867 MiB, 143771 MiB, 4 %, 119.57 W
2026/08/14 05:50:37.165, 0, NVIDIA H200, 64867 MiB, 143771 MiB, 4 %, 118.93 W
2026/08/14 05:50:38.169, 0, NVIDIA H200, 64867 MiB, 143771 MiB, 4 %, 118.70 W
2026/08/14 05:50:39.171, 0, NVIDIA H200, 64867 MiB, 143771 MiB, 4 %, 118.66 W
2026/08/14 05:50:40.175, 0, NVIDIA H200, 64867 MiB, 143771 MiB, 3 %, 118.54 W
2026/08/14 05:50:41.181, 0, NVIDIA H200, 64867 MiB, 143771 MiB, 3 %, 118.51 W
2026/08/14 05:50:42.186, 0, NVIDIA H200, 64867 MiB, 143771 MiB, 2 %, 118.43 W
2026/08/14 05:50:43.189, 0, NVIDIA H200, 64867 MiB, 143771 MiB, 4 %, 118.80 W
2026/08/14 05:50:44.194, 0, NVIDIA H200, 64867 MiB, 143771 MiB, 2 %, 119.25 W
2026/08/14 05:50:45.197, 0, NVIDIA H200, 64867 MiB, 143771 MiB, 2 %, 119.31 W
2026/08/14 05:50:46.200, 0, NVIDIA H200, 64867 MiB, 143771 MiB, 4 %, 118.81 W
2026/08/14 05:50:47.203, 0, NVIDIA H200, 64867 MiB, 143771 MiB, 2 %, 118.33 W
2026/08/14 05:50:48.206, 0, NVIDIA H200, 64867 MiB, 143771 MiB, 3 %, 118.31 W
2026/08/14 05:50:49.209, 0, NVIDIA H200, 64867 MiB, 143771 MiB, 3 %, 118.50 W
2026/08/14 05:50:50.212, 0, NVIDIA H200, 64867 MiB, 143771 MiB, 3 %, 118.52 W
2026/08/14 05:50:51.214, 0, NVIDIA H200, 64867 MiB, 143771 MiB, 4 %, 118.43 W
2026/08/14 05:50:52.218, 0, NVIDIA H200, 64867 MiB, 143771 MiB, 4 %, 118.75 W
2026/08/14 05:50:53.221, 0, NVIDIA H200, 64867 MiB, 143771 MiB, 4 %, 119.46 W
2026/08/14 05:50:54.224, 0, NVIDIA H200, 64867 MiB, 143771 MiB, 0 %, 119.28 W
2026/08/14 05:50:55.349, 0, NVIDIA H200, 64611 MiB, 143771 MiB, 0 %, 118.55 W
2026/08/14 05:50:56.352, 0, NVIDIA H200, 64611 MiB, 143771 MiB, 0 %, 118.04 W
2026/08/14 05:50:57.356, 0, NVIDIA H200, 64611 MiB, 143771 MiB, 0 %, 117.97 W
2026/08/14 05:50:58.359, 0, NVIDIA H200, 64611 MiB, 143771 MiB, 0 %, 118.12 W
2026/08/14 05:50:59.362, 0, NVIDIA H200, 64611 MiB, 143771 MiB, 0 %, 118.13 W
2026/08/14 05:51:00.366, 0, NVIDIA H200, 64611 MiB, 143771 MiB, 0 %, 118.10 W
2026/08/14 05:51:01.384, 0, NVIDIA H200, 64611 MiB, 143771 MiB, 0 %, 118.29 W
2026/08/14 05:51:02.387, 0, NVIDIA H200, 64611 MiB, 143771 MiB, 0 %, 118.82 W
2026/08/14 05:51:03.391, 0, NVIDIA H200, 64611 MiB, 143771 MiB, 0 %, 119.23 W
2026/08/14 05:51:04.394, 0, NVIDIA H200, 64611 MiB, 143771 MiB, 0 %, 118.84 W
2026/08/14 05:51:05.399, 0, NVIDIA H200, 64611 MiB, 143771 MiB, 0 %, 118.30 W
2026/08/14 05:51:06.402, 0, NVIDIA H200, 64611 MiB, 143771 MiB, 0 %, 118.14 W
2026/08/14 05:51:07.405, 0, NVIDIA H200, 64611 MiB, 143771 MiB, 0 %, 118.21 W
2026/08/14 05:51:08.408, 0, NVIDIA H200, 64611 MiB, 143771 MiB, 0 %, 118.32 W
2026/08/14 05:51:09.411, 0, NVIDIA H200, 64611 MiB, 143771 MiB, 0 %, 118.28 W
2026/08/14 05:51:10.414, 0, NVIDIA H200, 64611 MiB, 143771 MiB, 0 %, 118.51 W
2026/08/14 05:51:11.418, 0, NVIDIA H200, 64611 MiB, 143771 MiB, 0 %, 119.17 W
2026/08/14 05:51:12.421, 0, NVIDIA H200, 64611 MiB, 143771 MiB, 0 %, 119.37 W
2026/08/14 05:51:13.426, 0, NVIDIA H200, 64611 MiB, 143771 MiB, 0 %, 118.79 W
2026/08/14 05:51:14.428, 0, NVIDIA H200, 64611 MiB, 143771 MiB, 0 %, 118.31 W
2026/08/14 05:51:15.433, 0, NVIDIA H200, 64739 MiB, 143771 MiB, 0 %, 118.25 W
2026/08/14 05:51:16.436, 0, NVIDIA H200, 64799 MiB, 143771 MiB, 0 %, 147.78 W
2026/08/14 05:51:17.439, 0, NVIDIA H200, 64803 MiB, 143771 MiB, 61 %, 145.40 W
2026/08/14 05:51:18.443, 0, NVIDIA H200, 65055 MiB, 143771 MiB, 1 %, 140.69 W
2026/08/14 05:51:19.445, 0, NVIDIA H200, 64611 MiB, 143771 MiB, 0 %, 139.41 W
2026/08/14 05:51:20.449, 0, NVIDIA H200, 64613 MiB, 143771 MiB, 0 %, 120.21 W
2026/08/14 05:51:21.451, 0, NVIDIA H200, 65069 MiB, 143771 MiB, 0 %, 122.89 W
2026/08/14 05:51:22.453, 0, NVIDIA H200, 65069 MiB, 143771 MiB, 0 %, 152.57 W
2026/08/14 05:51:23.456, 0, NVIDIA H200, 65069 MiB, 143771 MiB, 0 %, 119.13 W
2026/08/14 05:51:24.459, 0, NVIDIA H200, 65069 MiB, 143771 MiB, 0 %, 119.49 W
2026/08/14 05:51:25.463, 0, NVIDIA H200, 65069 MiB, 143771 MiB, 0 %, 119.25 W
2026/08/14 05:51:26.467, 0, NVIDIA H200, 65129 MiB, 143771 MiB, 0 %, 217.92 W
2026/08/14 05:51:27.470, 0, NVIDIA H200, 65129 MiB, 143771 MiB, 0 %, 120.13 W
2026/08/14 05:51:28.473, 0, NVIDIA H200, 65129 MiB, 143771 MiB, 0 %, 140.62 W
2026/08/14 05:51:29.477, 0, NVIDIA H200, 65129 MiB, 143771 MiB, 0 %, 119.79 W
2026/08/14 05:51:30.480, 0, NVIDIA H200, 65129 MiB, 143771 MiB, 0 %, 119.35 W
2026/08/14 05:51:31.483, 0, NVIDIA H200, 65129 MiB, 143771 MiB, 0 %, 132.28 W
2026/08/14 05:51:32.487, 0, NVIDIA H200, 64613 MiB, 143771 MiB, 0 %, 218.85 W
2026/08/14 05:51:33.490, 0, NVIDIA H200, 64613 MiB, 143771 MiB, 0 %, 119.47 W
2026/08/14 05:51:34.493, 0, NVIDIA H200, 64613 MiB, 143771 MiB, 0 %, 119.76 W
2026/08/14 05:51:35.496, 0, NVIDIA H200, 64613 MiB, 143771 MiB, 0 %, 120.31 W
2026/08/14 05:51:36.499, 0, NVIDIA H200, 65411 MiB, 143771 MiB, 97 %, 250.32 W
2026/08/14 05:51:37.502, 0, NVIDIA H200, 65411 MiB, 143771 MiB, 0 %, 119.96 W
2026/08/14 05:51:38.505, 0, NVIDIA H200, 65411 MiB, 143771 MiB, 0 %, 119.64 W
2026/08/14 05:51:39.508, 0, NVIDIA H200, 65411 MiB, 143771 MiB, 0 %, 119.57 W
2026/08/14 05:51:40.511, 0, NVIDIA H200, 65411 MiB, 143771 MiB, 0 %, 167.41 W
2026/08/14 05:51:41.514, 0, NVIDIA H200, 65411 MiB, 143771 MiB, 0 %, 120.08 W
2026/08/14 05:51:42.517, 0, NVIDIA H200, 65411 MiB, 143771 MiB, 0 %, 120.36 W
2026/08/14 05:51:43.520, 0, NVIDIA H200, 65411 MiB, 143771 MiB, 0 %, 119.61 W
2026/08/14 05:51:44.523, 0, NVIDIA H200, 65411 MiB, 143771 MiB, 61 %, 163.17 W
2026/08/14 05:51:45.525, 0, NVIDIA H200, 65411 MiB, 143771 MiB, 0 %, 119.38 W
2026/08/14 05:51:46.528, 0, NVIDIA H200, 65411 MiB, 143771 MiB, 0 %, 119.28 W
2026/08/14 05:51:47.531, 0, NVIDIA H200, 65411 MiB, 143771 MiB, 0 %, 149.94 W
2026/08/14 05:51:48.534, 0, NVIDIA H200, 65411 MiB, 143771 MiB, 0 %, 120.03 W
2026/08/14 05:51:49.538, 0, NVIDIA H200, 65411 MiB, 143771 MiB, 0 %, 128.22 W
2026/08/14 05:51:50.541, 0, NVIDIA H200, 65411 MiB, 143771 MiB, 0 %, 119.19 W
2026/08/14 05:51:51.556, 0, NVIDIA H200, 65411 MiB, 143771 MiB, 0 %, 118.98 W
2026/08/14 05:51:52.558, 0, NVIDIA H200, 65411 MiB, 143771 MiB, 0 %, 119.09 W
2026/08/14 05:51:53.561, 0, NVIDIA H200, 65411 MiB, 143771 MiB, 0 %, 119.01 W
2026/08/14 05:51:54.563, 0, NVIDIA H200, 65411 MiB, 143771 MiB, 0 %, 119.31 W
2026/08/14 05:51:55.565, 0, NVIDIA H200, 65829 MiB, 143771 MiB, 0 %, 143.49 W
2026/08/14 05:51:56.568, 0, NVIDIA H200, 66117 MiB, 143771 MiB, 0 %, 187.26 W
2026/08/14 05:51:57.571, 0, NVIDIA H200, 66117 MiB, 143771 MiB, 0 %, 119.15 W
2026/08/14 05:51:58.574, 0, NVIDIA H200, 66117 MiB, 143771 MiB, 0 %, 119.15 W
2026/08/14 05:51:59.578, 0, NVIDIA H200, 66117 MiB, 143771 MiB, 1 %, 119.17 W
2026/08/14 05:52:00.581, 0, NVIDIA H200, 65299 MiB, 143771 MiB, 0 %, 119.29 W
2026/08/14 05:52:01.584, 0, NVIDIA H200, 65385 MiB, 143771 MiB, 2 %, 121.53 W
2026/08/14 05:52:02.587, 0, NVIDIA H200, 65425 MiB, 143771 MiB, 0 %, 122.69 W
2026/08/14 05:52:03.590, 0, NVIDIA H200, 117149 MiB, 143771 MiB, 0 %, 124.22 W
2026/08/14 05:52:04.592, 0, NVIDIA H200, 118045 MiB, 143771 MiB, 0 %, 183.67 W
2026/08/14 05:52:05.595, 0, NVIDIA H200, 117225 MiB, 143771 MiB, 0 %, 125.43 W
2026/08/14 05:52:06.599, 0, NVIDIA H200, 117273 MiB, 143771 MiB, 7 %, 123.72 W
2026/08/14 05:52:07.602, 0, NVIDIA H200, 117281 MiB, 143771 MiB, 0 %, 120.94 W
2026/08/14 05:52:08.604, 0, NVIDIA H200, 117281 MiB, 143771 MiB, 0 %, 119.66 W
2026/08/14 05:52:09.607, 0, NVIDIA H200, 117281 MiB, 143771 MiB, 0 %, 119.66 W
2026/08/14 05:52:10.609, 0, NVIDIA H200, 117281 MiB, 143771 MiB, 0 %, 119.03 W
2026/08/14 05:52:11.612, 0, NVIDIA H200, 117281 MiB, 143771 MiB, 0 %, 118.81 W
2026/08/14 05:52:12.614, 0, NVIDIA H200, 117281 MiB, 143771 MiB, 0 %, 118.95 W
2026/08/14 05:52:13.617, 0, NVIDIA H200, 117285 MiB, 143771 MiB, 58 %, 151.78 W
2026/08/14 05:52:14.619, 0, NVIDIA H200, 117287 MiB, 143771 MiB, 100 %, 153.16 W
2026/08/14 05:52:15.621, 0, NVIDIA H200, 117693 MiB, 143771 MiB, 0 %, 123.57 W
2026/08/14 05:52:16.624, 0, NVIDIA H200, 117693 MiB, 143771 MiB, 64 %, 237.43 W
2026/08/14 05:52:17.627, 0, NVIDIA H200, 117693 MiB, 143771 MiB, 0 %, 120.98 W
2026/08/14 05:52:18.629, 0, NVIDIA H200, 117693 MiB, 143771 MiB, 100 %, 231.01 W
2026/08/14 05:52:19.634, 0, NVIDIA H200, 117693 MiB, 143771 MiB, 100 %, 312.09 W
2026/08/14 05:52:20.638, 0, NVIDIA H200, 117693 MiB, 143771 MiB, 100 %, 312.27 W
2026/08/14 05:52:21.642, 0, NVIDIA H200, 117693 MiB, 143771 MiB, 100 %, 313.07 W
2026/08/14 05:52:22.647, 0, NVIDIA H200, 117693 MiB, 143771 MiB, 100 %, 225.90 W
2026/08/14 05:52:23.649, 0, NVIDIA H200, 117693 MiB, 143771 MiB, 100 %, 314.46 W
2026/08/14 05:52:24.654, 0, NVIDIA H200, 117693 MiB, 143771 MiB, 100 %, 311.42 W
2026/08/14 05:52:25.657, 0, NVIDIA H200, 117693 MiB, 143771 MiB, 100 %, 313.77 W
2026/08/14 05:52:26.662, 0, NVIDIA H200, 117693 MiB, 143771 MiB, 100 %, 315.30 W
2026/08/14 05:52:27.665, 0, NVIDIA H200, 117693 MiB, 143771 MiB, 100 %, 315.86 W
2026/08/14 05:52:28.670, 0, NVIDIA H200, 117693 MiB, 143771 MiB, 100 %, 315.36 W
2026/08/14 05:52:29.673, 0, NVIDIA H200, 117693 MiB, 143771 MiB, 100 %, 316.08 W
2026/08/14 05:52:30.678, 0, NVIDIA H200, 117693 MiB, 143771 MiB, 100 %, 316.56 W
2026/08/14 05:52:31.681, 0, NVIDIA H200, 117693 MiB, 143771 MiB, 100 %, 317.62 W
2026/08/14 05:52:32.685, 0, NVIDIA H200, 117693 MiB, 143771 MiB, 100 %, 317.46 W
2026/08/14 05:52:33.687, 0, NVIDIA H200, 117693 MiB, 143771 MiB, 100 %, 317.06 W
2026/08/14 05:52:34.690, 0, NVIDIA H200, 117693 MiB, 143771 MiB, 100 %, 318.33 W
2026/08/14 05:52:35.693, 0, NVIDIA H200, 117693 MiB, 143771 MiB, 100 %, 318.97 W
2026/08/14 05:52:36.695, 0, NVIDIA H200, 117693 MiB, 143771 MiB, 100 %, 319.66 W
2026/08/14 05:52:37.698, 0, NVIDIA H200, 117693 MiB, 143771 MiB, 100 %, 319.26 W
2026/08/14 05:52:38.701, 0, NVIDIA H200, 117693 MiB, 143771 MiB, 100 %, 321.68 W
2026/08/14 05:52:39.703, 0, NVIDIA H200, 117693 MiB, 143771 MiB, 100 %, 324.35 W
2026/08/14 05:52:40.705, 0, NVIDIA H200, 117693 MiB, 143771 MiB, 100 %, 323.92 W
2026/08/14 05:52:41.708, 0, NVIDIA H200, 117693 MiB, 143771 MiB, 100 %, 323.97 W
2026/08/14 05:52:42.711, 0, NVIDIA H200, 117693 MiB, 143771 MiB, 100 %, 325.32 W
2026/08/14 05:52:43.714, 0, NVIDIA H200, 117693 MiB, 143771 MiB, 100 %, 327.64 W
2026/08/14 05:52:44.717, 0, NVIDIA H200, 117693 MiB, 143771 MiB, 100 %, 327.17 W
2026/08/14 05:52:45.719, 0, NVIDIA H200, 117693 MiB, 143771 MiB, 0 %, 260.57 W
2026/08/14 05:52:46.723, 0, NVIDIA H200, 117693 MiB, 143771 MiB, 100 %, 193.40 W
2026/08/14 05:52:47.725, 0, NVIDIA H200, 117693 MiB, 143771 MiB, 0 %, 171.12 W
2026/08/14 05:52:48.729, 0, NVIDIA H200, 117693 MiB, 143771 MiB, 100 %, 243.53 W
2026/08/14 05:52:49.733, 0, NVIDIA H200, 117693 MiB, 143771 MiB, 100 %, 319.02 W
2026/08/14 05:52:50.735, 0, NVIDIA H200, 117693 MiB, 143771 MiB, 100 %, 318.95 W
2026/08/14 05:52:51.738, 0, NVIDIA H200, 117693 MiB, 143771 MiB, 100 %, 318.46 W
2026/08/14 05:52:52.741, 0, NVIDIA H200, 117693 MiB, 143771 MiB, 100 %, 320.18 W
2026/08/14 05:52:53.744, 0, NVIDIA H200, 117693 MiB, 143771 MiB, 100 %, 310.10 W
2026/08/14 05:52:54.747, 0, NVIDIA H200, 117693 MiB, 143771 MiB, 0 %, 174.47 W
2026/08/14 05:52:55.751, 0, NVIDIA H200, 117693 MiB, 143771 MiB, 0 %, 181.94 W
2026/08/14 05:52:56.754, 0, NVIDIA H200, 117693 MiB, 143771 MiB, 36 %, 203.25 W
2026/08/14 05:52:57.757, 0, NVIDIA H200, 117693 MiB, 143771 MiB, 100 %, 318.29 W
2026/08/14 05:52:58.759, 0, NVIDIA H200, 117693 MiB, 143771 MiB, 100 %, 319.22 W
2026/08/14 05:52:59.762, 0, NVIDIA H200, 117693 MiB, 143771 MiB, 100 %, 319.27 W
2026/08/14 05:53:00.765, 0, NVIDIA H200, 117693 MiB, 143771 MiB, 100 %, 318.80 W
2026/08/14 05:53:01.768, 0, NVIDIA H200, 117693 MiB, 143771 MiB, 100 %, 321.10 W
2026/08/14 05:53:02.771, 0, NVIDIA H200, 117693 MiB, 143771 MiB, 100 %, 319.67 W
2026/08/14 05:53:03.773, 0, NVIDIA H200, 117693 MiB, 143771 MiB, 100 %, 321.46 W
2026/08/14 05:53:04.776, 0, NVIDIA H200, 117693 MiB, 143771 MiB, 100 %, 323.37 W
2026/08/14 05:53:05.779, 0, NVIDIA H200, 117693 MiB, 143771 MiB, 100 %, 321.69 W
2026/08/14 05:53:06.782, 0, NVIDIA H200, 117693 MiB, 143771 MiB, 100 %, 322.38 W
2026/08/14 05:53:07.785, 0, NVIDIA H200, 117693 MiB, 143771 MiB, 100 %, 323.27 W
2026/08/14 05:53:08.788, 0, NVIDIA H200, 117693 MiB, 143771 MiB, 100 %, 322.79 W
2026/08/14 05:53:09.791, 0, NVIDIA H200, 117693 MiB, 143771 MiB, 100 %, 323.15 W
2026/08/14 05:53:10.793, 0, NVIDIA H200, 117693 MiB, 143771 MiB, 100 %, 324.20 W
2026/08/14 05:53:11.797, 0, NVIDIA H200, 117693 MiB, 143771 MiB, 100 %, 323.98 W
2026/08/14 05:53:12.800, 0, NVIDIA H200, 117693 MiB, 143771 MiB, 100 %, 324.67 W
2026/08/14 05:53:13.803, 0, NVIDIA H200, 117693 MiB, 143771 MiB, 100 %, 325.20 W
2026/08/14 05:53:14.806, 0, NVIDIA H200, 117693 MiB, 143771 MiB, 100 %, 324.51 W
2026/08/14 05:53:15.808, 0, NVIDIA H200, 117693 MiB, 143771 MiB, 100 %, 326.23 W
2026/08/14 05:53:16.811, 0, NVIDIA H200, 117693 MiB, 143771 MiB, 100 %, 326.12 W
2026/08/14 05:53:17.814, 0, NVIDIA H200, 117693 MiB, 143771 MiB, 100 %, 326.71 W
2026/08/14 05:53:18.817, 0, NVIDIA H200, 117693 MiB, 143771 MiB, 100 %, 327.02 W
2026/08/14 05:53:19.819, 0, NVIDIA H200, 117693 MiB, 143771 MiB, 100 %, 326.94 W
2026/08/14 05:53:20.822, 0, NVIDIA H200, 117693 MiB, 143771 MiB, 0 %, 232.42 W
2026/08/14 05:53:21.825, 0, NVIDIA H200, 117693 MiB, 143771 MiB, 7 %, 219.86 W
2026/08/14 05:53:22.829, 0, NVIDIA H200, 117693 MiB, 143771 MiB, 85 %, 219.85 W
2026/08/14 05:53:23.832, 0, NVIDIA H200, 117693 MiB, 143771 MiB, 0 %, 139.62 W
2026/08/14 05:53:24.835, 0, NVIDIA H200, 117693 MiB, 143771 MiB, 100 %, 216.98 W
2026/08/14 05:53:25.838, 0, NVIDIA H200, 117693 MiB, 143771 MiB, 100 %, 319.64 W
2026/08/14 05:53:26.841, 0, NVIDIA H200, 117693 MiB, 143771 MiB, 100 %, 319.08 W
2026/08/14 05:53:27.843, 0, NVIDIA H200, 117693 MiB, 143771 MiB, 100 %, 319.15 W
2026/08/14 05:53:28.846, 0, NVIDIA H200, 117693 MiB, 143771 MiB, 100 %, 319.36 W
2026/08/14 05:53:29.848, 0, NVIDIA H200, 117693 MiB, 143771 MiB, 100 %, 319.53 W
2026/08/14 05:53:30.851, 0, NVIDIA H200, 117693 MiB, 143771 MiB, 100 %, 320.41 W
2026/08/14 05:53:31.854, 0, NVIDIA H200, 117693 MiB, 143771 MiB, 100 %, 320.84 W
2026/08/14 05:53:32.856, 0, NVIDIA H200, 117693 MiB, 143771 MiB, 100 %, 321.71 W
2026/08/14 05:53:33.859, 0, NVIDIA H200, 117693 MiB, 143771 MiB, 100 %, 321.42 W
2026/08/14 05:53:34.861, 0, NVIDIA H200, 117693 MiB, 143771 MiB, 100 %, 322.01 W
2026/08/14 05:53:35.864, 0, NVIDIA H200, 117693 MiB, 143771 MiB, 100 %, 321.92 W
2026/08/14 05:53:36.866, 0, NVIDIA H200, 117693 MiB, 143771 MiB, 100 %, 321.86 W
2026/08/14 05:53:37.868, 0, NVIDIA H200, 117693 MiB, 143771 MiB, 100 %, 323.36 W
2026/08/14 05:53:38.871, 0, NVIDIA H200, 117693 MiB, 143771 MiB, 100 %, 322.18 W
2026/08/14 05:53:39.874, 0, NVIDIA H200, 117693 MiB, 143771 MiB, 100 %, 324.05 W
2026/08/14 05:53:40.877, 0, NVIDIA H200, 117693 MiB, 143771 MiB, 100 %, 324.33 W
2026/08/14 05:53:41.879, 0, NVIDIA H200, 117693 MiB, 143771 MiB, 100 %, 325.00 W
2026/08/14 05:53:42.882, 0, NVIDIA H200, 117693 MiB, 143771 MiB, 100 %, 324.48 W
2026/08/14 05:53:43.885, 0, NVIDIA H200, 117693 MiB, 143771 MiB, 100 %, 325.24 W
2026/08/14 05:53:44.887, 0, NVIDIA H200, 117693 MiB, 143771 MiB, 100 %, 325.53 W
2026/08/14 05:53:45.890, 0, NVIDIA H200, 117693 MiB, 143771 MiB, 0 %, 221.08 W
2026/08/14 05:53:46.894, 0, NVIDIA H200, 117693 MiB, 143771 MiB, 51 %, 196.17 W
2026/08/14 05:53:47.897, 0, NVIDIA H200, 117693 MiB, 143771 MiB, 43 %, 207.54 W
2026/08/14 05:53:48.900, 0, NVIDIA H200, 117693 MiB, 143771 MiB, 0 %, 173.72 W
2026/08/14 05:53:49.903, 0, NVIDIA H200, 117693 MiB, 143771 MiB, 0 %, 193.15 W
2026/08/14 05:53:50.906, 0, NVIDIA H200, 117693 MiB, 143771 MiB, 97 %, 227.56 W
2026/08/14 05:53:51.909, 0, NVIDIA H200, 117693 MiB, 143771 MiB, 100 %, 319.36 W
2026/08/14 05:53:52.912, 0, NVIDIA H200, 117693 MiB, 143771 MiB, 100 %, 320.81 W
2026/08/14 05:53:53.914, 0, NVIDIA H200, 117693 MiB, 143771 MiB, 100 %, 319.63 W
2026/08/14 05:53:54.917, 0, NVIDIA H200, 117693 MiB, 143771 MiB, 0 %, 238.29 W
2026/08/14 05:53:55.921, 0, NVIDIA H200, 117693 MiB, 143771 MiB, 0 %, 205.14 W
2026/08/14 05:53:56.924, 0, NVIDIA H200, 117693 MiB, 143771 MiB, 83 %, 206.12 W
2026/08/14 05:53:57.928, 0, NVIDIA H200, 117693 MiB, 143771 MiB, 100 %, 278.56 W
2026/08/14 05:53:58.931, 0, NVIDIA H200, 117693 MiB, 143771 MiB, 100 %, 320.02 W
2026/08/14 05:53:59.934, 0, NVIDIA H200, 117693 MiB, 143771 MiB, 100 %, 319.80 W
2026/08/14 05:54:00.936, 0, NVIDIA H200, 117693 MiB, 143771 MiB, 100 %, 320.51 W
2026/08/14 05:54:01.938, 0, NVIDIA H200, 117693 MiB, 143771 MiB, 100 %, 320.14 W
2026/08/14 05:54:02.941, 0, NVIDIA H200, 117693 MiB, 143771 MiB, 100 %, 321.67 W
2026/08/14 05:54:03.945, 0, NVIDIA H200, 117693 MiB, 143771 MiB, 0 %, 200.53 W
2026/08/14 05:54:04.949, 0, NVIDIA H200, 117693 MiB, 143771 MiB, 100 %, 249.99 W
2026/08/14 05:54:05.952, 0, NVIDIA H200, 117693 MiB, 143771 MiB, 100 %, 319.52 W
2026/08/14 05:54:06.958, 0, NVIDIA H200, 117693 MiB, 143771 MiB, 100 %, 320.64 W
2026/08/14 05:54:07.961, 0, NVIDIA H200, 117693 MiB, 143771 MiB, 100 %, 320.59 W
2026/08/14 05:54:08.965, 0, NVIDIA H200, 117693 MiB, 143771 MiB, 100 %, 321.40 W
2026/08/14 05:54:09.967, 0, NVIDIA H200, 117693 MiB, 143771 MiB, 0 %, 237.57 W
2026/08/14 05:54:10.973, 0, NVIDIA H200, 117693 MiB, 143771 MiB, 0 %, 192.11 W
2026/08/14 05:54:11.976, 0, NVIDIA H200, 117693 MiB, 143771 MiB, 0 %, 187.18 W
2026/08/14 05:54:12.979, 0, NVIDIA H200, 117693 MiB, 143771 MiB, 100 %, 295.11 W
2026/08/14 05:54:13.982, 0, NVIDIA H200, 117693 MiB, 143771 MiB, 100 %, 319.92 W
2026/08/14 05:54:14.985, 0, NVIDIA H200, 117693 MiB, 143771 MiB, 100 %, 319.96 W
2026/08/14 05:54:15.988, 0, NVIDIA H200, 117693 MiB, 143771 MiB, 100 %, 320.87 W
2026/08/14 05:54:16.992, 0, NVIDIA H200, 117693 MiB, 143771 MiB, 0 %, 284.96 W
2026/08/14 05:54:17.995, 0, NVIDIA H200, 117693 MiB, 143771 MiB, 100 %, 274.52 W
2026/08/14 05:54:19.001, 0, NVIDIA H200, 117693 MiB, 143771 MiB, 100 %, 320.09 W
2026/08/14 05:54:20.004, 0, NVIDIA H200, 117693 MiB, 143771 MiB, 100 %, 319.95 W
2026/08/14 05:54:21.007, 0, NVIDIA H200, 117693 MiB, 143771 MiB, 0 %, 277.31 W
2026/08/14 05:54:22.010, 0, NVIDIA H200, 117693 MiB, 143771 MiB, 100 %, 221.59 W
2026/08/14 05:54:23.013, 0, NVIDIA H200, 117693 MiB, 143771 MiB, 0 %, 182.01 W
2026/08/14 05:54:24.016, 0, NVIDIA H200, 117693 MiB, 143771 MiB, 100 %, 247.71 W
2026/08/14 05:54:25.019, 0, NVIDIA H200, 117693 MiB, 143771 MiB, 100 %, 320.15 W
2026/08/14 05:54:26.022, 0, NVIDIA H200, 117693 MiB, 143771 MiB, 100 %, 320.71 W
2026/08/14 05:54:27.025, 0, NVIDIA H200, 117693 MiB, 143771 MiB, 100 %, 320.88 W
2026/08/14 05:54:28.028, 0, NVIDIA H200, 117693 MiB, 143771 MiB, 100 %, 321.15 W
2026/08/14 05:54:29.031, 0, NVIDIA H200, 117693 MiB, 143771 MiB, 100 %, 321.46 W
2026/08/14 05:54:30.034, 0, NVIDIA H200, 117693 MiB, 143771 MiB, 100 %, 322.52 W
2026/08/14 05:54:31.037, 0, NVIDIA H200, 117693 MiB, 143771 MiB, 100 %, 321.81 W
2026/08/14 05:54:32.041, 0, NVIDIA H200, 117693 MiB, 143771 MiB, 100 %, 322.14 W
2026/08/14 05:54:33.045, 0, NVIDIA H200, 117693 MiB, 143771 MiB, 100 %, 239.93 W
2026/08/14 05:54:34.048, 0, NVIDIA H200, 117693 MiB, 143771 MiB, 100 %, 320.76 W
2026/08/14 05:54:35.050, 0, NVIDIA H200, 117693 MiB, 143771 MiB, 100 %, 320.97 W
2026/08/14 05:54:36.052, 0, NVIDIA H200, 117693 MiB, 143771 MiB, 100 %, 321.59 W
2026/08/14 05:54:37.055, 0, NVIDIA H200, 117693 MiB, 143771 MiB, 100 %, 322.40 W
2026/08/14 05:54:38.058, 0, NVIDIA H200, 117693 MiB, 143771 MiB, 100 %, 321.84 W
2026/08/14 05:54:39.062, 0, NVIDIA H200, 117693 MiB, 143771 MiB, 14 %, 293.37 W
2026/08/14 05:54:40.066, 0, NVIDIA H200, 117693 MiB, 143771 MiB, 96 %, 203.42 W
2026/08/14 05:54:41.112, 0, NVIDIA H200, 117693 MiB, 143771 MiB, 0 %, 198.85 W
2026/08/14 05:54:42.117, 0, NVIDIA H200, 117693 MiB, 143771 MiB, 100 %, 257.85 W
2026/08/14 05:54:43.121, 0, NVIDIA H200, 117693 MiB, 143771 MiB, 100 %, 319.09 W
2026/08/14 05:54:44.124, 0, NVIDIA H200, 117693 MiB, 143771 MiB, 100 %, 319.72 W
2026/08/14 05:54:45.127, 0, NVIDIA H200, 117693 MiB, 143771 MiB, 100 %, 320.58 W
2026/08/14 05:54:46.130, 0, NVIDIA H200, 117693 MiB, 143771 MiB, 100 %, 320.41 W
2026/08/14 05:54:47.133, 0, NVIDIA H200, 117693 MiB, 143771 MiB, 100 %, 291.64 W
2026/08/14 05:54:48.136, 0, NVIDIA H200, 117693 MiB, 143771 MiB, 100 %, 265.50 W
2026/08/14 05:54:49.139, 0, NVIDIA H200, 117693 MiB, 143771 MiB, 100 %, 320.17 W
2026/08/14 05:54:50.143, 0, NVIDIA H200, 117693 MiB, 143771 MiB, 100 %, 320.76 W
2026/08/14 05:54:51.145, 0, NVIDIA H200, 117693 MiB, 143771 MiB, 100 %, 319.92 W
2026/08/14 05:54:52.147, 0, NVIDIA H200, 117693 MiB, 143771 MiB, 100 %, 321.55 W
2026/08/14 05:54:53.150, 0, NVIDIA H200, 117693 MiB, 143771 MiB, 100 %, 321.15 W
2026/08/14 05:54:54.154, 0, NVIDIA H200, 117693 MiB, 143771 MiB, 100 %, 321.56 W
2026/08/14 05:54:55.156, 0, NVIDIA H200, 117693 MiB, 143771 MiB, 100 %, 321.50 W
2026/08/14 05:54:56.159, 0, NVIDIA H200, 117693 MiB, 143771 MiB, 100 %, 322.60 W
2026/08/14 05:54:57.162, 0, NVIDIA H200, 117693 MiB, 143771 MiB, 100 %, 322.48 W
2026/08/14 05:54:58.166, 0, NVIDIA H200, 117693 MiB, 143771 MiB, 100 %, 322.84 W
2026/08/14 05:54:59.169, 0, NVIDIA H200, 117693 MiB, 143771 MiB, 100 %, 323.87 W
2026/08/14 05:55:00.171, 0, NVIDIA H200, 117693 MiB, 143771 MiB, 100 %, 324.00 W
2026/08/14 05:55:01.174, 0, NVIDIA H200, 117693 MiB, 143771 MiB, 100 %, 323.85 W
2026/08/14 05:55:02.177, 0, NVIDIA H200, 117693 MiB, 143771 MiB, 100 %, 324.62 W
2026/08/14 05:55:03.180, 0, NVIDIA H200, 117693 MiB, 143771 MiB, 100 %, 325.12 W
2026/08/14 05:55:04.183, 0, NVIDIA H200, 117693 MiB, 143771 MiB, 100 %, 325.74 W
2026/08/14 05:55:05.186, 0, NVIDIA H200, 117693 MiB, 143771 MiB, 100 %, 326.21 W
2026/08/14 05:55:06.189, 0, NVIDIA H200, 117693 MiB, 143771 MiB, 0 %, 253.03 W
2026/08/14 05:55:07.192, 0, NVIDIA H200, 117693 MiB, 143771 MiB, 80 %, 194.42 W
2026/08/14 05:55:08.195, 0, NVIDIA H200, 117693 MiB, 143771 MiB, 84 %, 209.82 W
2026/08/14 05:55:09.197, 0, NVIDIA H200, 117693 MiB, 143771 MiB, 100 %, 264.65 W
2026/08/14 05:55:10.200, 0, NVIDIA H200, 117693 MiB, 143771 MiB, 100 %, 319.02 W
2026/08/14 05:55:11.203, 0, NVIDIA H200, 117693 MiB, 143771 MiB, 100 %, 319.94 W
2026/08/14 05:55:12.207, 0, NVIDIA H200, 117693 MiB, 143771 MiB, 100 %, 320.37 W
2026/08/14 05:55:13.210, 0, NVIDIA H200, 117693 MiB, 143771 MiB, 100 %, 321.26 W
2026/08/14 05:55:14.213, 0, NVIDIA H200, 117693 MiB, 143771 MiB, 100 %, 321.56 W
2026/08/14 05:55:15.215, 0, NVIDIA H200, 117693 MiB, 143771 MiB, 100 %, 321.29 W
2026/08/14 05:55:16.218, 0, NVIDIA H200, 117693 MiB, 143771 MiB, 100 %, 323.15 W
2026/08/14 05:55:17.220, 0, NVIDIA H200, 117693 MiB, 143771 MiB, 100 %, 321.61 W
2026/08/14 05:55:18.223, 0, NVIDIA H200, 117693 MiB, 143771 MiB, 100 %, 323.03 W
2026/08/14 05:55:19.225, 0, NVIDIA H200, 117693 MiB, 143771 MiB, 100 %, 323.89 W
2026/08/14 05:55:20.228, 0, NVIDIA H200, 117693 MiB, 143771 MiB, 100 %, 323.29 W
2026/08/14 05:55:21.232, 0, NVIDIA H200, 117693 MiB, 143771 MiB, 100 %, 324.04 W
2026/08/14 05:55:22.234, 0, NVIDIA H200, 117693 MiB, 143771 MiB, 100 %, 323.73 W
2026/08/14 05:55:23.237, 0, NVIDIA H200, 117693 MiB, 143771 MiB, 100 %, 324.73 W
2026/08/14 05:55:24.241, 0, NVIDIA H200, 117693 MiB, 143771 MiB, 100 %, 326.76 W
2026/08/14 05:55:25.244, 0, NVIDIA H200, 117693 MiB, 143771 MiB, 100 %, 326.02 W
2026/08/14 05:55:26.246, 0, NVIDIA H200, 117693 MiB, 143771 MiB, 100 %, 326.83 W
2026/08/14 05:55:27.249, 0, NVIDIA H200, 117693 MiB, 143771 MiB, 100 %, 327.61 W
2026/08/14 05:55:28.251, 0, NVIDIA H200, 117693 MiB, 143771 MiB, 100 %, 328.26 W
2026/08/14 05:55:29.254, 0, NVIDIA H200, 117693 MiB, 143771 MiB, 100 %, 328.13 W
2026/08/14 05:55:30.256, 0, NVIDIA H200, 117693 MiB, 143771 MiB, 100 %, 328.53 W
2026/08/14 05:55:31.261, 0, NVIDIA H200, 117693 MiB, 143771 MiB, 100 %, 328.17 W
2026/08/14 05:55:32.263, 0, NVIDIA H200, 117693 MiB, 143771 MiB, 100 %, 329.63 W
2026/08/14 05:55:33.267, 0, NVIDIA H200, 117693 MiB, 143771 MiB, 100 %, 329.37 W
2026/08/14 05:55:34.270, 0, NVIDIA H200, 117693 MiB, 143771 MiB, 100 %, 330.27 W
2026/08/14 05:55:35.275, 0, NVIDIA H200, 117693 MiB, 143771 MiB, 100 %, 329.78 W
2026/08/14 05:55:36.278, 0, NVIDIA H200, 117693 MiB, 143771 MiB, 100 %, 329.68 W
2026/08/14 05:55:37.283, 0, NVIDIA H200, 117693 MiB, 143771 MiB, 100 %, 331.35 W
2026/08/14 05:55:38.286, 0, NVIDIA H200, 117693 MiB, 143771 MiB, 100 %, 331.62 W
2026/08/14 05:55:39.289, 0, NVIDIA H200, 117693 MiB, 143771 MiB, 100 %, 331.15 W
2026/08/14 05:55:40.292, 0, NVIDIA H200, 117693 MiB, 143771 MiB, 100 %, 332.26 W
2026/08/14 05:55:41.295, 0, NVIDIA H200, 117693 MiB, 143771 MiB, 100 %, 333.01 W
2026/08/14 05:55:42.299, 0, NVIDIA H200, 117693 MiB, 143771 MiB, 100 %, 331.87 W
2026/08/14 05:55:43.302, 0, NVIDIA H200, 117693 MiB, 143771 MiB, 100 %, 225.95 W
2026/08/14 05:55:44.305, 0, NVIDIA H200, 117693 MiB, 143771 MiB, 100 %, 321.10 W
2026/08/14 05:55:45.307, 0, NVIDIA H200, 117693 MiB, 143771 MiB, 100 %, 321.66 W
2026/08/14 05:55:46.310, 0, NVIDIA H200, 117693 MiB, 143771 MiB, 100 %, 322.09 W
2026/08/14 05:55:47.313, 0, NVIDIA H200, 117693 MiB, 143771 MiB, 100 %, 322.34 W
2026/08/14 05:55:48.315, 0, NVIDIA H200, 117693 MiB, 143771 MiB, 100 %, 323.22 W
2026/08/14 05:55:49.318, 0, NVIDIA H200, 117693 MiB, 143771 MiB, 100 %, 323.02 W
2026/08/14 05:55:50.321, 0, NVIDIA H200, 117693 MiB, 143771 MiB, 100 %, 322.89 W
2026/08/14 05:55:51.324, 0, NVIDIA H200, 117693 MiB, 143771 MiB, 100 %, 323.19 W
2026/08/14 05:55:52.326, 0, NVIDIA H200, 117693 MiB, 143771 MiB, 100 %, 323.61 W
2026/08/14 05:55:53.330, 0, NVIDIA H200, 117693 MiB, 143771 MiB, 0 %, 196.02 W
2026/08/14 05:55:54.333, 0, NVIDIA H200, 117693 MiB, 143771 MiB, 0 %, 196.75 W
2026/08/14 05:55:55.335, 0, NVIDIA H200, 117693 MiB, 143771 MiB, 100 %, 223.88 W
2026/08/14 05:55:56.338, 0, NVIDIA H200, 117693 MiB, 143771 MiB, 100 %, 320.30 W
2026/08/14 05:55:57.341, 0, NVIDIA H200, 117693 MiB, 143771 MiB, 100 %, 321.07 W
2026/08/14 05:55:58.343, 0, NVIDIA H200, 117693 MiB, 143771 MiB, 100 %, 321.13 W
2026/08/14 05:55:59.346, 0, NVIDIA H200, 117693 MiB, 143771 MiB, 0 %, 244.27 W
2026/08/14 05:56:00.353, 0, NVIDIA H200, 117693 MiB, 143771 MiB, 100 %, 321.46 W
2026/08/14 05:56:01.356, 0, NVIDIA H200, 117693 MiB, 143771 MiB, 100 %, 322.81 W
2026/08/14 05:56:02.359, 0, NVIDIA H200, 117693 MiB, 143771 MiB, 100 %, 321.70 W
2026/08/14 05:56:03.362, 0, NVIDIA H200, 117693 MiB, 143771 MiB, 100 %, 322.22 W
2026/08/14 05:56:04.365, 0, NVIDIA H200, 117693 MiB, 143771 MiB, 100 %, 323.05 W
2026/08/14 05:56:05.368, 0, NVIDIA H200, 117693 MiB, 143771 MiB, 37 %, 204.48 W
2026/08/14 05:56:06.370, 0, NVIDIA H200, 118025 MiB, 143771 MiB, 0 %, 241.16 W
2026/08/14 05:56:07.373, 0, NVIDIA H200, 118025 MiB, 143771 MiB, 0 %, 187.11 W
2026/08/14 05:56:08.377, 0, NVIDIA H200, 118025 MiB, 143771 MiB, 100 %, 291.65 W
2026/08/14 05:56:09.378, 0, NVIDIA H200, 118025 MiB, 143771 MiB, 100 %, 328.05 W
2026/08/14 05:56:10.381, 0, NVIDIA H200, 118025 MiB, 143771 MiB, 100 %, 324.84 W
2026/08/14 05:56:11.385, 0, NVIDIA H200, 118025 MiB, 143771 MiB, 100 %, 325.20 W
2026/08/14 05:56:12.388, 0, NVIDIA H200, 118025 MiB, 143771 MiB, 0 %, 173.82 W
2026/08/14 05:56:13.390, 0, NVIDIA H200, 118025 MiB, 143771 MiB, 41 %, 211.68 W
2026/08/14 05:56:14.394, 0, NVIDIA H200, 118025 MiB, 143771 MiB, 0 %, 185.67 W
2026/08/14 05:56:15.396, 0, NVIDIA H200, 118025 MiB, 143771 MiB, 100 %, 326.19 W
2026/08/14 05:56:16.400, 0, NVIDIA H200, 118025 MiB, 143771 MiB, 100 %, 326.02 W
2026/08/14 05:56:17.403, 0, NVIDIA H200, 118025 MiB, 143771 MiB, 0 %, 233.91 W
2026/08/14 05:56:18.405, 0, NVIDIA H200, 118025 MiB, 143771 MiB, 100 %, 323.55 W
2026/08/14 05:56:19.408, 0, NVIDIA H200, 118025 MiB, 143771 MiB, 100 %, 325.40 W
2026/08/14 05:56:20.411, 0, NVIDIA H200, 118025 MiB, 143771 MiB, 0 %, 243.90 W
2026/08/14 05:56:21.414, 0, NVIDIA H200, 118025 MiB, 143771 MiB, 0 %, 193.23 W
2026/08/14 05:56:22.417, 0, NVIDIA H200, 118025 MiB, 143771 MiB, 100 %, 193.23 W
2026/08/14 05:56:23.420, 0, NVIDIA H200, 118025 MiB, 143771 MiB, 100 %, 265.44 W
2026/08/14 05:56:24.422, 0, NVIDIA H200, 118025 MiB, 143771 MiB, 100 %, 325.43 W
2026/08/14 05:56:25.425, 0, NVIDIA H200, 118025 MiB, 143771 MiB, 100 %, 325.29 W
2026/08/14 05:56:26.427, 0, NVIDIA H200, 118025 MiB, 143771 MiB, 100 %, 326.84 W
2026/08/14 05:56:27.430, 0, NVIDIA H200, 118025 MiB, 143771 MiB, 100 %, 326.75 W
2026/08/14 05:56:28.432, 0, NVIDIA H200, 118025 MiB, 143771 MiB, 100 %, 326.52 W
2026/08/14 05:56:29.436, 0, NVIDIA H200, 118025 MiB, 143771 MiB, 100 %, 327.00 W
2026/08/14 05:56:30.439, 0, NVIDIA H200, 118025 MiB, 143771 MiB, 100 %, 327.44 W
2026/08/14 05:56:31.441, 0, NVIDIA H200, 118025 MiB, 143771 MiB, 100 %, 328.11 W
2026/08/14 05:56:32.444, 0, NVIDIA H200, 118025 MiB, 143771 MiB, 100 %, 328.20 W
2026/08/14 05:56:33.446, 0, NVIDIA H200, 118025 MiB, 143771 MiB, 100 %, 328.95 W
2026/08/14 05:56:34.449, 0, NVIDIA H200, 118025 MiB, 143771 MiB, 100 %, 328.89 W
2026/08/14 05:56:35.451, 0, NVIDIA H200, 118025 MiB, 143771 MiB, 100 %, 329.52 W
2026/08/14 05:56:36.453, 0, NVIDIA H200, 118025 MiB, 143771 MiB, 100 %, 328.88 W
2026/08/14 05:56:37.457, 0, NVIDIA H200, 118025 MiB, 143771 MiB, 100 %, 330.14 W
2026/08/14 05:56:38.460, 0, NVIDIA H200, 118025 MiB, 143771 MiB, 100 %, 330.74 W
2026/08/14 05:56:39.463, 0, NVIDIA H200, 118025 MiB, 143771 MiB, 100 %, 330.97 W
2026/08/14 05:56:40.466, 0, NVIDIA H200, 118025 MiB, 143771 MiB, 100 %, 330.89 W
2026/08/14 05:56:41.469, 0, NVIDIA H200, 118025 MiB, 143771 MiB, 100 %, 331.89 W
2026/08/14 05:56:42.472, 0, NVIDIA H200, 118025 MiB, 143771 MiB, 100 %, 331.75 W
2026/08/14 05:56:43.475, 0, NVIDIA H200, 118025 MiB, 143771 MiB, 100 %, 332.07 W
2026/08/14 05:56:44.478, 0, NVIDIA H200, 118025 MiB, 143771 MiB, 75 %, 231.92 W
2026/08/14 05:56:45.481, 0, NVIDIA H200, 118025 MiB, 143771 MiB, 0 %, 176.35 W
2026/08/14 05:56:46.484, 0, NVIDIA H200, 118025 MiB, 143771 MiB, 3 %, 236.95 W
2026/08/14 05:56:47.487, 0, NVIDIA H200, 118025 MiB, 143771 MiB, 0 %, 182.13 W
2026/08/14 05:56:48.490, 0, NVIDIA H200, 118025 MiB, 143771 MiB, 100 %, 328.96 W
2026/08/14 05:56:49.492, 0, NVIDIA H200, 118025 MiB, 143771 MiB, 100 %, 324.99 W
2026/08/14 05:56:50.495, 0, NVIDIA H200, 118025 MiB, 143771 MiB, 100 %, 325.39 W
2026/08/14 05:56:51.498, 0, NVIDIA H200, 118025 MiB, 143771 MiB, 100 %, 325.34 W
2026/08/14 05:56:52.500, 0, NVIDIA H200, 118025 MiB, 143771 MiB, 100 %, 326.16 W
2026/08/14 05:56:53.503, 0, NVIDIA H200, 118025 MiB, 143771 MiB, 100 %, 328.57 W
2026/08/14 05:56:54.506, 0, NVIDIA H200, 118025 MiB, 143771 MiB, 100 %, 327.86 W
2026/08/14 05:56:55.509, 0, NVIDIA H200, 118025 MiB, 143771 MiB, 100 %, 327.28 W
2026/08/14 05:56:56.512, 0, NVIDIA H200, 118025 MiB, 143771 MiB, 100 %, 326.93 W
2026/08/14 05:56:57.515, 0, NVIDIA H200, 118025 MiB, 143771 MiB, 100 %, 327.24 W
2026/08/14 05:56:58.519, 0, NVIDIA H200, 118025 MiB, 143771 MiB, 100 %, 328.45 W
2026/08/14 05:56:59.522, 0, NVIDIA H200, 118025 MiB, 143771 MiB, 100 %, 328.58 W
2026/08/14 05:57:00.526, 0, NVIDIA H200, 118025 MiB, 143771 MiB, 100 %, 329.39 W
2026/08/14 05:57:01.528, 0, NVIDIA H200, 118025 MiB, 143771 MiB, 100 %, 329.15 W
2026/08/14 05:57:02.532, 0, NVIDIA H200, 118025 MiB, 143771 MiB, 100 %, 329.52 W
2026/08/14 05:57:03.535, 0, NVIDIA H200, 118025 MiB, 143771 MiB, 100 %, 330.38 W
2026/08/14 05:57:04.563, 0, NVIDIA H200, 118025 MiB, 143771 MiB, 100 %, 330.07 W
2026/08/14 05:57:05.567, 0, NVIDIA H200, 118025 MiB, 143771 MiB, 100 %, 331.38 W
2026/08/14 05:57:06.570, 0, NVIDIA H200, 118025 MiB, 143771 MiB, 0 %, 260.75 W
2026/08/14 05:57:07.573, 0, NVIDIA H200, 118025 MiB, 143771 MiB, 100 %, 293.82 W
2026/08/14 05:57:08.576, 0, NVIDIA H200, 118025 MiB, 143771 MiB, 100 %, 326.55 W
2026/08/14 05:57:09.579, 0, NVIDIA H200, 118025 MiB, 143771 MiB, 100 %, 325.90 W
2026/08/14 05:57:10.581, 0, NVIDIA H200, 118025 MiB, 143771 MiB, 100 %, 327.83 W
2026/08/14 05:57:11.584, 0, NVIDIA H200, 118025 MiB, 143771 MiB, 100 %, 326.17 W
2026/08/14 05:57:12.586, 0, NVIDIA H200, 118025 MiB, 143771 MiB, 100 %, 326.83 W
2026/08/14 05:57:13.590, 0, NVIDIA H200, 118025 MiB, 143771 MiB, 100 %, 327.24 W
2026/08/14 05:57:14.593, 0, NVIDIA H200, 118025 MiB, 143771 MiB, 100 %, 328.16 W
2026/08/14 05:57:15.596, 0, NVIDIA H200, 118025 MiB, 143771 MiB, 100 %, 328.15 W
2026/08/14 05:57:16.599, 0, NVIDIA H200, 118025 MiB, 143771 MiB, 100 %, 328.39 W
2026/08/14 05:57:17.601, 0, NVIDIA H200, 118025 MiB, 143771 MiB, 100 %, 328.31 W
2026/08/14 05:57:18.603, 0, NVIDIA H200, 118025 MiB, 143771 MiB, 100 %, 328.78 W
2026/08/14 05:57:19.606, 0, NVIDIA H200, 118025 MiB, 143771 MiB, 100 %, 329.00 W
2026/08/14 05:57:20.609, 0, NVIDIA H200, 118025 MiB, 143771 MiB, 100 %, 329.62 W
2026/08/14 05:57:21.612, 0, NVIDIA H200, 118025 MiB, 143771 MiB, 100 %, 332.14 W
2026/08/14 05:57:22.615, 0, NVIDIA H200, 118025 MiB, 143771 MiB, 100 %, 332.22 W
2026/08/14 05:57:23.617, 0, NVIDIA H200, 118025 MiB, 143771 MiB, 100 %, 332.35 W
2026/08/14 05:57:24.620, 0, NVIDIA H200, 118025 MiB, 143771 MiB, 100 %, 333.22 W
2026/08/14 05:57:25.623, 0, NVIDIA H200, 118025 MiB, 143771 MiB, 100 %, 332.78 W
2026/08/14 05:57:26.626, 0, NVIDIA H200, 118025 MiB, 143771 MiB, 100 %, 333.45 W
2026/08/14 05:57:27.629, 0, NVIDIA H200, 118025 MiB, 143771 MiB, 0 %, 263.14 W
2026/08/14 05:57:28.632, 0, NVIDIA H200, 118025 MiB, 143771 MiB, 100 %, 202.59 W
2026/08/14 05:57:29.634, 0, NVIDIA H200, 118025 MiB, 143771 MiB, 0 %, 174.80 W
2026/08/14 05:57:30.637, 0, NVIDIA H200, 118025 MiB, 143771 MiB, 19 %, 189.77 W
2026/08/14 05:57:31.640, 0, NVIDIA H200, 118025 MiB, 143771 MiB, 73 %, 198.01 W
2026/08/14 05:57:32.644, 0, NVIDIA H200, 118025 MiB, 143771 MiB, 0 %, 163.73 W
2026/08/14 05:57:33.647, 0, NVIDIA H200, 118025 MiB, 143771 MiB, 100 %, 326.93 W
2026/08/14 05:57:34.650, 0, NVIDIA H200, 118025 MiB, 143771 MiB, 100 %, 325.05 W
2026/08/14 05:57:35.652, 0, NVIDIA H200, 118025 MiB, 143771 MiB, 100 %, 325.39 W
2026/08/14 05:57:36.655, 0, NVIDIA H200, 118025 MiB, 143771 MiB, 100 %, 325.65 W
2026/08/14 05:57:37.658, 0, NVIDIA H200, 118025 MiB, 143771 MiB, 100 %, 325.67 W
2026/08/14 05:57:38.661, 0, NVIDIA H200, 118025 MiB, 143771 MiB, 100 %, 324.65 W
2026/08/14 05:57:39.664, 0, NVIDIA H200, 118025 MiB, 143771 MiB, 100 %, 326.90 W
2026/08/14 05:57:40.667, 0, NVIDIA H200, 118025 MiB, 143771 MiB, 100 %, 325.43 W
2026/08/14 05:57:41.670, 0, NVIDIA H200, 118025 MiB, 143771 MiB, 100 %, 328.63 W
2026/08/14 05:57:42.672, 0, NVIDIA H200, 118025 MiB, 143771 MiB, 100 %, 328.49 W
2026/08/14 05:57:43.675, 0, NVIDIA H200, 118025 MiB, 143771 MiB, 100 %, 328.89 W
2026/08/14 05:57:44.677, 0, NVIDIA H200, 118025 MiB, 143771 MiB, 100 %, 328.94 W
2026/08/14 05:57:45.680, 0, NVIDIA H200, 118025 MiB, 143771 MiB, 100 %, 328.61 W
2026/08/14 05:57:46.682, 0, NVIDIA H200, 118025 MiB, 143771 MiB, 100 %, 328.95 W
2026/08/14 05:57:47.685, 0, NVIDIA H200, 118025 MiB, 143771 MiB, 100 %, 330.20 W
2026/08/14 05:57:48.688, 0, NVIDIA H200, 118025 MiB, 143771 MiB, 100 %, 330.14 W
2026/08/14 05:57:49.691, 0, NVIDIA H200, 118025 MiB, 143771 MiB, 100 %, 330.69 W
2026/08/14 05:57:50.694, 0, NVIDIA H200, 118025 MiB, 143771 MiB, 100 %, 330.40 W
2026/08/14 05:57:51.697, 0, NVIDIA H200, 118025 MiB, 143771 MiB, 100 %, 331.58 W
2026/08/14 05:57:52.700, 0, NVIDIA H200, 118025 MiB, 143771 MiB, 100 %, 331.05 W
2026/08/14 05:57:53.703, 0, NVIDIA H200, 118025 MiB, 143771 MiB, 100 %, 331.78 W
2026/08/14 05:57:54.705, 0, NVIDIA H200, 118025 MiB, 143771 MiB, 100 %, 332.15 W
2026/08/14 05:57:55.708, 0, NVIDIA H200, 118025 MiB, 143771 MiB, 100 %, 332.85 W
2026/08/14 05:57:56.711, 0, NVIDIA H200, 118025 MiB, 143771 MiB, 100 %, 332.38 W
2026/08/14 05:57:57.714, 0, NVIDIA H200, 118025 MiB, 143771 MiB, 100 %, 333.12 W
2026/08/14 05:57:58.717, 0, NVIDIA H200, 118025 MiB, 143771 MiB, 100 %, 332.98 W
2026/08/14 05:57:59.720, 0, NVIDIA H200, 118025 MiB, 143771 MiB, 100 %, 334.29 W
2026/08/14 05:58:00.723, 0, NVIDIA H200, 118025 MiB, 143771 MiB, 100 %, 333.51 W
2026/08/14 05:58:01.727, 0, NVIDIA H200, 118025 MiB, 143771 MiB, 100 %, 334.17 W
2026/08/14 05:58:02.730, 0, NVIDIA H200, 118025 MiB, 143771 MiB, 100 %, 334.53 W
2026/08/14 05:58:03.733, 0, NVIDIA H200, 118025 MiB, 143771 MiB, 100 %, 334.83 W
2026/08/14 05:58:04.736, 0, NVIDIA H200, 118025 MiB, 143771 MiB, 100 %, 335.30 W
2026/08/14 05:58:05.739, 0, NVIDIA H200, 118025 MiB, 143771 MiB, 100 %, 335.61 W
2026/08/14 05:58:06.742, 0, NVIDIA H200, 118025 MiB, 143771 MiB, 100 %, 332.47 W
2026/08/14 05:58:07.746, 0, NVIDIA H200, 118025 MiB, 143771 MiB, 100 %, 229.73 W
2026/08/14 05:58:08.749, 0, NVIDIA H200, 118025 MiB, 143771 MiB, 100 %, 326.61 W
2026/08/14 05:58:09.752, 0, NVIDIA H200, 118025 MiB, 143771 MiB, 100 %, 326.91 W
2026/08/14 05:58:10.754, 0, NVIDIA H200, 118025 MiB, 143771 MiB, 100 %, 326.79 W
2026/08/14 05:58:11.757, 0, NVIDIA H200, 118025 MiB, 143771 MiB, 100 %, 328.22 W
2026/08/14 05:58:12.760, 0, NVIDIA H200, 118025 MiB, 143771 MiB, 100 %, 326.75 W
2026/08/14 05:58:13.762, 0, NVIDIA H200, 118025 MiB, 143771 MiB, 0 %, 259.32 W
2026/08/14 05:58:14.766, 0, NVIDIA H200, 118025 MiB, 143771 MiB, 19 %, 228.62 W
2026/08/14 05:58:15.769, 0, NVIDIA H200, 118025 MiB, 143771 MiB, 0 %, 172.38 W
2026/08/14 05:58:16.772, 0, NVIDIA H200, 118025 MiB, 143771 MiB, 100 %, 242.98 W
2026/08/14 05:58:17.775, 0, NVIDIA H200, 118025 MiB, 143771 MiB, 100 %, 324.06 W
2026/08/14 05:58:18.778, 0, NVIDIA H200, 118025 MiB, 143771 MiB, 100 %, 324.16 W
2026/08/14 05:58:19.781, 0, NVIDIA H200, 118025 MiB, 143771 MiB, 100 %, 325.27 W
2026/08/14 05:58:20.784, 0, NVIDIA H200, 118025 MiB, 143771 MiB, 100 %, 324.84 W
2026/08/14 05:58:21.786, 0, NVIDIA H200, 118025 MiB, 143771 MiB, 100 %, 325.41 W
2026/08/14 05:58:22.788, 0, NVIDIA H200, 118025 MiB, 143771 MiB, 100 %, 325.59 W
2026/08/14 05:58:23.791, 0, NVIDIA H200, 118025 MiB, 143771 MiB, 100 %, 326.02 W
2026/08/14 05:58:24.794, 0, NVIDIA H200, 118025 MiB, 143771 MiB, 100 %, 326.09 W
2026/08/14 05:58:25.797, 0, NVIDIA H200, 118025 MiB, 143771 MiB, 100 %, 326.20 W
2026/08/14 05:58:26.800, 0, NVIDIA H200, 118025 MiB, 143771 MiB, 100 %, 326.82 W
2026/08/14 05:58:27.804, 0, NVIDIA H200, 118025 MiB, 143771 MiB, 100 %, 327.33 W
2026/08/14 05:58:28.806, 0, NVIDIA H200, 118025 MiB, 143771 MiB, 100 %, 327.11 W
2026/08/14 05:58:29.810, 0, NVIDIA H200, 118025 MiB, 143771 MiB, 100 %, 327.45 W
2026/08/14 05:58:30.812, 0, NVIDIA H200, 118025 MiB, 143771 MiB, 100 %, 329.21 W
2026/08/14 05:58:31.815, 0, NVIDIA H200, 118025 MiB, 143771 MiB, 100 %, 327.98 W
2026/08/14 05:58:32.818, 0, NVIDIA H200, 118025 MiB, 143771 MiB, 100 %, 328.95 W
2026/08/14 05:58:33.821, 0, NVIDIA H200, 118025 MiB, 143771 MiB, 100 %, 329.03 W
2026/08/14 05:58:34.823, 0, NVIDIA H200, 118025 MiB, 143771 MiB, 100 %, 329.34 W
2026/08/14 05:58:35.826, 0, NVIDIA H200, 118025 MiB, 143771 MiB, 0 %, 230.19 W
2026/08/14 05:58:36.829, 0, NVIDIA H200, 118025 MiB, 143771 MiB, 100 %, 322.96 W
2026/08/14 05:58:37.831, 0, NVIDIA H200, 118025 MiB, 143771 MiB, 100 %, 324.91 W
2026/08/14 05:58:38.835, 0, NVIDIA H200, 118025 MiB, 143771 MiB, 100 %, 324.92 W
2026/08/14 05:58:39.838, 0, NVIDIA H200, 118025 MiB, 143771 MiB, 100 %, 325.23 W
2026/08/14 05:58:40.841, 0, NVIDIA H200, 118025 MiB, 143771 MiB, 100 %, 326.03 W
2026/08/14 05:58:41.844, 0, NVIDIA H200, 118025 MiB, 143771 MiB, 100 %, 325.82 W
2026/08/14 05:58:42.847, 0, NVIDIA H200, 118025 MiB, 143771 MiB, 100 %, 326.38 W
2026/08/14 05:58:43.848, 0, NVIDIA H200, 118025 MiB, 143771 MiB, 100 %, 326.74 W
2026/08/14 05:58:44.851, 0, NVIDIA H200, 118025 MiB, 143771 MiB, 100 %, 326.48 W
2026/08/14 05:58:45.853, 0, NVIDIA H200, 118025 MiB, 143771 MiB, 100 %, 326.01 W
2026/08/14 05:58:46.856, 0, NVIDIA H200, 118025 MiB, 143771 MiB, 100 %, 295.38 W
2026/08/14 05:58:47.859, 0, NVIDIA H200, 118025 MiB, 143771 MiB, 23 %, 224.69 W
2026/08/14 05:58:48.862, 0, NVIDIA H200, 118025 MiB, 143771 MiB, 0 %, 175.00 W
2026/08/14 05:58:49.865, 0, NVIDIA H200, 118025 MiB, 143771 MiB, 78 %, 229.60 W
2026/08/14 05:58:50.867, 0, NVIDIA H200, 118025 MiB, 143771 MiB, 100 %, 323.43 W
2026/08/14 05:58:51.870, 0, NVIDIA H200, 118025 MiB, 143771 MiB, 100 %, 323.96 W
2026/08/14 05:58:52.873, 0, NVIDIA H200, 118025 MiB, 143771 MiB, 100 %, 324.53 W
2026/08/14 05:58:53.875, 0, NVIDIA H200, 118025 MiB, 143771 MiB, 100 %, 324.66 W
2026/08/14 05:58:54.878, 0, NVIDIA H200, 118025 MiB, 143771 MiB, 100 %, 325.90 W
2026/08/14 05:58:55.881, 0, NVIDIA H200, 118025 MiB, 143771 MiB, 99 %, 217.34 W
2026/08/14 05:58:56.884, 0, NVIDIA H200, 118025 MiB, 143771 MiB, 0 %, 192.53 W
2026/08/14 05:58:57.887, 0, NVIDIA H200, 118025 MiB, 143771 MiB, 0 %, 174.89 W
2026/08/14 05:58:58.890, 0, NVIDIA H200, 118025 MiB, 143771 MiB, 100 %, 303.08 W
2026/08/14 05:58:59.894, 0, NVIDIA H200, 118025 MiB, 143771 MiB, 100 %, 323.49 W
2026/08/14 05:59:00.896, 0, NVIDIA H200, 118025 MiB, 143771 MiB, 100 %, 323.03 W
2026/08/14 05:59:01.900, 0, NVIDIA H200, 118025 MiB, 143771 MiB, 100 %, 324.79 W
2026/08/14 05:59:02.902, 0, NVIDIA H200, 118025 MiB, 143771 MiB, 100 %, 325.26 W
2026/08/14 05:59:03.905, 0, NVIDIA H200, 118025 MiB, 143771 MiB, 100 %, 325.71 W
2026/08/14 05:59:04.908, 0, NVIDIA H200, 118025 MiB, 143771 MiB, 100 %, 325.99 W
2026/08/14 05:59:05.911, 0, NVIDIA H200, 118025 MiB, 143771 MiB, 100 %, 326.39 W
2026/08/14 05:59:06.913, 0, NVIDIA H200, 118025 MiB, 143771 MiB, 100 %, 326.82 W
2026/08/14 05:59:07.917, 0, NVIDIA H200, 118025 MiB, 143771 MiB, 100 %, 326.54 W
2026/08/14 05:59:08.919, 0, NVIDIA H200, 118025 MiB, 143771 MiB, 100 %, 325.61 W
2026/08/14 05:59:09.923, 0, NVIDIA H200, 118025 MiB, 143771 MiB, 100 %, 327.03 W
2026/08/14 05:59:10.926, 0, NVIDIA H200, 118025 MiB, 143771 MiB, 100 %, 326.33 W
2026/08/14 05:59:11.929, 0, NVIDIA H200, 118025 MiB, 143771 MiB, 100 %, 327.94 W
2026/08/14 05:59:12.932, 0, NVIDIA H200, 118025 MiB, 143771 MiB, 100 %, 328.03 W
2026/08/14 05:59:13.935, 0, NVIDIA H200, 118025 MiB, 143771 MiB, 100 %, 329.21 W
2026/08/14 05:59:14.937, 0, NVIDIA H200, 118025 MiB, 143771 MiB, 100 %, 328.46 W
2026/08/14 05:59:15.940, 0, NVIDIA H200, 118025 MiB, 143771 MiB, 100 %, 328.93 W
2026/08/14 05:59:16.945, 0, NVIDIA H200, 118025 MiB, 143771 MiB, 100 %, 329.62 W
2026/08/14 05:59:17.948, 0, NVIDIA H200, 118025 MiB, 143771 MiB, 0 %, 281.47 W
2026/08/14 05:59:18.955, 0, NVIDIA H200, 118025 MiB, 143771 MiB, 100 %, 264.86 W
2026/08/14 05:59:19.958, 0, NVIDIA H200, 118025 MiB, 143771 MiB, 100 %, 323.71 W
2026/08/14 05:59:20.963, 0, NVIDIA H200, 118025 MiB, 143771 MiB, 100 %, 324.45 W
2026/08/14 05:59:21.966, 0, NVIDIA H200, 118025 MiB, 143771 MiB, 100 %, 324.71 W
2026/08/14 05:59:22.973, 0, NVIDIA H200, 118025 MiB, 143771 MiB, 100 %, 325.79 W
2026/08/14 05:59:23.975, 0, NVIDIA H200, 118025 MiB, 143771 MiB, 100 %, 326.29 W
2026/08/14 05:59:24.980, 0, NVIDIA H200, 118025 MiB, 143771 MiB, 100 %, 327.09 W
2026/08/14 05:59:25.983, 0, NVIDIA H200, 118025 MiB, 143771 MiB, 100 %, 326.04 W
2026/08/14 05:59:26.987, 0, NVIDIA H200, 118025 MiB, 143771 MiB, 50 %, 242.90 W
2026/08/14 05:59:27.990, 0, NVIDIA H200, 118025 MiB, 143771 MiB, 0 %, 213.36 W
2026/08/14 05:59:28.994, 0, NVIDIA H200, 118025 MiB, 143771 MiB, 0 %, 209.15 W
2026/08/14 05:59:29.997, 0, NVIDIA H200, 118025 MiB, 143771 MiB, 100 %, 271.15 W
2026/08/14 05:59:31.002, 0, NVIDIA H200, 118025 MiB, 143771 MiB, 100 %, 322.15 W
2026/08/14 05:59:32.006, 0, NVIDIA H200, 118025 MiB, 143771 MiB, 100 %, 322.79 W
2026/08/14 05:59:33.009, 0, NVIDIA H200, 118025 MiB, 143771 MiB, 0 %, 282.10 W
2026/08/14 05:59:34.012, 0, NVIDIA H200, 118025 MiB, 143771 MiB, 10 %, 202.54 W
2026/08/14 05:59:35.016, 0, NVIDIA H200, 118025 MiB, 143771 MiB, 72 %, 192.71 W
2026/08/14 05:59:36.018, 0, NVIDIA H200, 118025 MiB, 143771 MiB, 100 %, 237.75 W
2026/08/14 05:59:37.021, 0, NVIDIA H200, 118025 MiB, 143771 MiB, 100 %, 321.58 W
2026/08/14 05:59:38.025, 0, NVIDIA H200, 118025 MiB, 143771 MiB, 100 %, 322.08 W
2026/08/14 05:59:39.028, 0, NVIDIA H200, 118025 MiB, 143771 MiB, 100 %, 322.35 W
2026/08/14 05:59:40.031, 0, NVIDIA H200, 118025 MiB, 143771 MiB, 100 %, 323.12 W
2026/08/14 05:59:41.033, 0, NVIDIA H200, 118025 MiB, 143771 MiB, 100 %, 322.76 W
2026/08/14 05:59:42.036, 0, NVIDIA H200, 118025 MiB, 143771 MiB, 100 %, 324.34 W
2026/08/14 05:59:43.040, 0, NVIDIA H200, 118025 MiB, 143771 MiB, 100 %, 323.84 W
2026/08/14 05:59:44.043, 0, NVIDIA H200, 118025 MiB, 143771 MiB, 100 %, 323.76 W
2026/08/14 05:59:45.046, 0, NVIDIA H200, 118025 MiB, 143771 MiB, 100 %, 324.52 W
2026/08/14 05:59:46.048, 0, NVIDIA H200, 118025 MiB, 143771 MiB, 100 %, 324.73 W
2026/08/14 05:59:47.050, 0, NVIDIA H200, 118025 MiB, 143771 MiB, 100 %, 324.76 W
2026/08/14 05:59:48.053, 0, NVIDIA H200, 118025 MiB, 143771 MiB, 100 %, 325.89 W
2026/08/14 05:59:49.056, 0, NVIDIA H200, 118025 MiB, 143771 MiB, 100 %, 325.27 W
2026/08/14 05:59:50.059, 0, NVIDIA H200, 118025 MiB, 143771 MiB, 100 %, 326.09 W
2026/08/14 05:59:51.062, 0, NVIDIA H200, 118025 MiB, 143771 MiB, 100 %, 325.83 W
2026/08/14 05:59:52.065, 0, NVIDIA H200, 118025 MiB, 143771 MiB, 100 %, 325.88 W
2026/08/14 05:59:53.070, 0, NVIDIA H200, 118025 MiB, 143771 MiB, 100 %, 327.12 W
2026/08/14 05:59:54.073, 0, NVIDIA H200, 118025 MiB, 143771 MiB, 100 %, 327.14 W
2026/08/14 05:59:55.077, 0, NVIDIA H200, 118025 MiB, 143771 MiB, 100 %, 327.50 W
2026/08/14 05:59:56.079, 0, NVIDIA H200, 118025 MiB, 143771 MiB, 100 %, 328.18 W
2026/08/14 05:59:57.081, 0, NVIDIA H200, 118025 MiB, 143771 MiB, 100 %, 328.66 W
2026/08/14 05:59:58.084, 0, NVIDIA H200, 118025 MiB, 143771 MiB, 100 %, 328.52 W
2026/08/14 05:59:59.086, 0, NVIDIA H200, 118025 MiB, 143771 MiB, 100 %, 329.56 W
2026/08/14 06:00:00.090, 0, NVIDIA H200, 118025 MiB, 143771 MiB, 100 %, 329.77 W
2026/08/14 06:00:01.093, 0, NVIDIA H200, 118025 MiB, 143771 MiB, 100 %, 330.29 W
2026/08/14 06:00:02.095, 0, NVIDIA H200, 118025 MiB, 143771 MiB, 100 %, 330.45 W
2026/08/14 06:00:03.098, 0, NVIDIA H200, 118025 MiB, 143771 MiB, 100 %, 330.87 W
2026/08/14 06:00:04.100, 0, NVIDIA H200, 118025 MiB, 143771 MiB, 100 %, 330.62 W
2026/08/14 06:00:05.103, 0, NVIDIA H200, 118025 MiB, 143771 MiB, 100 %, 330.35 W
2026/08/14 06:00:06.105, 0, NVIDIA H200, 118025 MiB, 143771 MiB, 100 %, 225.96 W
2026/08/14 06:00:07.112, 0, NVIDIA H200, 118025 MiB, 143771 MiB, 100 %, 323.16 W
2026/08/14 06:00:08.115, 0, NVIDIA H200, 118025 MiB, 143771 MiB, 100 %, 323.48 W
2026/08/14 06:00:09.117, 0, NVIDIA H200, 118025 MiB, 143771 MiB, 100 %, 322.85 W
2026/08/14 06:00:10.120, 0, NVIDIA H200, 118025 MiB, 143771 MiB, 93 %, 302.45 W
2026/08/14 06:00:11.123, 0, NVIDIA H200, 118025 MiB, 143771 MiB, 54 %, 192.29 W
2026/08/14 06:00:12.130, 0, NVIDIA H200, 118025 MiB, 143771 MiB, 0 %, 173.96 W
2026/08/14 06:00:13.132, 0, NVIDIA H200, 118025 MiB, 143771 MiB, 100 %, 247.53 W
2026/08/14 06:00:14.135, 0, NVIDIA H200, 118025 MiB, 143771 MiB, 100 %, 322.41 W
2026/08/14 06:00:15.138, 0, NVIDIA H200, 118025 MiB, 143771 MiB, 100 %, 323.10 W
2026/08/14 06:00:16.140, 0, NVIDIA H200, 118025 MiB, 143771 MiB, 100 %, 323.32 W
2026/08/14 06:00:17.143, 0, NVIDIA H200, 118025 MiB, 143771 MiB, 0 %, 290.70 W
2026/08/14 06:00:18.146, 0, NVIDIA H200, 118025 MiB, 143771 MiB, 100 %, 267.74 W
2026/08/14 06:00:19.149, 0, NVIDIA H200, 118025 MiB, 143771 MiB, 100 %, 322.87 W
2026/08/14 06:00:20.151, 0, NVIDIA H200, 118025 MiB, 143771 MiB, 100 %, 322.79 W
2026/08/14 06:00:21.154, 0, NVIDIA H200, 118025 MiB, 143771 MiB, 100 %, 323.29 W
2026/08/14 06:00:22.158, 0, NVIDIA H200, 118025 MiB, 143771 MiB, 0 %, 257.07 W
2026/08/14 06:00:23.161, 0, NVIDIA H200, 118027 MiB, 143771 MiB, 0 %, 227.94 W
2026/08/14 06:00:24.164, 0, NVIDIA H200, 118027 MiB, 143771 MiB, 64 %, 195.97 W
2026/08/14 06:00:25.167, 0, NVIDIA H200, 118027 MiB, 143771 MiB, 100 %, 243.91 W
2026/08/14 06:00:26.170, 0, NVIDIA H200, 118027 MiB, 143771 MiB, 100 %, 322.71 W
2026/08/14 06:00:27.173, 0, NVIDIA H200, 118027 MiB, 143771 MiB, 100 %, 323.80 W
2026/08/14 06:00:28.177, 0, NVIDIA H200, 118027 MiB, 143771 MiB, 100 %, 324.41 W
2026/08/14 06:00:29.180, 0, NVIDIA H200, 118027 MiB, 143771 MiB, 100 %, 323.26 W
2026/08/14 06:00:30.183, 0, NVIDIA H200, 118027 MiB, 143771 MiB, 100 %, 325.00 W
2026/08/14 06:00:31.186, 0, NVIDIA H200, 118027 MiB, 143771 MiB, 100 %, 324.94 W
2026/08/14 06:00:32.189, 0, NVIDIA H200, 118027 MiB, 143771 MiB, 100 %, 325.90 W
2026/08/14 06:00:33.192, 0, NVIDIA H200, 118027 MiB, 143771 MiB, 100 %, 325.83 W
2026/08/14 06:00:34.195, 0, NVIDIA H200, 118027 MiB, 143771 MiB, 100 %, 325.74 W
2026/08/14 06:00:35.198, 0, NVIDIA H200, 118027 MiB, 143771 MiB, 100 %, 325.82 W
2026/08/14 06:00:36.201, 0, NVIDIA H200, 118027 MiB, 143771 MiB, 100 %, 326.56 W
2026/08/14 06:00:37.204, 0, NVIDIA H200, 118027 MiB, 143771 MiB, 100 %, 327.92 W
2026/08/14 06:00:38.208, 0, NVIDIA H200, 118027 MiB, 143771 MiB, 100 %, 328.21 W
2026/08/14 06:00:39.211, 0, NVIDIA H200, 118027 MiB, 143771 MiB, 100 %, 330.18 W
2026/08/14 06:00:40.214, 0, NVIDIA H200, 118027 MiB, 143771 MiB, 100 %, 329.00 W
2026/08/14 06:00:41.216, 0, NVIDIA H200, 118027 MiB, 143771 MiB, 100 %, 327.15 W
2026/08/14 06:00:42.219, 0, NVIDIA H200, 118027 MiB, 143771 MiB, 100 %, 328.77 W
2026/08/14 06:00:43.221, 0, NVIDIA H200, 118027 MiB, 143771 MiB, 100 %, 328.99 W
2026/08/14 06:00:44.224, 0, NVIDIA H200, 118027 MiB, 143771 MiB, 100 %, 329.84 W
2026/08/14 06:00:45.227, 0, NVIDIA H200, 118027 MiB, 143771 MiB, 100 %, 329.83 W
2026/08/14 06:00:46.229, 0, NVIDIA H200, 118027 MiB, 143771 MiB, 100 %, 329.93 W
2026/08/14 06:00:47.233, 0, NVIDIA H200, 118027 MiB, 143771 MiB, 100 %, 330.44 W
2026/08/14 06:00:48.236, 0, NVIDIA H200, 118027 MiB, 143771 MiB, 100 %, 330.51 W
2026/08/14 06:00:49.239, 0, NVIDIA H200, 118027 MiB, 143771 MiB, 100 %, 330.90 W
2026/08/14 06:00:50.241, 0, NVIDIA H200, 118027 MiB, 143771 MiB, 100 %, 331.03 W
2026/08/14 06:00:51.244, 0, NVIDIA H200, 118027 MiB, 143771 MiB, 100 %, 331.60 W
2026/08/14 06:00:52.247, 0, NVIDIA H200, 118027 MiB, 143771 MiB, 100 %, 331.61 W
2026/08/14 06:00:53.249, 0, NVIDIA H200, 118027 MiB, 143771 MiB, 100 %, 332.12 W
2026/08/14 06:00:54.251, 0, NVIDIA H200, 118027 MiB, 143771 MiB, 100 %, 333.21 W
2026/08/14 06:00:55.254, 0, NVIDIA H200, 118027 MiB, 143771 MiB, 100 %, 333.47 W
2026/08/14 06:00:56.257, 0, NVIDIA H200, 118027 MiB, 143771 MiB, 100 %, 332.96 W
2026/08/14 06:00:57.261, 0, NVIDIA H200, 118027 MiB, 143771 MiB, 100 %, 333.34 W
2026/08/14 06:00:58.264, 0, NVIDIA H200, 118027 MiB, 143771 MiB, 100 %, 333.92 W
2026/08/14 06:00:59.268, 0, NVIDIA H200, 118027 MiB, 143771 MiB, 0 %, 228.44 W
2026/08/14 06:01:00.270, 0, NVIDIA H200, 118027 MiB, 143771 MiB, 100 %, 324.07 W
2026/08/14 06:01:01.280, 0, NVIDIA H200, 118027 MiB, 143771 MiB, 100 %, 324.97 W
2026/08/14 06:01:02.283, 0, NVIDIA H200, 118027 MiB, 143771 MiB, 100 %, 325.21 W
2026/08/14 06:01:03.289, 0, NVIDIA H200, 118027 MiB, 143771 MiB, 100 %, 324.72 W
2026/08/14 06:01:04.293, 0, NVIDIA H200, 118027 MiB, 143771 MiB, 100 %, 325.59 W
2026/08/14 06:01:05.298, 0, NVIDIA H200, 118027 MiB, 143771 MiB, 100 %, 326.05 W
2026/08/14 06:01:06.302, 0, NVIDIA H200, 118027 MiB, 143771 MiB, 100 %, 326.67 W
2026/08/14 06:01:07.304, 0, NVIDIA H200, 118027 MiB, 143771 MiB, 100 %, 326.47 W
2026/08/14 06:01:08.308, 0, NVIDIA H200, 118027 MiB, 143771 MiB, 0 %, 185.53 W
2026/08/14 06:01:09.311, 0, NVIDIA H200, 118027 MiB, 143771 MiB, 100 %, 214.32 W
2026/08/14 06:01:10.314, 0, NVIDIA H200, 118027 MiB, 143771 MiB, 0 %, 185.52 W
2026/08/14 06:01:11.316, 0, NVIDIA H200, 118027 MiB, 143771 MiB, 100 %, 323.20 W
2026/08/14 06:01:12.319, 0, NVIDIA H200, 118027 MiB, 143771 MiB, 0 %, 262.82 W
2026/08/14 06:01:13.323, 0, NVIDIA H200, 118027 MiB, 143771 MiB, 100 %, 298.23 W
2026/08/14 06:01:14.326, 0, NVIDIA H200, 118027 MiB, 143771 MiB, 100 %, 323.77 W
2026/08/14 06:01:15.329, 0, NVIDIA H200, 118027 MiB, 143771 MiB, 100 %, 323.59 W
2026/08/14 06:01:16.332, 0, NVIDIA H200, 118027 MiB, 143771 MiB, 0 %, 174.69 W
2026/08/14 06:01:17.335, 0, NVIDIA H200, 118027 MiB, 143771 MiB, 100 %, 245.26 W
2026/08/14 06:01:18.338, 0, NVIDIA H200, 118027 MiB, 143771 MiB, 0 %, 185.33 W
2026/08/14 06:01:19.342, 0, NVIDIA H200, 118027 MiB, 143771 MiB, 100 %, 322.95 W
2026/08/14 06:01:20.345, 0, NVIDIA H200, 118027 MiB, 143771 MiB, 100 %, 323.43 W
2026/08/14 06:01:21.348, 0, NVIDIA H200, 118027 MiB, 143771 MiB, 100 %, 322.69 W
2026/08/14 06:01:22.351, 0, NVIDIA H200, 118027 MiB, 143771 MiB, 100 %, 323.76 W
2026/08/14 06:01:23.354, 0, NVIDIA H200, 118027 MiB, 143771 MiB, 100 %, 324.89 W
2026/08/14 06:01:24.356, 0, NVIDIA H200, 118027 MiB, 143771 MiB, 100 %, 325.34 W
2026/08/14 06:01:25.360, 0, NVIDIA H200, 118027 MiB, 143771 MiB, 100 %, 325.51 W
2026/08/14 06:01:26.362, 0, NVIDIA H200, 118027 MiB, 143771 MiB, 100 %, 325.13 W
2026/08/14 06:01:27.366, 0, NVIDIA H200, 118027 MiB, 143771 MiB, 100 %, 326.14 W
2026/08/14 06:01:28.370, 0, NVIDIA H200, 118027 MiB, 143771 MiB, 0 %, 262.94 W
2026/08/14 06:01:29.372, 0, NVIDIA H200, 118027 MiB, 143771 MiB, 100 %, 297.47 W
2026/08/14 06:01:30.376, 0, NVIDIA H200, 118027 MiB, 143771 MiB, 100 %, 323.72 W
2026/08/14 06:01:31.379, 0, NVIDIA H200, 118027 MiB, 143771 MiB, 100 %, 324.11 W
2026/08/14 06:01:32.382, 0, NVIDIA H200, 118027 MiB, 143771 MiB, 100 %, 325.04 W
2026/08/14 06:01:33.385, 0, NVIDIA H200, 118027 MiB, 143771 MiB, 100 %, 324.89 W
2026/08/14 06:01:34.388, 0, NVIDIA H200, 118027 MiB, 143771 MiB, 100 %, 325.09 W
2026/08/14 06:01:35.391, 0, NVIDIA H200, 118027 MiB, 143771 MiB, 100 %, 325.27 W
2026/08/14 06:01:36.394, 0, NVIDIA H200, 118027 MiB, 143771 MiB, 100 %, 326.60 W
2026/08/14 06:01:37.396, 0, NVIDIA H200, 118027 MiB, 143771 MiB, 100 %, 326.49 W
2026/08/14 06:01:38.399, 0, NVIDIA H200, 118027 MiB, 143771 MiB, 73 %, 244.35 W
2026/08/14 06:01:39.401, 0, NVIDIA H200, 118027 MiB, 143771 MiB, 0 %, 209.17 W
2026/08/14 06:01:40.404, 0, NVIDIA H200, 118027 MiB, 143771 MiB, 0 %, 209.83 W
2026/08/14 06:01:41.408, 0, NVIDIA H200, 118027 MiB, 143771 MiB, 100 %, 281.76 W
2026/08/14 06:01:42.410, 0, NVIDIA H200, 118027 MiB, 143771 MiB, 100 %, 321.76 W
2026/08/14 06:01:43.413, 0, NVIDIA H200, 118027 MiB, 143771 MiB, 100 %, 322.99 W
2026/08/14 06:01:44.417, 0, NVIDIA H200, 118027 MiB, 143771 MiB, 0 %, 265.71 W
2026/08/14 06:01:45.420, 0, NVIDIA H200, 118027 MiB, 143771 MiB, 100 %, 294.17 W
2026/08/14 06:01:46.422, 0, NVIDIA H200, 118027 MiB, 143771 MiB, 100 %, 322.57 W
2026/08/14 06:01:47.425, 0, NVIDIA H200, 118027 MiB, 143771 MiB, 100 %, 322.65 W
2026/08/14 06:01:48.428, 0, NVIDIA H200, 118027 MiB, 143771 MiB, 100 %, 322.96 W
2026/08/14 06:01:49.431, 0, NVIDIA H200, 118027 MiB, 143771 MiB, 68 %, 226.76 W
2026/08/14 06:01:50.434, 0, NVIDIA H200, 118027 MiB, 143771 MiB, 100 %, 209.55 W
2026/08/14 06:01:51.438, 0, NVIDIA H200, 118027 MiB, 143771 MiB, 0 %, 167.90 W
2026/08/14 06:01:52.441, 0, NVIDIA H200, 118027 MiB, 143771 MiB, 100 %, 318.20 W
2026/08/14 06:01:53.444, 0, NVIDIA H200, 118027 MiB, 143771 MiB, 100 %, 240.44 W
2026/08/14 06:01:54.447, 0, NVIDIA H200, 118027 MiB, 143771 MiB, 100 %, 321.75 W
2026/08/14 06:01:55.449, 0, NVIDIA H200, 118027 MiB, 143771 MiB, 100 %, 322.36 W
2026/08/14 06:01:56.452, 0, NVIDIA H200, 118027 MiB, 143771 MiB, 13 %, 298.14 W
2026/08/14 06:01:57.455, 0, NVIDIA H200, 118027 MiB, 143771 MiB, 100 %, 195.35 W
2026/08/14 06:01:58.458, 0, NVIDIA H200, 118027 MiB, 143771 MiB, 0 %, 182.54 W
2026/08/14 06:01:59.461, 0, NVIDIA H200, 118027 MiB, 143771 MiB, 100 %, 239.65 W
2026/08/14 06:02:00.464, 0, NVIDIA H200, 118027 MiB, 143771 MiB, 100 %, 321.34 W
2026/08/14 06:02:01.467, 0, NVIDIA H200, 118027 MiB, 143771 MiB, 100 %, 321.33 W
2026/08/14 06:02:02.471, 0, NVIDIA H200, 118027 MiB, 143771 MiB, 27 %, 300.77 W
2026/08/14 06:02:03.474, 0, NVIDIA H200, 118027 MiB, 143771 MiB, 100 %, 260.59 W
2026/08/14 06:02:04.477, 0, NVIDIA H200, 118027 MiB, 143771 MiB, 100 %, 322.23 W
2026/08/14 06:02:05.481, 0, NVIDIA H200, 118027 MiB, 143771 MiB, 100 %, 322.91 W
2026/08/14 06:02:06.484, 0, NVIDIA H200, 118027 MiB, 143771 MiB, 100 %, 322.32 W
2026/08/14 06:02:07.487, 0, NVIDIA H200, 118027 MiB, 143771 MiB, 100 %, 322.84 W
2026/08/14 06:02:08.490, 0, NVIDIA H200, 118027 MiB, 143771 MiB, 0 %, 184.79 W
2026/08/14 06:02:09.493, 0, NVIDIA H200, 118027 MiB, 143771 MiB, 76 %, 234.02 W
2026/08/14 06:02:10.496, 0, NVIDIA H200, 118027 MiB, 143771 MiB, 0 %, 199.46 W
2026/08/14 06:02:11.499, 0, NVIDIA H200, 118027 MiB, 143771 MiB, 100 %, 322.31 W
2026/08/14 06:02:12.502, 0, NVIDIA H200, 118027 MiB, 143771 MiB, 100 %, 322.15 W
2026/08/14 06:02:13.507, 0, NVIDIA H200, 118027 MiB, 143771 MiB, 100 %, 322.89 W
2026/08/14 06:02:14.510, 0, NVIDIA H200, 118027 MiB, 143771 MiB, 100 %, 323.52 W
2026/08/14 06:02:15.513, 0, NVIDIA H200, 118027 MiB, 143771 MiB, 100 %, 293.93 W
2026/08/14 06:02:16.517, 0, NVIDIA H200, 118027 MiB, 143771 MiB, 29 %, 197.39 W
2026/08/14 06:02:17.520, 0, NVIDIA H200, 118027 MiB, 143771 MiB, 0 %, 178.01 W
2026/08/14 06:02:18.523, 0, NVIDIA H200, 118027 MiB, 143771 MiB, 100 %, 236.65 W
2026/08/14 06:02:19.525, 0, NVIDIA H200, 118027 MiB, 143771 MiB, 100 %, 322.25 W
2026/08/14 06:02:20.527, 0, NVIDIA H200, 118027 MiB, 143771 MiB, 100 %, 321.74 W
2026/08/14 06:02:21.530, 0, NVIDIA H200, 118027 MiB, 143771 MiB, 100 %, 322.39 W
2026/08/14 06:02:22.533, 0, NVIDIA H200, 118027 MiB, 143771 MiB, 100 %, 233.14 W
2026/08/14 06:02:23.537, 0, NVIDIA H200, 118027 MiB, 143771 MiB, 100 %, 322.48 W
2026/08/14 06:02:24.539, 0, NVIDIA H200, 118027 MiB, 143771 MiB, 100 %, 322.18 W
2026/08/14 06:02:25.542, 0, NVIDIA H200, 118027 MiB, 143771 MiB, 0 %, 240.29 W
2026/08/14 06:02:26.545, 0, NVIDIA H200, 118027 MiB, 143771 MiB, 0 %, 197.51 W
2026/08/14 06:02:27.548, 0, NVIDIA H200, 118027 MiB, 143771 MiB, 100 %, 193.32 W
2026/08/14 06:02:28.550, 0, NVIDIA H200, 118027 MiB, 143771 MiB, 100 %, 273.01 W
2026/08/14 06:02:29.553, 0, NVIDIA H200, 118027 MiB, 143771 MiB, 100 %, 321.49 W
2026/08/14 06:02:30.555, 0, NVIDIA H200, 118027 MiB, 143771 MiB, 0 %, 251.33 W
2026/08/14 06:02:31.559, 0, NVIDIA H200, 118027 MiB, 143771 MiB, 100 %, 316.00 W
2026/08/14 06:02:32.563, 0, NVIDIA H200, 118027 MiB, 143771 MiB, 100 %, 322.19 W
2026/08/14 06:02:33.567, 0, NVIDIA H200, 118027 MiB, 143771 MiB, 100 %, 323.14 W
2026/08/14 06:02:34.569, 0, NVIDIA H200, 118027 MiB, 143771 MiB, 100 %, 322.95 W
2026/08/14 06:02:35.572, 0, NVIDIA H200, 118027 MiB, 143771 MiB, 59 %, 284.02 W
2026/08/14 06:02:36.575, 0, NVIDIA H200, 118027 MiB, 143771 MiB, 71 %, 235.50 W
2026/08/14 06:02:37.578, 0, NVIDIA H200, 118027 MiB, 143771 MiB, 0 %, 183.84 W
2026/08/14 06:02:38.580, 0, NVIDIA H200, 118027 MiB, 143771 MiB, 74 %, 221.44 W
2026/08/14 06:02:39.584, 0, NVIDIA H200, 118027 MiB, 143771 MiB, 100 %, 324.33 W
2026/08/14 06:02:40.587, 0, NVIDIA H200, 118027 MiB, 143771 MiB, 100 %, 324.64 W
2026/08/14 06:02:41.590, 0, NVIDIA H200, 118027 MiB, 143771 MiB, 100 %, 325.50 W
2026/08/14 06:02:42.593, 0, NVIDIA H200, 118027 MiB, 143771 MiB, 100 %, 325.85 W
2026/08/14 06:02:43.596, 0, NVIDIA H200, 118027 MiB, 143771 MiB, 0 %, 244.25 W
2026/08/14 06:02:44.599, 0, NVIDIA H200, 118027 MiB, 143771 MiB, 0 %, 196.61 W
2026/08/14 06:02:45.602, 0, NVIDIA H200, 118027 MiB, 143771 MiB, 100 %, 191.55 W
2026/08/14 06:02:46.605, 0, NVIDIA H200, 118027 MiB, 143771 MiB, 100 %, 251.49 W
2026/08/14 06:02:47.609, 0, NVIDIA H200, 118027 MiB, 143771 MiB, 100 %, 324.91 W
2026/08/14 06:02:48.612, 0, NVIDIA H200, 118027 MiB, 143771 MiB, 100 %, 324.83 W
2026/08/14 06:02:49.615, 0, NVIDIA H200, 118027 MiB, 143771 MiB, 100 %, 325.77 W
2026/08/14 06:02:50.618, 0, NVIDIA H200, 118027 MiB, 143771 MiB, 100 %, 326.17 W
2026/08/14 06:02:51.620, 0, NVIDIA H200, 118027 MiB, 143771 MiB, 100 %, 325.10 W
2026/08/14 06:02:52.624, 0, NVIDIA H200, 118027 MiB, 143771 MiB, 0 %, 208.19 W
2026/08/14 06:02:53.627, 0, NVIDIA H200, 118027 MiB, 143771 MiB, 89 %, 206.96 W
2026/08/14 06:02:54.630, 0, NVIDIA H200, 118027 MiB, 143771 MiB, 0 %, 176.51 W
2026/08/14 06:02:55.633, 0, NVIDIA H200, 118027 MiB, 143771 MiB, 100 %, 287.86 W
2026/08/14 06:02:56.636, 0, NVIDIA H200, 118027 MiB, 143771 MiB, 100 %, 324.95 W
2026/08/14 06:02:57.639, 0, NVIDIA H200, 118027 MiB, 143771 MiB, 100 %, 325.15 W
2026/08/14 06:02:58.641, 0, NVIDIA H200, 118027 MiB, 143771 MiB, 100 %, 326.06 W
2026/08/14 06:02:59.644, 0, NVIDIA H200, 118027 MiB, 143771 MiB, 0 %, 281.02 W
2026/08/14 06:03:00.647, 0, NVIDIA H200, 118027 MiB, 143771 MiB, 100 %, 226.36 W
2026/08/14 06:03:01.650, 0, NVIDIA H200, 118027 MiB, 143771 MiB, 0 %, 169.26 W
2026/08/14 06:03:02.653, 0, NVIDIA H200, 118027 MiB, 143771 MiB, 100 %, 228.29 W
2026/08/14 06:03:03.655, 0, NVIDIA H200, 118027 MiB, 143771 MiB, 100 %, 321.41 W
2026/08/14 06:03:04.658, 0, NVIDIA H200, 118027 MiB, 143771 MiB, 100 %, 322.59 W
2026/08/14 06:03:05.661, 0, NVIDIA H200, 118027 MiB, 143771 MiB, 100 %, 322.57 W
2026/08/14 06:03:06.663, 0, NVIDIA H200, 118027 MiB, 143771 MiB, 100 %, 324.31 W
2026/08/14 06:03:07.666, 0, NVIDIA H200, 118027 MiB, 143771 MiB, 100 %, 323.61 W
2026/08/14 06:03:08.669, 0, NVIDIA H200, 118027 MiB, 143771 MiB, 100 %, 323.92 W
2026/08/14 06:03:09.672, 0, NVIDIA H200, 118027 MiB, 143771 MiB, 0 %, 259.00 W
2026/08/14 06:03:10.676, 0, NVIDIA H200, 118027 MiB, 143771 MiB, 100 %, 306.11 W
2026/08/14 06:03:11.679, 0, NVIDIA H200, 118027 MiB, 143771 MiB, 100 %, 323.26 W
2026/08/14 06:03:12.682, 0, NVIDIA H200, 118027 MiB, 143771 MiB, 100 %, 324.49 W
2026/08/14 06:03:13.685, 0, NVIDIA H200, 118027 MiB, 143771 MiB, 100 %, 323.82 W
2026/08/14 06:03:14.688, 0, NVIDIA H200, 118027 MiB, 143771 MiB, 100 %, 323.95 W
2026/08/14 06:03:15.691, 0, NVIDIA H200, 118027 MiB, 143771 MiB, 100 %, 324.74 W
2026/08/14 06:03:16.694, 0, NVIDIA H200, 118027 MiB, 143771 MiB, 100 %, 324.49 W
2026/08/14 06:03:17.698, 0, NVIDIA H200, 118027 MiB, 143771 MiB, 100 %, 325.62 W
2026/08/14 06:03:18.701, 0, NVIDIA H200, 118027 MiB, 143771 MiB, 100 %, 325.40 W
2026/08/14 06:03:19.703, 0, NVIDIA H200, 118027 MiB, 143771 MiB, 100 %, 211.70 W
2026/08/14 06:03:20.706, 0, NVIDIA H200, 118027 MiB, 143771 MiB, 0 %, 221.55 W
2026/08/14 06:03:21.709, 0, NVIDIA H200, 118027 MiB, 143771 MiB, 7 %, 183.80 W
2026/08/14 06:03:22.712, 0, NVIDIA H200, 118027 MiB, 143771 MiB, 100 %, 194.93 W
2026/08/14 06:03:23.714, 0, NVIDIA H200, 118027 MiB, 143771 MiB, 0 %, 176.19 W
2026/08/14 06:03:24.717, 0, NVIDIA H200, 118027 MiB, 143771 MiB, 56 %, 196.94 W
2026/08/14 06:03:25.720, 0, NVIDIA H200, 118027 MiB, 143771 MiB, 0 %, 229.79 W
2026/08/14 06:03:26.723, 0, NVIDIA H200, 118027 MiB, 143771 MiB, 0 %, 169.40 W
2026/08/14 06:03:27.725, 0, NVIDIA H200, 118027 MiB, 143771 MiB, 100 %, 305.34 W
2026/08/14 06:03:28.728, 0, NVIDIA H200, 118027 MiB, 143771 MiB, 100 %, 321.58 W
2026/08/14 06:03:29.732, 0, NVIDIA H200, 118027 MiB, 143771 MiB, 100 %, 322.46 W
2026/08/14 06:03:30.735, 0, NVIDIA H200, 118027 MiB, 143771 MiB, 100 %, 323.47 W
2026/08/14 06:03:31.739, 0, NVIDIA H200, 118027 MiB, 143771 MiB, 100 %, 322.77 W
2026/08/14 06:03:32.741, 0, NVIDIA H200, 118027 MiB, 143771 MiB, 100 %, 323.53 W
2026/08/14 06:03:33.746, 0, NVIDIA H200, 118027 MiB, 143771 MiB, 100 %, 324.69 W
2026/08/14 06:03:34.749, 0, NVIDIA H200, 118027 MiB, 143771 MiB, 100 %, 324.81 W
2026/08/14 06:03:35.751, 0, NVIDIA H200, 118027 MiB, 143771 MiB, 100 %, 324.66 W
2026/08/14 06:03:36.754, 0, NVIDIA H200, 118027 MiB, 143771 MiB, 100 %, 325.00 W
2026/08/14 06:03:37.757, 0, NVIDIA H200, 118027 MiB, 143771 MiB, 100 %, 325.79 W
2026/08/14 06:03:38.760, 0, NVIDIA H200, 118027 MiB, 143771 MiB, 54 %, 280.20 W
2026/08/14 06:03:39.763, 0, NVIDIA H200, 118451 MiB, 143771 MiB, 0 %, 239.73 W
2026/08/14 06:03:40.765, 0, NVIDIA H200, 118451 MiB, 143771 MiB, 79 %, 199.65 W
2026/08/14 06:03:41.768, 0, NVIDIA H200, 118451 MiB, 143771 MiB, 0 %, 159.62 W
2026/08/14 06:03:42.771, 0, NVIDIA H200, 118451 MiB, 143771 MiB, 0 %, 162.21 W
2026/08/14 06:03:43.774, 0, NVIDIA H200, 118451 MiB, 143771 MiB, 100 %, 310.08 W
2026/08/14 06:03:44.777, 0, NVIDIA H200, 118451 MiB, 143771 MiB, 100 %, 321.51 W
2026/08/14 06:03:45.780, 0, NVIDIA H200, 118451 MiB, 143771 MiB, 100 %, 323.10 W
2026/08/14 06:03:46.783, 0, NVIDIA H200, 118451 MiB, 143771 MiB, 100 %, 323.51 W
2026/08/14 06:03:47.785, 0, NVIDIA H200, 118451 MiB, 143771 MiB, 100 %, 322.48 W
2026/08/14 06:03:48.789, 0, NVIDIA H200, 118451 MiB, 143771 MiB, 100 %, 324.64 W
2026/08/14 06:03:49.792, 0, NVIDIA H200, 118451 MiB, 143771 MiB, 100 %, 325.08 W
2026/08/14 06:03:50.795, 0, NVIDIA H200, 118451 MiB, 143771 MiB, 100 %, 324.81 W
2026/08/14 06:03:51.798, 0, NVIDIA H200, 118451 MiB, 143771 MiB, 74 %, 284.10 W
2026/08/14 06:03:52.801, 0, NVIDIA H200, 118451 MiB, 143771 MiB, 63 %, 202.16 W
2026/08/14 06:03:53.804, 0, NVIDIA H200, 118451 MiB, 143771 MiB, 0 %, 177.94 W
2026/08/14 06:03:54.808, 0, NVIDIA H200, 118451 MiB, 143771 MiB, 100 %, 240.69 W
2026/08/14 06:03:55.811, 0, NVIDIA H200, 118451 MiB, 143771 MiB, 100 %, 321.65 W
2026/08/14 06:03:56.814, 0, NVIDIA H200, 118451 MiB, 143771 MiB, 100 %, 323.11 W
2026/08/14 06:03:57.817, 0, NVIDIA H200, 118451 MiB, 143771 MiB, 100 %, 322.95 W
2026/08/14 06:03:58.820, 0, NVIDIA H200, 118451 MiB, 143771 MiB, 100 %, 325.42 W
2026/08/14 06:03:59.822, 0, NVIDIA H200, 118451 MiB, 143771 MiB, 100 %, 322.80 W
2026/08/14 06:04:00.825, 0, NVIDIA H200, 118451 MiB, 143771 MiB, 100 %, 324.89 W
2026/08/14 06:04:01.828, 0, NVIDIA H200, 118451 MiB, 143771 MiB, 64 %, 321.86 W
2026/08/14 06:04:02.830, 0, NVIDIA H200, 118995 MiB, 143771 MiB, 100 %, 304.33 W
2026/08/14 06:04:03.833, 0, NVIDIA H200, 118995 MiB, 143771 MiB, 100 %, 337.02 W
2026/08/14 06:04:04.836, 0, NVIDIA H200, 118995 MiB, 143771 MiB, 100 %, 338.09 W
2026/08/14 06:04:05.839, 0, NVIDIA H200, 118995 MiB, 143771 MiB, 100 %, 338.48 W
2026/08/14 06:04:06.842, 0, NVIDIA H200, 118995 MiB, 143771 MiB, 100 %, 339.29 W
2026/08/14 06:04:07.844, 0, NVIDIA H200, 118995 MiB, 143771 MiB, 100 %, 339.23 W
2026/08/14 06:04:08.848, 0, NVIDIA H200, 118995 MiB, 143771 MiB, 0 %, 303.84 W
2026/08/14 06:04:09.851, 0, NVIDIA H200, 118995 MiB, 143771 MiB, 100 %, 224.43 W
2026/08/14 06:04:10.855, 0, NVIDIA H200, 118995 MiB, 143771 MiB, 0 %, 207.52 W
2026/08/14 06:04:11.858, 0, NVIDIA H200, 118995 MiB, 143771 MiB, 100 %, 198.20 W
2026/08/14 06:04:12.861, 0, NVIDIA H200, 118995 MiB, 143771 MiB, 100 %, 323.51 W
2026/08/14 06:04:13.864, 0, NVIDIA H200, 118995 MiB, 143771 MiB, 100 %, 327.09 W
2026/08/14 06:04:14.867, 0, NVIDIA H200, 118995 MiB, 143771 MiB, 100 %, 328.23 W
2026/08/14 06:04:15.871, 0, NVIDIA H200, 118995 MiB, 143771 MiB, 100 %, 326.38 W
2026/08/14 06:04:16.873, 0, NVIDIA H200, 118995 MiB, 143771 MiB, 100 %, 327.62 W
2026/08/14 06:04:17.876, 0, NVIDIA H200, 118995 MiB, 143771 MiB, 100 %, 242.36 W
2026/08/14 06:04:18.879, 0, NVIDIA H200, 118995 MiB, 143771 MiB, 0 %, 173.00 W
2026/08/14 06:04:19.883, 0, NVIDIA H200, 118995 MiB, 143771 MiB, 11 %, 218.70 W
2026/08/14 06:04:20.886, 0, NVIDIA H200, 118995 MiB, 143771 MiB, 100 %, 261.50 W
2026/08/14 06:04:21.889, 0, NVIDIA H200, 118995 MiB, 143771 MiB, 100 %, 327.54 W
2026/08/14 06:04:22.892, 0, NVIDIA H200, 118995 MiB, 143771 MiB, 100 %, 325.09 W
2026/08/14 06:04:23.895, 0, NVIDIA H200, 118995 MiB, 143771 MiB, 100 %, 326.35 W
2026/08/14 06:04:24.897, 0, NVIDIA H200, 118995 MiB, 143771 MiB, 100 %, 327.48 W
2026/08/14 06:04:25.900, 0, NVIDIA H200, 118995 MiB, 143771 MiB, 100 %, 328.18 W
2026/08/14 06:04:26.903, 0, NVIDIA H200, 118995 MiB, 143771 MiB, 100 %, 328.45 W
2026/08/14 06:04:27.906, 0, NVIDIA H200, 118995 MiB, 143771 MiB, 100 %, 328.69 W
2026/08/14 06:04:28.909, 0, NVIDIA H200, 118995 MiB, 143771 MiB, 67 %, 321.52 W
2026/08/14 06:04:29.913, 0, NVIDIA H200, 118995 MiB, 143771 MiB, 100 %, 250.64 W
2026/08/14 06:04:30.915, 0, NVIDIA H200, 118995 MiB, 143771 MiB, 100 %, 328.93 W
2026/08/14 06:04:31.918, 0, NVIDIA H200, 118995 MiB, 143771 MiB, 100 %, 329.21 W
2026/08/14 06:04:32.920, 0, NVIDIA H200, 118995 MiB, 143771 MiB, 100 %, 329.25 W
2026/08/14 06:04:33.923, 0, NVIDIA H200, 118995 MiB, 143771 MiB, 100 %, 330.54 W
2026/08/14 06:04:34.926, 0, NVIDIA H200, 118995 MiB, 143771 MiB, 100 %, 330.45 W
2026/08/14 06:04:35.929, 0, NVIDIA H200, 118995 MiB, 143771 MiB, 100 %, 330.89 W
2026/08/14 06:04:36.932, 0, NVIDIA H200, 118995 MiB, 143771 MiB, 100 %, 331.00 W
2026/08/14 06:04:37.935, 0, NVIDIA H200, 118995 MiB, 143771 MiB, 77 %, 228.82 W
2026/08/14 06:04:38.938, 0, NVIDIA H200, 118995 MiB, 143771 MiB, 0 %, 164.82 W
2026/08/14 06:04:39.941, 0, NVIDIA H200, 118995 MiB, 143771 MiB, 28 %, 198.85 W
2026/08/14 06:04:40.946, 0, NVIDIA H200, 118995 MiB, 143771 MiB, 100 %, 269.40 W
2026/08/14 06:04:41.950, 0, NVIDIA H200, 118995 MiB, 143771 MiB, 100 %, 325.97 W
2026/08/14 06:04:42.957, 0, NVIDIA H200, 118995 MiB, 143771 MiB, 100 %, 325.83 W
2026/08/14 06:04:43.960, 0, NVIDIA H200, 118995 MiB, 143771 MiB, 100 %, 326.85 W
2026/08/14 06:04:44.965, 0, NVIDIA H200, 118995 MiB, 143771 MiB, 100 %, 327.67 W
2026/08/14 06:04:45.968, 0, NVIDIA H200, 118995 MiB, 143771 MiB, 100 %, 327.86 W
2026/08/14 06:04:46.975, 0, NVIDIA H200, 118995 MiB, 143771 MiB, 100 %, 327.94 W
2026/08/14 06:04:47.977, 0, NVIDIA H200, 118995 MiB, 143771 MiB, 100 %, 327.53 W
2026/08/14 06:04:48.981, 0, NVIDIA H200, 118995 MiB, 143771 MiB, 100 %, 328.57 W
2026/08/14 06:04:49.983, 0, NVIDIA H200, 118995 MiB, 143771 MiB, 100 %, 328.62 W
2026/08/14 06:04:50.985, 0, NVIDIA H200, 118995 MiB, 143771 MiB, 100 %, 328.55 W
2026/08/14 06:04:51.989, 0, NVIDIA H200, 118995 MiB, 143771 MiB, 100 %, 328.54 W
2026/08/14 06:04:52.992, 0, NVIDIA H200, 118995 MiB, 143771 MiB, 0 %, 253.57 W
2026/08/14 06:04:53.995, 0, NVIDIA H200, 118995 MiB, 143771 MiB, 100 %, 326.16 W
2026/08/14 06:04:55.001, 0, NVIDIA H200, 118995 MiB, 143771 MiB, 100 %, 329.54 W
2026/08/14 06:04:56.004, 0, NVIDIA H200, 118995 MiB, 143771 MiB, 100 %, 330.20 W
2026/08/14 06:04:57.006, 0, NVIDIA H200, 118995 MiB, 143771 MiB, 100 %, 330.90 W
2026/08/14 06:04:58.009, 0, NVIDIA H200, 118995 MiB, 143771 MiB, 100 %, 330.75 W
2026/08/14 06:04:59.012, 0, NVIDIA H200, 118995 MiB, 143771 MiB, 100 %, 331.48 W
2026/08/14 06:05:00.015, 0, NVIDIA H200, 118995 MiB, 143771 MiB, 100 %, 332.58 W
2026/08/14 06:05:01.018, 0, NVIDIA H200, 118995 MiB, 143771 MiB, 100 %, 331.93 W
2026/08/14 06:05:02.022, 0, NVIDIA H200, 118995 MiB, 143771 MiB, 100 %, 332.26 W
2026/08/14 06:05:03.024, 0, NVIDIA H200, 118995 MiB, 143771 MiB, 100 %, 333.01 W
2026/08/14 06:05:04.028, 0, NVIDIA H200, 118995 MiB, 143771 MiB, 100 %, 333.84 W
2026/08/14 06:05:05.030, 0, NVIDIA H200, 118995 MiB, 143771 MiB, 100 %, 333.15 W
2026/08/14 06:05:06.033, 0, NVIDIA H200, 118995 MiB, 143771 MiB, 100 %, 333.69 W
2026/08/14 06:05:07.036, 0, NVIDIA H200, 118995 MiB, 143771 MiB, 100 %, 334.60 W
2026/08/14 06:05:08.038, 0, NVIDIA H200, 118995 MiB, 143771 MiB, 100 %, 334.96 W
2026/08/14 06:05:09.042, 0, NVIDIA H200, 118995 MiB, 143771 MiB, 100 %, 335.04 W
2026/08/14 06:05:10.044, 0, NVIDIA H200, 118995 MiB, 143771 MiB, 100 %, 334.76 W
2026/08/14 06:05:11.047, 0, NVIDIA H200, 118995 MiB, 143771 MiB, 100 %, 337.79 W
2026/08/14 06:05:12.049, 0, NVIDIA H200, 118995 MiB, 143771 MiB, 93 %, 230.39 W
2026/08/14 06:05:13.052, 0, NVIDIA H200, 118995 MiB, 143771 MiB, 0 %, 218.34 W
2026/08/14 06:05:14.056, 0, NVIDIA H200, 118995 MiB, 143771 MiB, 83 %, 216.99 W
2026/08/14 06:05:15.060, 0, NVIDIA H200, 118995 MiB, 143771 MiB, 100 %, 253.38 W
2026/08/14 06:05:16.062, 0, NVIDIA H200, 118995 MiB, 143771 MiB, 100 %, 324.39 W
2026/08/14 06:05:17.064, 0, NVIDIA H200, 118995 MiB, 143771 MiB, 100 %, 325.13 W
2026/08/14 06:05:18.067, 0, NVIDIA H200, 118995 MiB, 143771 MiB, 100 %, 325.14 W
2026/08/14 06:05:19.070, 0, NVIDIA H200, 118995 MiB, 143771 MiB, 100 %, 325.47 W
2026/08/14 06:05:20.073, 0, NVIDIA H200, 118995 MiB, 143771 MiB, 100 %, 325.80 W
2026/08/14 06:05:21.076, 0, NVIDIA H200, 118995 MiB, 143771 MiB, 100 %, 326.18 W
2026/08/14 06:05:22.079, 0, NVIDIA H200, 118995 MiB, 143771 MiB, 100 %, 327.60 W
2026/08/14 06:05:23.081, 0, NVIDIA H200, 118995 MiB, 143771 MiB, 100 %, 326.21 W
2026/08/14 06:05:24.083, 0, NVIDIA H200, 118995 MiB, 143771 MiB, 100 %, 328.74 W
2026/08/14 06:05:25.087, 0, NVIDIA H200, 118995 MiB, 143771 MiB, 100 %, 327.93 W
2026/08/14 06:05:26.089, 0, NVIDIA H200, 118995 MiB, 143771 MiB, 100 %, 328.05 W
2026/08/14 06:05:27.095, 0, NVIDIA H200, 118995 MiB, 143771 MiB, 100 %, 328.77 W
2026/08/14 06:05:28.098, 0, NVIDIA H200, 118995 MiB, 143771 MiB, 100 %, 329.05 W
2026/08/14 06:05:29.100, 0, NVIDIA H200, 118995 MiB, 143771 MiB, 100 %, 329.42 W
2026/08/14 06:05:30.103, 0, NVIDIA H200, 118995 MiB, 143771 MiB, 100 %, 329.30 W
2026/08/14 06:05:31.106, 0, NVIDIA H200, 118995 MiB, 143771 MiB, 100 %, 330.27 W
2026/08/14 06:05:32.111, 0, NVIDIA H200, 118995 MiB, 143771 MiB, 100 %, 330.35 W
2026/08/14 06:05:33.114, 0, NVIDIA H200, 118995 MiB, 143771 MiB, 100 %, 330.83 W
2026/08/14 06:05:34.116, 0, NVIDIA H200, 118995 MiB, 143771 MiB, 100 %, 330.75 W
2026/08/14 06:05:35.118, 0, NVIDIA H200, 118995 MiB, 143771 MiB, 100 %, 332.17 W
2026/08/14 06:05:36.122, 0, NVIDIA H200, 118995 MiB, 143771 MiB, 100 %, 332.13 W
2026/08/14 06:05:37.126, 0, NVIDIA H200, 118995 MiB, 143771 MiB, 100 %, 331.80 W
2026/08/14 06:05:38.128, 0, NVIDIA H200, 118995 MiB, 143771 MiB, 100 %, 332.48 W
2026/08/14 06:05:39.132, 0, NVIDIA H200, 118995 MiB, 143771 MiB, 100 %, 332.97 W
2026/08/14 06:05:40.135, 0, NVIDIA H200, 118995 MiB, 143771 MiB, 100 %, 333.24 W
2026/08/14 06:05:41.138, 0, NVIDIA H200, 118995 MiB, 143771 MiB, 100 %, 333.20 W
2026/08/14 06:05:42.140, 0, NVIDIA H200, 118995 MiB, 143771 MiB, 100 %, 333.57 W
2026/08/14 06:05:43.143, 0, NVIDIA H200, 118995 MiB, 143771 MiB, 100 %, 333.82 W
2026/08/14 06:05:44.145, 0, NVIDIA H200, 118995 MiB, 143771 MiB, 100 %, 334.10 W
2026/08/14 06:05:45.148, 0, NVIDIA H200, 118995 MiB, 143771 MiB, 100 %, 334.40 W
2026/08/14 06:05:46.151, 0, NVIDIA H200, 118995 MiB, 143771 MiB, 100 %, 334.56 W
2026/08/14 06:05:47.153, 0, NVIDIA H200, 118995 MiB, 143771 MiB, 100 %, 334.98 W
2026/08/14 06:05:48.154, 0, NVIDIA H200, 118995 MiB, 143771 MiB, 100 %, 334.87 W
2026/08/14 06:05:49.156, 0, NVIDIA H200, 118995 MiB, 143771 MiB, 14 %, 225.11 W
2026/08/14 06:05:50.158, 0, NVIDIA H200, 118995 MiB, 143771 MiB, 100 %, 325.88 W
2026/08/14 06:05:51.160, 0, NVIDIA H200, 118995 MiB, 143771 MiB, 100 %, 326.09 W
2026/08/14 06:05:52.164, 0, NVIDIA H200, 118995 MiB, 143771 MiB, 100 %, 326.64 W
2026/08/14 06:05:53.168, 0, NVIDIA H200, 118995 MiB, 143771 MiB, 100 %, 327.44 W
2026/08/14 06:05:54.170, 0, NVIDIA H200, 118995 MiB, 143771 MiB, 100 %, 326.85 W
2026/08/14 06:05:55.174, 0, NVIDIA H200, 118995 MiB, 143771 MiB, 100 %, 327.57 W
2026/08/14 06:05:56.176, 0, NVIDIA H200, 118995 MiB, 143771 MiB, 100 %, 327.13 W
2026/08/14 06:05:57.179, 0, NVIDIA H200, 118995 MiB, 143771 MiB, 100 %, 328.79 W
2026/08/14 06:05:58.182, 0, NVIDIA H200, 118995 MiB, 143771 MiB, 100 %, 330.09 W
2026/08/14 06:05:59.185, 0, NVIDIA H200, 118995 MiB, 143771 MiB, 0 %, 224.45 W
2026/08/14 06:06:00.187, 0, NVIDIA H200, 118995 MiB, 143771 MiB, 0 %, 185.03 W
2026/08/14 06:06:01.189, 0, NVIDIA H200, 118995 MiB, 143771 MiB, 100 %, 198.87 W
2026/08/14 06:06:02.193, 0, NVIDIA H200, 118995 MiB, 143771 MiB, 100 %, 274.51 W
2026/08/14 06:06:03.196, 0, NVIDIA H200, 118995 MiB, 143771 MiB, 100 %, 325.41 W
2026/08/14 06:06:04.199, 0, NVIDIA H200, 118995 MiB, 143771 MiB, 100 %, 326.33 W
2026/08/14 06:06:05.202, 0, NVIDIA H200, 118995 MiB, 143771 MiB, 0 %, 238.58 W
2026/08/14 06:06:06.205, 0, NVIDIA H200, 118995 MiB, 143771 MiB, 0 %, 185.23 W
2026/08/14 06:06:07.208, 0, NVIDIA H200, 118995 MiB, 143771 MiB, 84 %, 213.69 W
2026/08/14 06:06:08.211, 0, NVIDIA H200, 118995 MiB, 143771 MiB, 100 %, 259.62 W
2026/08/14 06:06:09.213, 0, NVIDIA H200, 118995 MiB, 143771 MiB, 100 %, 325.52 W
2026/08/14 06:06:10.216, 0, NVIDIA H200, 118995 MiB, 143771 MiB, 100 %, 325.69 W
2026/08/14 06:06:11.219, 0, NVIDIA H200, 118995 MiB, 143771 MiB, 100 %, 326.25 W
2026/08/14 06:06:12.222, 0, NVIDIA H200, 118995 MiB, 143771 MiB, 100 %, 326.00 W
2026/08/14 06:06:13.226, 0, NVIDIA H200, 118995 MiB, 143771 MiB, 100 %, 326.63 W
2026/08/14 06:06:14.229, 0, NVIDIA H200, 118995 MiB, 143771 MiB, 100 %, 326.28 W
2026/08/14 06:06:15.232, 0, NVIDIA H200, 118995 MiB, 143771 MiB, 100 %, 327.97 W
2026/08/14 06:06:16.235, 0, NVIDIA H200, 118995 MiB, 143771 MiB, 100 %, 327.37 W
2026/08/14 06:06:17.238, 0, NVIDIA H200, 118995 MiB, 143771 MiB, 100 %, 329.41 W
2026/08/14 06:06:18.241, 0, NVIDIA H200, 118995 MiB, 143771 MiB, 100 %, 329.26 W
2026/08/14 06:06:19.244, 0, NVIDIA H200, 118995 MiB, 143771 MiB, 100 %, 328.38 W
2026/08/14 06:06:20.247, 0, NVIDIA H200, 118995 MiB, 143771 MiB, 0 %, 253.52 W
2026/08/14 06:06:21.250, 0, NVIDIA H200, 118995 MiB, 143771 MiB, 100 %, 218.87 W
2026/08/14 06:06:22.252, 0, NVIDIA H200, 118995 MiB, 143771 MiB, 0 %, 181.95 W
2026/08/14 06:06:23.256, 0, NVIDIA H200, 118995 MiB, 143771 MiB, 100 %, 243.78 W
2026/08/14 06:06:24.259, 0, NVIDIA H200, 118995 MiB, 143771 MiB, 100 %, 321.90 W
2026/08/14 06:06:25.263, 0, NVIDIA H200, 118995 MiB, 143771 MiB, 100 %, 322.74 W
2026/08/14 06:06:26.266, 0, NVIDIA H200, 118995 MiB, 143771 MiB, 100 %, 323.32 W
2026/08/14 06:06:27.272, 0, NVIDIA H200, 118995 MiB, 143771 MiB, 0 %, 243.86 W
2026/08/14 06:06:28.276, 0, NVIDIA H200, 118995 MiB, 143771 MiB, 0 %, 213.80 W
2026/08/14 06:06:29.282, 0, NVIDIA H200, 118995 MiB, 143771 MiB, 0 %, 196.26 W
2026/08/14 06:06:30.285, 0, NVIDIA H200, 118995 MiB, 143771 MiB, 100 %, 189.60 W
2026/08/14 06:06:31.289, 0, NVIDIA H200, 118995 MiB, 143771 MiB, 100 %, 321.89 W
2026/08/14 06:06:32.292, 0, NVIDIA H200, 118995 MiB, 143771 MiB, 100 %, 322.04 W
2026/08/14 06:06:33.297, 0, NVIDIA H200, 118995 MiB, 143771 MiB, 100 %, 322.15 W
2026/08/14 06:06:34.300, 0, NVIDIA H200, 118995 MiB, 143771 MiB, 26 %, 301.48 W
2026/08/14 06:06:35.302, 0, NVIDIA H200, 118995 MiB, 143771 MiB, 100 %, 262.04 W
2026/08/14 06:06:36.306, 0, NVIDIA H200, 118995 MiB, 143771 MiB, 100 %, 322.86 W
2026/08/14 06:06:37.309, 0, NVIDIA H200, 118995 MiB, 143771 MiB, 100 %, 323.49 W
2026/08/14 06:06:38.312, 0, NVIDIA H200, 118995 MiB, 143771 MiB, 100 %, 322.67 W
2026/08/14 06:06:39.315, 0, NVIDIA H200, 118995 MiB, 143771 MiB, 100 %, 323.33 W
2026/08/14 06:06:40.319, 0, NVIDIA H200, 118995 MiB, 143771 MiB, 6 %, 239.45 W
2026/08/14 06:06:41.322, 0, NVIDIA H200, 118995 MiB, 143771 MiB, 0 %, 190.09 W
2026/08/14 06:06:42.326, 0, NVIDIA H200, 118995 MiB, 143771 MiB, 0 %, 199.00 W
2026/08/14 06:06:43.328, 0, NVIDIA H200, 118995 MiB, 143771 MiB, 100 %, 283.05 W
2026/08/14 06:06:44.332, 0, NVIDIA H200, 118995 MiB, 143771 MiB, 100 %, 321.80 W
2026/08/14 06:06:45.336, 0, NVIDIA H200, 118995 MiB, 143771 MiB, 100 %, 322.20 W
2026/08/14 06:06:46.339, 0, NVIDIA H200, 118995 MiB, 143771 MiB, 100 %, 322.53 W
2026/08/14 06:06:47.342, 0, NVIDIA H200, 118995 MiB, 143771 MiB, 71 %, 197.01 W
2026/08/14 06:06:48.345, 0, NVIDIA H200, 118995 MiB, 143771 MiB, 100 %, 321.75 W
2026/08/14 06:06:49.347, 0, NVIDIA H200, 118995 MiB, 143771 MiB, 100 %, 322.90 W
2026/08/14 06:06:50.350, 0, NVIDIA H200, 118995 MiB, 143771 MiB, 100 %, 323.53 W
2026/08/14 06:06:51.353, 0, NVIDIA H200, 118995 MiB, 143771 MiB, 100 %, 323.00 W
2026/08/14 06:06:52.356, 0, NVIDIA H200, 118995 MiB, 143771 MiB, 76 %, 309.79 W
2026/08/14 06:06:53.359, 0, NVIDIA H200, 118995 MiB, 143771 MiB, 62 %, 236.48 W
2026/08/14 06:06:54.362, 0, NVIDIA H200, 118995 MiB, 143771 MiB, 0 %, 225.11 W
2026/08/14 06:06:55.365, 0, NVIDIA H200, 118995 MiB, 143771 MiB, 19 %, 187.63 W
2026/08/14 06:06:56.368, 0, NVIDIA H200, 118995 MiB, 143771 MiB, 100 %, 327.54 W
2026/08/14 06:06:57.372, 0, NVIDIA H200, 118995 MiB, 143771 MiB, 100 %, 328.14 W
2026/08/14 06:06:58.374, 0, NVIDIA H200, 118995 MiB, 143771 MiB, 100 %, 327.95 W
2026/08/14 06:06:59.378, 0, NVIDIA H200, 118995 MiB, 143771 MiB, 100 %, 328.52 W
2026/08/14 06:07:00.380, 0, NVIDIA H200, 118995 MiB, 143771 MiB, 100 %, 327.92 W
2026/08/14 06:07:01.383, 0, NVIDIA H200, 118995 MiB, 143771 MiB, 100 %, 328.87 W
2026/08/14 06:07:02.385, 0, NVIDIA H200, 118995 MiB, 143771 MiB, 100 %, 328.58 W
2026/08/14 06:07:03.387, 0, NVIDIA H200, 118995 MiB, 143771 MiB, 100 %, 329.03 W
2026/08/14 06:07:04.390, 0, NVIDIA H200, 118995 MiB, 143771 MiB, 0 %, 274.25 W
2026/08/14 06:07:05.393, 0, NVIDIA H200, 118995 MiB, 143771 MiB, 100 %, 237.92 W
2026/08/14 06:07:06.396, 0, NVIDIA H200, 118995 MiB, 143771 MiB, 100 %, 327.61 W
2026/08/14 06:07:07.399, 0, NVIDIA H200, 118995 MiB, 143771 MiB, 100 %, 327.97 W
2026/08/14 06:07:08.403, 0, NVIDIA H200, 118995 MiB, 143771 MiB, 100 %, 329.10 W
2026/08/14 06:07:09.405, 0, NVIDIA H200, 118995 MiB, 143771 MiB, 100 %, 328.51 W
2026/08/14 06:07:10.409, 0, NVIDIA H200, 118995 MiB, 143771 MiB, 100 %, 329.51 W
2026/08/14 06:07:11.412, 0, NVIDIA H200, 118995 MiB, 143771 MiB, 100 %, 329.37 W
2026/08/14 06:07:12.415, 0, NVIDIA H200, 118995 MiB, 143771 MiB, 100 %, 330.14 W
2026/08/14 06:07:13.418, 0, NVIDIA H200, 118995 MiB, 143771 MiB, 0 %, 162.78 W
2026/08/14 06:07:14.421, 0, NVIDIA H200, 118995 MiB, 143771 MiB, 97 %, 212.47 W
2026/08/14 06:07:15.424, 0, NVIDIA H200, 118995 MiB, 143771 MiB, 0 %, 162.50 W
2026/08/14 06:07:16.427, 0, NVIDIA H200, 118995 MiB, 143771 MiB, 100 %, 331.64 W
2026/08/14 06:07:17.430, 0, NVIDIA H200, 118995 MiB, 143771 MiB, 100 %, 327.27 W
2026/08/14 06:07:18.434, 0, NVIDIA H200, 118995 MiB, 143771 MiB, 0 %, 231.35 W
2026/08/14 06:07:19.437, 0, NVIDIA H200, 118995 MiB, 143771 MiB, 0 %, 198.08 W
2026/08/14 06:07:20.441, 0, NVIDIA H200, 118995 MiB, 143771 MiB, 0 %, 191.32 W
2026/08/14 06:07:21.444, 0, NVIDIA H200, 118995 MiB, 143771 MiB, 100 %, 235.80 W
2026/08/14 06:07:22.447, 0, NVIDIA H200, 118995 MiB, 143771 MiB, 100 %, 327.50 W
2026/08/14 06:07:23.449, 0, NVIDIA H200, 118995 MiB, 143771 MiB, 100 %, 327.62 W
2026/08/14 06:07:24.452, 0, NVIDIA H200, 118995 MiB, 143771 MiB, 100 %, 327.46 W
2026/08/14 06:07:25.455, 0, NVIDIA H200, 118995 MiB, 143771 MiB, 100 %, 328.38 W
2026/08/14 06:07:26.459, 0, NVIDIA H200, 118995 MiB, 143771 MiB, 100 %, 328.92 W
2026/08/14 06:07:27.461, 0, NVIDIA H200, 118995 MiB, 143771 MiB, 100 %, 329.33 W
2026/08/14 06:07:28.465, 0, NVIDIA H200, 118995 MiB, 143771 MiB, 100 %, 329.94 W
2026/08/14 06:07:29.467, 0, NVIDIA H200, 118995 MiB, 143771 MiB, 100 %, 330.38 W
2026/08/14 06:07:30.470, 0, NVIDIA H200, 118995 MiB, 143771 MiB, 100 %, 330.62 W
2026/08/14 06:07:31.473, 0, NVIDIA H200, 118995 MiB, 143771 MiB, 100 %, 331.47 W
2026/08/14 06:07:32.475, 0, NVIDIA H200, 118995 MiB, 143771 MiB, 99 %, 234.70 W
2026/08/14 06:07:33.478, 0, NVIDIA H200, 118995 MiB, 143771 MiB, 100 %, 328.57 W
2026/08/14 06:07:34.481, 0, NVIDIA H200, 118995 MiB, 143771 MiB, 100 %, 329.86 W
2026/08/14 06:07:35.485, 0, NVIDIA H200, 118995 MiB, 143771 MiB, 100 %, 329.29 W
2026/08/14 06:07:36.488, 0, NVIDIA H200, 118995 MiB, 143771 MiB, 100 %, 330.46 W
2026/08/14 06:07:37.490, 0, NVIDIA H200, 118995 MiB, 143771 MiB, 100 %, 330.72 W
2026/08/14 06:07:38.493, 0, NVIDIA H200, 118995 MiB, 143771 MiB, 100 %, 330.91 W
2026/08/14 06:07:39.496, 0, NVIDIA H200, 118995 MiB, 143771 MiB, 0 %, 229.82 W
2026/08/14 06:07:40.499, 0, NVIDIA H200, 118995 MiB, 143771 MiB, 0 %, 214.85 W
2026/08/14 06:07:41.502, 0, NVIDIA H200, 118995 MiB, 143771 MiB, 78 %, 208.10 W
2026/08/14 06:07:42.505, 0, NVIDIA H200, 118995 MiB, 143771 MiB, 100 %, 257.56 W
2026/08/14 06:07:43.509, 0, NVIDIA H200, 118995 MiB, 143771 MiB, 100 %, 323.11 W
2026/08/14 06:07:44.513, 0, NVIDIA H200, 118995 MiB, 143771 MiB, 100 %, 323.46 W
2026/08/14 06:07:45.516, 0, NVIDIA H200, 118995 MiB, 143771 MiB, 100 %, 324.44 W
2026/08/14 06:07:46.519, 0, NVIDIA H200, 118995 MiB, 143771 MiB, 100 %, 324.62 W
2026/08/14 06:07:47.522, 0, NVIDIA H200, 118995 MiB, 143771 MiB, 100 %, 232.28 W
2026/08/14 06:07:48.526, 0, NVIDIA H200, 118995 MiB, 143771 MiB, 0 %, 198.91 W
2026/08/14 06:07:49.529, 0, NVIDIA H200, 118995 MiB, 143771 MiB, 0 %, 205.35 W
2026/08/14 06:07:50.532, 0, NVIDIA H200, 118995 MiB, 143771 MiB, 100 %, 276.30 W
2026/08/14 06:07:51.535, 0, NVIDIA H200, 118995 MiB, 143771 MiB, 100 %, 323.36 W
2026/08/14 06:07:52.538, 0, NVIDIA H200, 118995 MiB, 143771 MiB, 100 %, 323.75 W
2026/08/14 06:07:53.540, 0, NVIDIA H200, 118995 MiB, 143771 MiB, 100 %, 324.90 W
2026/08/14 06:07:54.543, 0, NVIDIA H200, 118995 MiB, 143771 MiB, 100 %, 324.13 W
2026/08/14 06:07:55.545, 0, NVIDIA H200, 118995 MiB, 143771 MiB, 100 %, 324.58 W
2026/08/14 06:07:56.549, 0, NVIDIA H200, 118995 MiB, 143771 MiB, 83 %, 260.15 W
2026/08/14 06:07:57.552, 0, NVIDIA H200, 118995 MiB, 143771 MiB, 100 %, 326.12 W
2026/08/14 06:07:58.556, 0, NVIDIA H200, 118995 MiB, 143771 MiB, 100 %, 327.48 W
2026/08/14 06:07:59.559, 0, NVIDIA H200, 118995 MiB, 143771 MiB, 100 %, 327.36 W
2026/08/14 06:08:00.562, 0, NVIDIA H200, 118995 MiB, 143771 MiB, 100 %, 327.76 W
2026/08/14 06:08:01.565, 0, NVIDIA H200, 118995 MiB, 143771 MiB, 100 %, 328.30 W
2026/08/14 06:08:02.568, 0, NVIDIA H200, 118995 MiB, 143771 MiB, 100 %, 328.73 W
2026/08/14 06:08:03.571, 0, NVIDIA H200, 118995 MiB, 143771 MiB, 100 %, 329.33 W
2026/08/14 06:08:04.573, 0, NVIDIA H200, 118995 MiB, 143771 MiB, 39 %, 202.63 W
2026/08/14 06:08:05.576, 0, NVIDIA H200, 118995 MiB, 143771 MiB, 59 %, 204.85 W
2026/08/14 06:08:06.579, 0, NVIDIA H200, 118995 MiB, 143771 MiB, 0 %, 171.70 W
2026/08/14 06:08:07.582, 0, NVIDIA H200, 118995 MiB, 143771 MiB, 100 %, 299.21 W
2026/08/14 06:08:08.585, 0, NVIDIA H200, 118995 MiB, 143771 MiB, 0 %, 243.66 W
2026/08/14 06:08:09.588, 0, NVIDIA H200, 118995 MiB, 143771 MiB, 75 %, 248.16 W
2026/08/14 06:08:10.591, 0, NVIDIA H200, 118995 MiB, 143771 MiB, 0 %, 203.74 W
2026/08/14 06:08:11.594, 0, NVIDIA H200, 118995 MiB, 143771 MiB, 0 %, 193.57 W
2026/08/14 06:08:12.597, 0, NVIDIA H200, 118995 MiB, 143771 MiB, 100 %, 310.87 W
2026/08/14 06:08:13.600, 0, NVIDIA H200, 118995 MiB, 143771 MiB, 100 %, 321.25 W
2026/08/14 06:08:14.603, 0, NVIDIA H200, 118995 MiB, 143771 MiB, 100 %, 321.22 W
2026/08/14 06:08:15.606, 0, NVIDIA H200, 118995 MiB, 143771 MiB, 100 %, 322.15 W
2026/08/14 06:08:16.609, 0, NVIDIA H200, 118995 MiB, 143771 MiB, 100 %, 322.05 W
2026/08/14 06:08:17.613, 0, NVIDIA H200, 118995 MiB, 143771 MiB, 100 %, 322.70 W
2026/08/14 06:08:18.615, 0, NVIDIA H200, 118995 MiB, 143771 MiB, 100 %, 323.11 W
2026/08/14 06:08:19.619, 0, NVIDIA H200, 118995 MiB, 143771 MiB, 100 %, 322.13 W
2026/08/14 06:08:20.622, 0, NVIDIA H200, 118995 MiB, 143771 MiB, 100 %, 324.64 W
2026/08/14 06:08:21.625, 0, NVIDIA H200, 118995 MiB, 143771 MiB, 100 %, 324.12 W
2026/08/14 06:08:22.628, 0, NVIDIA H200, 118995 MiB, 143771 MiB, 100 %, 324.41 W
2026/08/14 06:08:23.630, 0, NVIDIA H200, 118995 MiB, 143771 MiB, 100 %, 325.01 W
2026/08/14 06:08:24.633, 0, NVIDIA H200, 118995 MiB, 143771 MiB, 100 %, 325.01 W
2026/08/14 06:08:25.637, 0, NVIDIA H200, 118995 MiB, 143771 MiB, 100 %, 326.08 W
2026/08/14 06:08:26.639, 0, NVIDIA H200, 118995 MiB, 143771 MiB, 100 %, 325.65 W
2026/08/14 06:08:27.641, 0, NVIDIA H200, 118995 MiB, 143771 MiB, 71 %, 284.82 W
2026/08/14 06:08:28.644, 0, NVIDIA H200, 118995 MiB, 143771 MiB, 0 %, 195.98 W
2026/08/14 06:08:29.647, 0, NVIDIA H200, 118995 MiB, 143771 MiB, 0 %, 185.61 W
2026/08/14 06:08:30.651, 0, NVIDIA H200, 118995 MiB, 143771 MiB, 100 %, 251.31 W
2026/08/14 06:08:31.654, 0, NVIDIA H200, 118995 MiB, 143771 MiB, 100 %, 321.12 W
2026/08/14 06:08:32.657, 0, NVIDIA H200, 118995 MiB, 143771 MiB, 100 %, 322.36 W
2026/08/14 06:08:33.660, 0, NVIDIA H200, 118995 MiB, 143771 MiB, 100 %, 322.80 W
2026/08/14 06:08:34.662, 0, NVIDIA H200, 118995 MiB, 143771 MiB, 100 %, 322.54 W
2026/08/14 06:08:35.665, 0, NVIDIA H200, 118995 MiB, 143771 MiB, 100 %, 322.59 W
2026/08/14 06:08:36.668, 0, NVIDIA H200, 118995 MiB, 143771 MiB, 100 %, 323.70 W
2026/08/14 06:08:37.671, 0, NVIDIA H200, 118995 MiB, 143771 MiB, 100 %, 322.27 W
2026/08/14 06:08:38.674, 0, NVIDIA H200, 118995 MiB, 143771 MiB, 100 %, 323.68 W
2026/08/14 06:08:39.678, 0, NVIDIA H200, 118995 MiB, 143771 MiB, 100 %, 324.09 W
2026/08/14 06:08:40.681, 0, NVIDIA H200, 118995 MiB, 143771 MiB, 100 %, 324.34 W
2026/08/14 06:08:41.684, 0, NVIDIA H200, 118995 MiB, 143771 MiB, 100 %, 325.12 W
2026/08/14 06:08:42.687, 0, NVIDIA H200, 118995 MiB, 143771 MiB, 100 %, 325.74 W
2026/08/14 06:08:43.690, 0, NVIDIA H200, 118995 MiB, 143771 MiB, 68 %, 220.97 W
2026/08/14 06:08:44.693, 0, NVIDIA H200, 118995 MiB, 143771 MiB, 96 %, 213.38 W
2026/08/14 06:08:45.696, 0, NVIDIA H200, 118995 MiB, 143771 MiB, 0 %, 164.27 W
2026/08/14 06:08:46.698, 0, NVIDIA H200, 118995 MiB, 143771 MiB, 100 %, 319.48 W
2026/08/14 06:08:47.702, 0, NVIDIA H200, 118995 MiB, 143771 MiB, 100 %, 321.95 W
2026/08/14 06:08:48.705, 0, NVIDIA H200, 118995 MiB, 143771 MiB, 100 %, 322.33 W
2026/08/14 06:08:49.708, 0, NVIDIA H200, 118995 MiB, 143771 MiB, 100 %, 322.72 W
2026/08/14 06:08:50.712, 0, NVIDIA H200, 118995 MiB, 143771 MiB, 100 %, 322.88 W
2026/08/14 06:08:51.715, 0, NVIDIA H200, 118995 MiB, 143771 MiB, 0 %, 286.35 W
2026/08/14 06:08:52.719, 0, NVIDIA H200, 118995 MiB, 143771 MiB, 29 %, 205.83 W
2026/08/14 06:08:53.722, 0, NVIDIA H200, 118995 MiB, 143771 MiB, 25 %, 210.60 W
2026/08/14 06:08:54.724, 0, NVIDIA H200, 118995 MiB, 143771 MiB, 0 %, 203.49 W
2026/08/14 06:08:55.727, 0, NVIDIA H200, 118995 MiB, 143771 MiB, 100 %, 287.60 W
2026/08/14 06:08:56.731, 0, NVIDIA H200, 118995 MiB, 143771 MiB, 100 %, 321.52 W
2026/08/14 06:08:57.733, 0, NVIDIA H200, 118995 MiB, 143771 MiB, 100 %, 322.85 W
2026/08/14 06:08:58.736, 0, NVIDIA H200, 118995 MiB, 143771 MiB, 100 %, 322.08 W
2026/08/14 06:08:59.739, 0, NVIDIA H200, 118995 MiB, 143771 MiB, 100 %, 321.97 W
2026/08/14 06:09:00.742, 0, NVIDIA H200, 118995 MiB, 143771 MiB, 100 %, 322.67 W
2026/08/14 06:09:01.746, 0, NVIDIA H200, 118995 MiB, 143771 MiB, 100 %, 251.33 W
2026/08/14 06:09:02.748, 0, NVIDIA H200, 118995 MiB, 143771 MiB, 44 %, 173.64 W
2026/08/14 06:09:03.752, 0, NVIDIA H200, 118995 MiB, 143771 MiB, 0 %, 195.86 W
2026/08/14 06:09:04.754, 0, NVIDIA H200, 118995 MiB, 143771 MiB, 100 %, 200.13 W
2026/08/14 06:09:05.757, 0, NVIDIA H200, 118995 MiB, 143771 MiB, 100 %, 320.04 W
2026/08/14 06:09:06.760, 0, NVIDIA H200, 118995 MiB, 143771 MiB, 100 %, 320.17 W
2026/08/14 06:09:07.763, 0, NVIDIA H200, 118995 MiB, 143771 MiB, 100 %, 321.42 W
2026/08/14 06:09:08.765, 0, NVIDIA H200, 118995 MiB, 143771 MiB, 100 %, 321.18 W
2026/08/14 06:09:09.768, 0, NVIDIA H200, 118995 MiB, 143771 MiB, 100 %, 321.36 W
2026/08/14 06:09:10.771, 0, NVIDIA H200, 118995 MiB, 143771 MiB, 100 %, 240.40 W
2026/08/14 06:09:11.774, 0, NVIDIA H200, 118995 MiB, 143771 MiB, 100 %, 321.07 W
2026/08/14 06:09:12.777, 0, NVIDIA H200, 118995 MiB, 143771 MiB, 100 %, 322.11 W
2026/08/14 06:09:13.780, 0, NVIDIA H200, 118995 MiB, 143771 MiB, 100 %, 322.35 W
2026/08/14 06:09:14.783, 0, NVIDIA H200, 118995 MiB, 143771 MiB, 100 %, 322.55 W
2026/08/14 06:09:15.786, 0, NVIDIA H200, 118995 MiB, 143771 MiB, 100 %, 322.71 W
2026/08/14 06:09:16.789, 0, NVIDIA H200, 118995 MiB, 143771 MiB, 100 %, 323.12 W
2026/08/14 06:09:17.792, 0, NVIDIA H200, 118995 MiB, 143771 MiB, 100 %, 323.35 W
2026/08/14 06:09:18.796, 0, NVIDIA H200, 118995 MiB, 143771 MiB, 0 %, 304.26 W
2026/08/14 06:09:19.800, 0, NVIDIA H200, 118995 MiB, 143771 MiB, 100 %, 193.34 W
2026/08/14 06:09:20.803, 0, NVIDIA H200, 118995 MiB, 143771 MiB, 0 %, 172.00 W
2026/08/14 06:09:21.806, 0, NVIDIA H200, 118995 MiB, 143771 MiB, 100 %, 226.62 W
2026/08/14 06:09:22.810, 0, NVIDIA H200, 118995 MiB, 143771 MiB, 100 %, 320.28 W
2026/08/14 06:09:23.812, 0, NVIDIA H200, 118995 MiB, 143771 MiB, 100 %, 322.77 W
2026/08/14 06:09:24.815, 0, NVIDIA H200, 118995 MiB, 143771 MiB, 100 %, 322.77 W
2026/08/14 06:09:25.817, 0, NVIDIA H200, 118995 MiB, 143771 MiB, 100 %, 322.87 W
2026/08/14 06:09:26.820, 0, NVIDIA H200, 118995 MiB, 143771 MiB, 100 %, 322.87 W
2026/08/14 06:09:27.824, 0, NVIDIA H200, 118995 MiB, 143771 MiB, 100 %, 323.15 W
2026/08/14 06:09:28.827, 0, NVIDIA H200, 118995 MiB, 143771 MiB, 100 %, 324.23 W
2026/08/14 06:09:29.830, 0, NVIDIA H200, 118995 MiB, 143771 MiB, 100 %, 324.17 W
2026/08/14 06:09:30.833, 0, NVIDIA H200, 118995 MiB, 143771 MiB, 100 %, 324.67 W
2026/08/14 06:09:31.836, 0, NVIDIA H200, 118995 MiB, 143771 MiB, 100 %, 324.48 W
2026/08/14 06:09:32.839, 0, NVIDIA H200, 118995 MiB, 143771 MiB, 100 %, 327.56 W
2026/08/14 06:09:33.842, 0, NVIDIA H200, 118995 MiB, 143771 MiB, 100 %, 325.66 W
2026/08/14 06:09:34.846, 0, NVIDIA H200, 118995 MiB, 143771 MiB, 100 %, 327.69 W
2026/08/14 06:09:35.849, 0, NVIDIA H200, 118995 MiB, 143771 MiB, 100 %, 325.83 W
2026/08/14 06:09:36.852, 0, NVIDIA H200, 118995 MiB, 143771 MiB, 100 %, 326.51 W
2026/08/14 06:09:37.855, 0, NVIDIA H200, 118995 MiB, 143771 MiB, 100 %, 327.34 W
2026/08/14 06:09:38.857, 0, NVIDIA H200, 118995 MiB, 143771 MiB, 100 %, 327.19 W
2026/08/14 06:09:39.860, 0, NVIDIA H200, 118995 MiB, 143771 MiB, 100 %, 327.32 W
2026/08/14 06:09:40.863, 0, NVIDIA H200, 118995 MiB, 143771 MiB, 100 %, 328.30 W
2026/08/14 06:09:41.865, 0, NVIDIA H200, 118995 MiB, 143771 MiB, 100 %, 328.15 W
2026/08/14 06:09:42.869, 0, NVIDIA H200, 118995 MiB, 143771 MiB, 100 %, 328.80 W
2026/08/14 06:09:43.872, 0, NVIDIA H200, 118995 MiB, 143771 MiB, 100 %, 329.96 W
2026/08/14 06:09:44.875, 0, NVIDIA H200, 118995 MiB, 143771 MiB, 100 %, 330.15 W
2026/08/14 06:09:45.878, 0, NVIDIA H200, 118995 MiB, 143771 MiB, 100 %, 328.96 W
2026/08/14 06:09:46.881, 0, NVIDIA H200, 118995 MiB, 143771 MiB, 100 %, 329.91 W
2026/08/14 06:09:47.885, 0, NVIDIA H200, 118995 MiB, 143771 MiB, 100 %, 330.51 W
2026/08/14 06:09:48.887, 0, NVIDIA H200, 118995 MiB, 143771 MiB, 100 %, 330.47 W
2026/08/14 06:09:49.891, 0, NVIDIA H200, 118995 MiB, 143771 MiB, 100 %, 331.45 W
2026/08/14 06:09:50.893, 0, NVIDIA H200, 118995 MiB, 143771 MiB, 100 %, 332.58 W
2026/08/14 06:09:51.896, 0, NVIDIA H200, 118995 MiB, 143771 MiB, 100 %, 333.54 W
2026/08/14 06:09:52.900, 0, NVIDIA H200, 118995 MiB, 143771 MiB, 100 %, 334.05 W
2026/08/14 06:09:53.902, 0, NVIDIA H200, 118995 MiB, 143771 MiB, 100 %, 334.05 W
2026/08/14 06:09:54.905, 0, NVIDIA H200, 118995 MiB, 143771 MiB, 100 %, 334.80 W
2026/08/14 06:09:55.908, 0, NVIDIA H200, 118995 MiB, 143771 MiB, 0 %, 236.65 W
2026/08/14 06:09:56.911, 0, NVIDIA H200, 118995 MiB, 143771 MiB, 100 %, 315.27 W
2026/08/14 06:09:57.914, 0, NVIDIA H200, 118995 MiB, 143771 MiB, 100 %, 323.41 W
2026/08/14 06:09:58.916, 0, NVIDIA H200, 118995 MiB, 143771 MiB, 100 %, 323.86 W
2026/08/14 06:09:59.920, 0, NVIDIA H200, 118995 MiB, 143771 MiB, 100 %, 324.91 W
2026/08/14 06:10:00.925, 0, NVIDIA H200, 118995 MiB, 143771 MiB, 100 %, 324.76 W
2026/08/14 06:10:01.928, 0, NVIDIA H200, 118995 MiB, 143771 MiB, 100 %, 324.96 W
2026/08/14 06:10:02.930, 0, NVIDIA H200, 118995 MiB, 143771 MiB, 100 %, 325.54 W
2026/08/14 06:10:03.933, 0, NVIDIA H200, 118995 MiB, 143771 MiB, 69 %, 208.53 W
2026/08/14 06:10:04.937, 0, NVIDIA H200, 118995 MiB, 143771 MiB, 91 %, 230.21 W
2026/08/14 06:10:05.940, 0, NVIDIA H200, 118995 MiB, 143771 MiB, 0 %, 163.27 W
2026/08/14 06:10:06.943, 0, NVIDIA H200, 118995 MiB, 143771 MiB, 100 %, 325.54 W
2026/08/14 06:10:07.946, 0, NVIDIA H200, 118995 MiB, 143771 MiB, 100 %, 321.89 W
2026/08/14 06:10:08.951, 0, NVIDIA H200, 118995 MiB, 143771 MiB, 100 %, 322.63 W
2026/08/14 06:10:09.954, 0, NVIDIA H200, 118995 MiB, 143771 MiB, 100 %, 321.95 W
2026/08/14 06:10:10.960, 0, NVIDIA H200, 118995 MiB, 143771 MiB, 100 %, 323.94 W
2026/08/14 06:10:11.963, 0, NVIDIA H200, 118995 MiB, 143771 MiB, 100 %, 323.26 W
2026/08/14 06:10:12.972, 0, NVIDIA H200, 118995 MiB, 143771 MiB, 100 %, 324.10 W
2026/08/14 06:10:13.974, 0, NVIDIA H200, 118995 MiB, 143771 MiB, 100 %, 324.59 W
2026/08/14 06:10:14.979, 0, NVIDIA H200, 118995 MiB, 143771 MiB, 0 %, 280.32 W
2026/08/14 06:10:15.982, 0, NVIDIA H200, 118995 MiB, 143771 MiB, 100 %, 211.23 W
2026/08/14 06:10:16.988, 0, NVIDIA H200, 118995 MiB, 143771 MiB, 20 %, 185.52 W
2026/08/14 06:10:17.992, 0, NVIDIA H200, 118995 MiB, 143771 MiB, 0 %, 183.03 W
2026/08/14 06:10:18.999, 0, NVIDIA H200, 118995 MiB, 143771 MiB, 100 %, 303.35 W
2026/08/14 06:10:20.001, 0, NVIDIA H200, 118995 MiB, 143771 MiB, 100 %, 321.99 W
2026/08/14 06:10:21.004, 0, NVIDIA H200, 118995 MiB, 143771 MiB, 100 %, 321.31 W
2026/08/14 06:10:22.007, 0, NVIDIA H200, 118995 MiB, 143771 MiB, 100 %, 322.53 W
2026/08/14 06:10:23.010, 0, NVIDIA H200, 118995 MiB, 143771 MiB, 100 %, 322.99 W
2026/08/14 06:10:24.012, 0, NVIDIA H200, 118995 MiB, 143771 MiB, 100 %, 323.40 W
2026/08/14 06:10:25.017, 0, NVIDIA H200, 118995 MiB, 143771 MiB, 100 %, 323.90 W
2026/08/14 06:10:26.020, 0, NVIDIA H200, 118995 MiB, 143771 MiB, 100 %, 240.69 W
2026/08/14 06:10:27.023, 0, NVIDIA H200, 118995 MiB, 143771 MiB, 100 %, 322.39 W
2026/08/14 06:10:28.026, 0, NVIDIA H200, 118995 MiB, 143771 MiB, 100 %, 322.38 W
2026/08/14 06:10:29.028, 0, NVIDIA H200, 118995 MiB, 143771 MiB, 100 %, 323.45 W
2026/08/14 06:10:30.031, 0, NVIDIA H200, 118995 MiB, 143771 MiB, 100 %, 322.11 W
2026/08/14 06:10:31.034, 0, NVIDIA H200, 118995 MiB, 143771 MiB, 100 %, 323.97 W
2026/08/14 06:10:32.037, 0, NVIDIA H200, 118995 MiB, 143771 MiB, 100 %, 324.50 W
2026/08/14 06:10:33.040, 0, NVIDIA H200, 118995 MiB, 143771 MiB, 0 %, 201.54 W
2026/08/14 06:10:34.043, 0, NVIDIA H200, 118995 MiB, 143771 MiB, 61 %, 198.23 W
2026/08/14 06:10:35.047, 0, NVIDIA H200, 118995 MiB, 143771 MiB, 10 %, 176.38 W
2026/08/14 06:10:36.049, 0, NVIDIA H200, 118995 MiB, 143771 MiB, 100 %, 326.88 W
2026/08/14 06:10:37.052, 0, NVIDIA H200, 118995 MiB, 143771 MiB, 0 %, 281.05 W
2026/08/14 06:10:38.055, 0, NVIDIA H200, 118995 MiB, 143771 MiB, 100 %, 228.65 W
2026/08/14 06:10:39.058, 0, NVIDIA H200, 118995 MiB, 143771 MiB, 0 %, 179.94 W
2026/08/14 06:10:40.061, 0, NVIDIA H200, 118995 MiB, 143771 MiB, 100 %, 239.14 W
2026/08/14 06:10:41.064, 0, NVIDIA H200, 118995 MiB, 143771 MiB, 100 %, 322.96 W
2026/08/14 06:10:42.067, 0, NVIDIA H200, 118995 MiB, 143771 MiB, 100 %, 323.71 W
2026/08/14 06:10:43.069, 0, NVIDIA H200, 118995 MiB, 143771 MiB, 100 %, 323.95 W
2026/08/14 06:10:44.072, 0, NVIDIA H200, 118995 MiB, 143771 MiB, 0 %, 245.33 W
2026/08/14 06:10:45.074, 0, NVIDIA H200, 118995 MiB, 143771 MiB, 0 %, 198.30 W
2026/08/14 06:10:46.078, 0, NVIDIA H200, 118995 MiB, 143771 MiB, 33 %, 212.66 W
2026/08/14 06:10:47.080, 0, NVIDIA H200, 118995 MiB, 143771 MiB, 100 %, 245.07 W
2026/08/14 06:10:48.083, 0, NVIDIA H200, 118995 MiB, 143771 MiB, 100 %, 323.26 W
2026/08/14 06:10:49.085, 0, NVIDIA H200, 118995 MiB, 143771 MiB, 0 %, 248.10 W
2026/08/14 06:10:50.088, 0, NVIDIA H200, 118995 MiB, 143771 MiB, 100 %, 331.16 W
2026/08/14 06:10:51.091, 0, NVIDIA H200, 118995 MiB, 143771 MiB, 100 %, 325.90 W
2026/08/14 06:10:52.094, 0, NVIDIA H200, 118995 MiB, 143771 MiB, 100 %, 325.84 W
2026/08/14 06:10:53.096, 0, NVIDIA H200, 118995 MiB, 143771 MiB, 100 %, 327.45 W
2026/08/14 06:10:54.099, 0, NVIDIA H200, 118995 MiB, 143771 MiB, 100 %, 327.30 W
2026/08/14 06:10:55.101, 0, NVIDIA H200, 118995 MiB, 143771 MiB, 100 %, 228.54 W
2026/08/14 06:10:56.106, 0, NVIDIA H200, 118995 MiB, 143771 MiB, 0 %, 187.66 W
2026/08/14 06:10:57.111, 0, NVIDIA H200, 118995 MiB, 143771 MiB, 0 %, 186.89 W
2026/08/14 06:10:58.113, 0, NVIDIA H200, 118995 MiB, 143771 MiB, 100 %, 297.21 W
2026/08/14 06:10:59.116, 0, NVIDIA H200, 118995 MiB, 143771 MiB, 100 %, 323.38 W
2026/08/14 06:11:00.118, 0, NVIDIA H200, 118995 MiB, 143771 MiB, 100 %, 323.78 W
2026/08/14 06:11:01.121, 0, NVIDIA H200, 118995 MiB, 143771 MiB, 100 %, 323.75 W
2026/08/14 06:11:02.126, 0, NVIDIA H200, 118995 MiB, 143771 MiB, 100 %, 324.57 W
2026/08/14 06:11:03.129, 0, NVIDIA H200, 118995 MiB, 143771 MiB, 100 %, 325.31 W
2026/08/14 06:11:04.132, 0, NVIDIA H200, 118995 MiB, 143771 MiB, 100 %, 325.97 W
2026/08/14 06:11:05.134, 0, NVIDIA H200, 118995 MiB, 143771 MiB, 100 %, 326.24 W
2026/08/14 06:11:06.137, 0, NVIDIA H200, 118995 MiB, 143771 MiB, 100 %, 325.99 W
2026/08/14 06:11:07.141, 0, NVIDIA H200, 118995 MiB, 143771 MiB, 100 %, 326.53 W
2026/08/14 06:11:08.145, 0, NVIDIA H200, 118995 MiB, 143771 MiB, 100 %, 326.86 W
2026/08/14 06:11:09.148, 0, NVIDIA H200, 118995 MiB, 143771 MiB, 100 %, 327.56 W
2026/08/14 06:11:10.151, 0, NVIDIA H200, 118995 MiB, 143771 MiB, 100 %, 328.00 W
2026/08/14 06:11:11.153, 0, NVIDIA H200, 118995 MiB, 143771 MiB, 100 %, 327.35 W
2026/08/14 06:11:12.155, 0, NVIDIA H200, 118995 MiB, 143771 MiB, 100 %, 328.37 W
2026/08/14 06:11:13.158, 0, NVIDIA H200, 118995 MiB, 143771 MiB, 100 %, 328.83 W
2026/08/14 06:11:14.160, 0, NVIDIA H200, 118995 MiB, 143771 MiB, 100 %, 328.87 W
2026/08/14 06:11:15.164, 0, NVIDIA H200, 118995 MiB, 143771 MiB, 100 %, 329.44 W
2026/08/14 06:11:16.167, 0, NVIDIA H200, 118995 MiB, 143771 MiB, 100 %, 330.93 W
2026/08/14 06:11:17.169, 0, NVIDIA H200, 118995 MiB, 143771 MiB, 100 %, 331.82 W
2026/08/14 06:11:18.172, 0, NVIDIA H200, 118995 MiB, 143771 MiB, 0 %, 265.51 W
2026/08/14 06:11:19.175, 0, NVIDIA H200, 118995 MiB, 143771 MiB, 100 %, 335.68 W
2026/08/14 06:11:20.178, 0, NVIDIA H200, 118995 MiB, 143771 MiB, 100 %, 328.23 W
2026/08/14 06:11:21.181, 0, NVIDIA H200, 118995 MiB, 143771 MiB, 100 %, 329.07 W
2026/08/14 06:11:22.184, 0, NVIDIA H200, 118995 MiB, 143771 MiB, 100 %, 329.67 W
2026/08/14 06:11:23.187, 0, NVIDIA H200, 118995 MiB, 143771 MiB, 0 %, 244.40 W
2026/08/14 06:11:24.191, 0, NVIDIA H200, 118995 MiB, 143771 MiB, 15 %, 248.15 W
2026/08/14 06:11:25.194, 0, NVIDIA H200, 118995 MiB, 143771 MiB, 1 %, 180.59 W
2026/08/14 06:11:26.197, 0, NVIDIA H200, 118995 MiB, 143771 MiB, 100 %, 250.15 W
2026/08/14 06:11:27.201, 0, NVIDIA H200, 118995 MiB, 143771 MiB, 100 %, 325.42 W
2026/08/14 06:11:28.204, 0, NVIDIA H200, 118995 MiB, 143771 MiB, 100 %, 326.81 W
2026/08/14 06:11:29.207, 0, NVIDIA H200, 118995 MiB, 143771 MiB, 100 %, 328.29 W
2026/08/14 06:11:30.211, 0, NVIDIA H200, 118995 MiB, 143771 MiB, 100 %, 275.58 W
2026/08/14 06:11:31.214, 0, NVIDIA H200, 118995 MiB, 143771 MiB, 100 %, 334.36 W
2026/08/14 06:11:32.217, 0, NVIDIA H200, 118995 MiB, 143771 MiB, 100 %, 335.24 W
2026/08/14 06:11:33.221, 0, NVIDIA H200, 118995 MiB, 143771 MiB, 100 %, 335.65 W
2026/08/14 06:11:34.224, 0, NVIDIA H200, 118995 MiB, 143771 MiB, 100 %, 336.13 W
2026/08/14 06:11:35.227, 0, NVIDIA H200, 118995 MiB, 143771 MiB, 100 %, 336.27 W
2026/08/14 06:11:36.230, 0, NVIDIA H200, 118995 MiB, 143771 MiB, 100 %, 336.82 W
2026/08/14 06:11:37.233, 0, NVIDIA H200, 118995 MiB, 143771 MiB, 100 %, 336.73 W
2026/08/14 06:11:38.236, 0, NVIDIA H200, 118995 MiB, 143771 MiB, 100 %, 337.87 W
2026/08/14 06:11:39.240, 0, NVIDIA H200, 118995 MiB, 143771 MiB, 100 %, 337.12 W
2026/08/14 06:11:40.243, 0, NVIDIA H200, 118995 MiB, 143771 MiB, 100 %, 338.11 W
2026/08/14 06:11:41.247, 0, NVIDIA H200, 118995 MiB, 143771 MiB, 0 %, 262.56 W
2026/08/14 06:11:42.249, 0, NVIDIA H200, 118995 MiB, 143771 MiB, 100 %, 251.01 W
2026/08/14 06:11:43.252, 0, NVIDIA H200, 118995 MiB, 143771 MiB, 0 %, 178.30 W
2026/08/14 06:11:44.255, 0, NVIDIA H200, 118995 MiB, 143771 MiB, 100 %, 236.14 W
2026/08/14 06:11:45.261, 0, NVIDIA H200, 118995 MiB, 143771 MiB, 100 %, 325.89 W
2026/08/14 06:11:46.263, 0, NVIDIA H200, 118995 MiB, 143771 MiB, 100 %, 324.86 W
2026/08/14 06:11:47.269, 0, NVIDIA H200, 118995 MiB, 143771 MiB, 100 %, 326.27 W
2026/08/14 06:11:48.271, 0, NVIDIA H200, 118995 MiB, 143771 MiB, 100 %, 326.51 W
2026/08/14 06:11:49.277, 0, NVIDIA H200, 118995 MiB, 143771 MiB, 100 %, 327.37 W
2026/08/14 06:11:50.280, 0, NVIDIA H200, 118995 MiB, 143771 MiB, 100 %, 328.39 W
2026/08/14 06:11:51.285, 0, NVIDIA H200, 118995 MiB, 143771 MiB, 100 %, 328.54 W
2026/08/14 06:11:52.288, 0, NVIDIA H200, 118995 MiB, 143771 MiB, 100 %, 328.32 W
2026/08/14 06:11:53.294, 0, NVIDIA H200, 118995 MiB, 143771 MiB, 100 %, 329.04 W
2026/08/14 06:11:54.297, 0, NVIDIA H200, 118995 MiB, 143771 MiB, 100 %, 328.51 W
2026/08/14 06:11:55.300, 0, NVIDIA H200, 118995 MiB, 143771 MiB, 100 %, 329.19 W
2026/08/14 06:11:56.303, 0, NVIDIA H200, 118995 MiB, 143771 MiB, 100 %, 329.77 W
2026/08/14 06:11:57.307, 0, NVIDIA H200, 118995 MiB, 143771 MiB, 0 %, 230.58 W
2026/08/14 06:11:58.311, 0, NVIDIA H200, 118995 MiB, 143771 MiB, 100 %, 326.55 W
2026/08/14 06:11:59.314, 0, NVIDIA H200, 118995 MiB, 143771 MiB, 100 %, 327.08 W
2026/08/14 06:12:00.316, 0, NVIDIA H200, 118995 MiB, 143771 MiB, 100 %, 328.38 W
2026/08/14 06:12:01.320, 0, NVIDIA H200, 118995 MiB, 143771 MiB, 100 %, 328.42 W
2026/08/14 06:12:02.323, 0, NVIDIA H200, 118995 MiB, 143771 MiB, 100 %, 329.15 W
2026/08/14 06:12:03.325, 0, NVIDIA H200, 118995 MiB, 143771 MiB, 100 %, 328.89 W
2026/08/14 06:12:04.328, 0, NVIDIA H200, 118995 MiB, 143771 MiB, 100 %, 328.70 W
2026/08/14 06:12:05.332, 0, NVIDIA H200, 118995 MiB, 143771 MiB, 100 %, 329.21 W
2026/08/14 06:12:06.335, 0, NVIDIA H200, 118995 MiB, 143771 MiB, 100 %, 329.79 W
2026/08/14 06:12:07.338, 0, NVIDIA H200, 118995 MiB, 143771 MiB, 100 %, 330.01 W
2026/08/14 06:12:08.341, 0, NVIDIA H200, 118995 MiB, 143771 MiB, 100 %, 330.25 W
2026/08/14 06:12:09.345, 0, NVIDIA H200, 118995 MiB, 143771 MiB, 100 %, 331.19 W
2026/08/14 06:12:10.348, 0, NVIDIA H200, 118995 MiB, 143771 MiB, 100 %, 331.24 W
2026/08/14 06:12:11.351, 0, NVIDIA H200, 118995 MiB, 143771 MiB, 100 %, 330.78 W
2026/08/14 06:12:12.354, 0, NVIDIA H200, 118995 MiB, 143771 MiB, 0 %, 248.23 W
2026/08/14 06:12:13.358, 0, NVIDIA H200, 118995 MiB, 143771 MiB, 93 %, 200.35 W
2026/08/14 06:12:14.361, 0, NVIDIA H200, 118995 MiB, 143771 MiB, 0 %, 189.39 W
2026/08/14 06:12:15.364, 0, NVIDIA H200, 118995 MiB, 143771 MiB, 100 %, 246.29 W
2026/08/14 06:12:16.367, 0, NVIDIA H200, 118995 MiB, 143771 MiB, 100 %, 325.57 W
2026/08/14 06:12:17.371, 0, NVIDIA H200, 118995 MiB, 143771 MiB, 100 %, 325.04 W
2026/08/14 06:12:18.373, 0, NVIDIA H200, 118995 MiB, 143771 MiB, 100 %, 327.22 W
2026/08/14 06:12:19.377, 0, NVIDIA H200, 118995 MiB, 143771 MiB, 100 %, 327.11 W
2026/08/14 06:12:20.380, 0, NVIDIA H200, 118995 MiB, 143771 MiB, 100 %, 276.46 W
2026/08/14 06:12:21.383, 0, NVIDIA H200, 118995 MiB, 143771 MiB, 100 %, 331.42 W
2026/08/14 06:12:22.386, 0, NVIDIA H200, 118995 MiB, 143771 MiB, 100 %, 331.94 W
2026/08/14 06:12:23.389, 0, NVIDIA H200, 118995 MiB, 143771 MiB, 100 %, 332.01 W
2026/08/14 06:12:24.391, 0, NVIDIA H200, 118995 MiB, 143771 MiB, 100 %, 332.68 W
2026/08/14 06:12:25.394, 0, NVIDIA H200, 118995 MiB, 143771 MiB, 100 %, 333.47 W
2026/08/14 06:12:26.397, 0, NVIDIA H200, 118995 MiB, 143771 MiB, 100 %, 333.30 W
2026/08/14 06:12:27.400, 0, NVIDIA H200, 118995 MiB, 143771 MiB, 100 %, 332.95 W
2026/08/14 06:12:28.403, 0, NVIDIA H200, 118995 MiB, 143771 MiB, 100 %, 333.80 W
2026/08/14 06:12:29.406, 0, NVIDIA H200, 118995 MiB, 143771 MiB, 100 %, 334.24 W
2026/08/14 06:12:30.408, 0, NVIDIA H200, 118995 MiB, 143771 MiB, 100 %, 334.81 W
2026/08/14 06:12:31.411, 0, NVIDIA H200, 118995 MiB, 143771 MiB, 100 %, 334.89 W
2026/08/14 06:12:32.414, 0, NVIDIA H200, 118995 MiB, 143771 MiB, 100 %, 335.61 W
2026/08/14 06:12:33.417, 0, NVIDIA H200, 118995 MiB, 143771 MiB, 100 %, 335.97 W
2026/08/14 06:12:34.420, 0, NVIDIA H200, 118995 MiB, 143771 MiB, 100 %, 335.93 W
2026/08/14 06:12:35.424, 0, NVIDIA H200, 118995 MiB, 143771 MiB, 100 %, 336.27 W
2026/08/14 06:12:36.427, 0, NVIDIA H200, 118995 MiB, 143771 MiB, 100 %, 336.17 W
2026/08/14 06:12:37.429, 0, NVIDIA H200, 118995 MiB, 143771 MiB, 100 %, 335.99 W
2026/08/14 06:12:38.432, 0, NVIDIA H200, 118995 MiB, 143771 MiB, 100 %, 336.99 W
2026/08/14 06:12:39.435, 0, NVIDIA H200, 118995 MiB, 143771 MiB, 100 %, 334.83 W
2026/08/14 06:12:40.438, 0, NVIDIA H200, 118995 MiB, 143771 MiB, 100 %, 338.57 W
2026/08/14 06:12:41.441, 0, NVIDIA H200, 118995 MiB, 143771 MiB, 100 %, 339.11 W
2026/08/14 06:12:42.444, 0, NVIDIA H200, 118995 MiB, 143771 MiB, 100 %, 338.08 W
2026/08/14 06:12:43.447, 0, NVIDIA H200, 118995 MiB, 143771 MiB, 0 %, 299.40 W
2026/08/14 06:12:44.451, 0, NVIDIA H200, 118995 MiB, 143771 MiB, 0 %, 200.47 W
2026/08/14 06:12:45.453, 0, NVIDIA H200, 118995 MiB, 143771 MiB, 0 %, 209.28 W
2026/08/14 06:12:46.456, 0, NVIDIA H200, 118995 MiB, 143771 MiB, 71 %, 204.29 W
2026/08/14 06:12:47.459, 0, NVIDIA H200, 118995 MiB, 143771 MiB, 100 %, 323.98 W
2026/08/14 06:12:48.462, 0, NVIDIA H200, 118995 MiB, 143771 MiB, 100 %, 324.55 W
2026/08/14 06:12:49.465, 0, NVIDIA H200, 118995 MiB, 143771 MiB, 100 %, 323.74 W
2026/08/14 06:12:50.468, 0, NVIDIA H200, 118995 MiB, 143771 MiB, 100 %, 324.38 W
2026/08/14 06:12:51.471, 0, NVIDIA H200, 118995 MiB, 143771 MiB, 100 %, 324.60 W
2026/08/14 06:12:52.474, 0, NVIDIA H200, 118995 MiB, 143771 MiB, 68 %, 234.93 W
2026/08/14 06:12:53.476, 0, NVIDIA H200, 118995 MiB, 143771 MiB, 78 %, 194.14 W
2026/08/14 06:12:54.480, 0, NVIDIA H200, 118995 MiB, 143771 MiB, 0 %, 187.18 W
2026/08/14 06:12:55.484, 0, NVIDIA H200, 118995 MiB, 143771 MiB, 100 %, 214.18 W
2026/08/14 06:12:56.487, 0, NVIDIA H200, 118995 MiB, 143771 MiB, 100 %, 323.04 W
2026/08/14 06:12:57.490, 0, NVIDIA H200, 118995 MiB, 143771 MiB, 100 %, 322.20 W
2026/08/14 06:12:58.492, 0, NVIDIA H200, 118995 MiB, 143771 MiB, 100 %, 323.94 W
2026/08/14 06:12:59.495, 0, NVIDIA H200, 118995 MiB, 143771 MiB, 100 %, 324.49 W
2026/08/14 06:13:00.498, 0, NVIDIA H200, 118995 MiB, 143771 MiB, 100 %, 324.04 W
2026/08/14 06:13:01.500, 0, NVIDIA H200, 118995 MiB, 143771 MiB, 64 %, 302.76 W
2026/08/14 06:13:02.503, 0, NVIDIA H200, 118995 MiB, 143771 MiB, 0 %, 195.13 W
2026/08/14 06:13:03.506, 0, NVIDIA H200, 118995 MiB, 143771 MiB, 0 %, 193.90 W
2026/08/14 06:13:04.509, 0, NVIDIA H200, 118995 MiB, 143771 MiB, 76 %, 197.65 W
2026/08/14 06:13:05.513, 0, NVIDIA H200, 118995 MiB, 143771 MiB, 100 %, 284.83 W
2026/08/14 06:13:06.516, 0, NVIDIA H200, 118995 MiB, 143771 MiB, 100 %, 322.47 W
2026/08/14 06:13:07.518, 0, NVIDIA H200, 118995 MiB, 143771 MiB, 100 %, 322.17 W
2026/08/14 06:13:08.521, 0, NVIDIA H200, 118995 MiB, 143771 MiB, 100 %, 321.97 W
2026/08/14 06:13:09.524, 0, NVIDIA H200, 118995 MiB, 143771 MiB, 100 %, 324.26 W
2026/08/14 06:13:10.527, 0, NVIDIA H200, 118995 MiB, 143771 MiB, 100 %, 293.16 W
2026/08/14 06:13:11.530, 0, NVIDIA H200, 118995 MiB, 143771 MiB, 31 %, 218.92 W
2026/08/14 06:13:12.534, 0, NVIDIA H200, 118995 MiB, 143771 MiB, 0 %, 180.37 W
2026/08/14 06:13:13.537, 0, NVIDIA H200, 118995 MiB, 143771 MiB, 100 %, 248.04 W
2026/08/14 06:13:14.541, 0, NVIDIA H200, 118995 MiB, 143771 MiB, 100 %, 322.58 W
2026/08/14 06:13:15.543, 0, NVIDIA H200, 118995 MiB, 143771 MiB, 100 %, 323.12 W
2026/08/14 06:13:16.545, 0, NVIDIA H200, 118995 MiB, 143771 MiB, 100 %, 322.07 W
2026/08/14 06:13:17.548, 0, NVIDIA H200, 118995 MiB, 143771 MiB, 100 %, 323.28 W
2026/08/14 06:13:18.551, 0, NVIDIA H200, 118995 MiB, 143771 MiB, 100 %, 322.37 W
2026/08/14 06:13:19.554, 0, NVIDIA H200, 118995 MiB, 143771 MiB, 0 %, 241.15 W
2026/08/14 06:13:20.557, 0, NVIDIA H200, 118995 MiB, 143771 MiB, 100 %, 321.82 W
2026/08/14 06:13:21.561, 0, NVIDIA H200, 118995 MiB, 143771 MiB, 100 %, 322.65 W
2026/08/14 06:13:22.563, 0, NVIDIA H200, 118995 MiB, 143771 MiB, 100 %, 323.65 W
2026/08/14 06:13:23.566, 0, NVIDIA H200, 118995 MiB, 143771 MiB, 100 %, 321.88 W
2026/08/14 06:13:24.570, 0, NVIDIA H200, 118995 MiB, 143771 MiB, 0 %, 192.40 W
2026/08/14 06:13:25.573, 0, NVIDIA H200, 118995 MiB, 143771 MiB, 14 %, 212.05 W
2026/08/14 06:13:26.576, 0, NVIDIA H200, 118995 MiB, 143771 MiB, 27 %, 149.79 W
2026/08/14 06:13:27.578, 0, NVIDIA H200, 118995 MiB, 143771 MiB, 100 %, 247.96 W
2026/08/14 06:13:28.582, 0, NVIDIA H200, 118995 MiB, 143771 MiB, 100 %, 322.23 W
2026/08/14 06:13:29.584, 0, NVIDIA H200, 118995 MiB, 143771 MiB, 0 %, 260.04 W
2026/08/14 06:13:30.587, 0, NVIDIA H200, 118995 MiB, 143771 MiB, 100 %, 209.68 W
2026/08/14 06:13:31.591, 0, NVIDIA H200, 118995 MiB, 143771 MiB, 100 %, 200.13 W
2026/08/14 06:13:32.593, 0, NVIDIA H200, 118995 MiB, 143771 MiB, 0 %, 165.54 W
2026/08/14 06:13:33.596, 0, NVIDIA H200, 118995 MiB, 143771 MiB, 100 %, 322.82 W
2026/08/14 06:13:34.599, 0, NVIDIA H200, 118995 MiB, 143771 MiB, 100 %, 322.51 W
2026/08/14 06:13:35.601, 0, NVIDIA H200, 118995 MiB, 143771 MiB, 100 %, 322.10 W
2026/08/14 06:13:36.604, 0, NVIDIA H200, 118995 MiB, 143771 MiB, 100 %, 322.69 W
2026/08/14 06:13:37.608, 0, NVIDIA H200, 118995 MiB, 143771 MiB, 18 %, 236.36 W
2026/08/14 06:13:38.611, 0, NVIDIA H200, 118995 MiB, 143771 MiB, 100 %, 321.46 W
2026/08/14 06:13:39.614, 0, NVIDIA H200, 118995 MiB, 143771 MiB, 100 %, 321.97 W
2026/08/14 06:13:40.618, 0, NVIDIA H200, 118995 MiB, 143771 MiB, 100 %, 322.29 W
2026/08/14 06:13:41.620, 0, NVIDIA H200, 118995 MiB, 143771 MiB, 100 %, 319.31 W
2026/08/14 06:13:42.624, 0, NVIDIA H200, 118995 MiB, 143771 MiB, 100 %, 208.00 W
2026/08/14 06:13:43.627, 0, NVIDIA H200, 118995 MiB, 143771 MiB, 24 %, 195.52 W
2026/08/14 06:13:44.629, 0, NVIDIA H200, 118995 MiB, 143771 MiB, 100 %, 252.80 W
2026/08/14 06:13:45.632, 0, NVIDIA H200, 118995 MiB, 143771 MiB, 100 %, 320.95 W
2026/08/14 06:13:46.635, 0, NVIDIA H200, 118995 MiB, 143771 MiB, 100 %, 321.84 W
2026/08/14 06:13:47.638, 0, NVIDIA H200, 118995 MiB, 143771 MiB, 100 %, 322.07 W
2026/08/14 06:13:48.641, 0, NVIDIA H200, 118995 MiB, 143771 MiB, 100 %, 323.07 W
2026/08/14 06:13:49.643, 0, NVIDIA H200, 118995 MiB, 143771 MiB, 100 %, 323.06 W
2026/08/14 06:13:50.646, 0, NVIDIA H200, 118995 MiB, 143771 MiB, 0 %, 267.50 W
2026/08/14 06:13:51.649, 0, NVIDIA H200, 118995 MiB, 143771 MiB, 100 %, 290.77 W
2026/08/14 06:13:52.652, 0, NVIDIA H200, 118995 MiB, 143771 MiB, 100 %, 322.13 W
2026/08/14 06:13:53.654, 0, NVIDIA H200, 118995 MiB, 143771 MiB, 0 %, 283.84 W
2026/08/14 06:13:54.657, 0, NVIDIA H200, 118995 MiB, 143771 MiB, 37 %, 196.80 W
2026/08/14 06:13:55.660, 0, NVIDIA H200, 118995 MiB, 143771 MiB, 72 %, 187.27 W
2026/08/14 06:13:56.663, 0, NVIDIA H200, 118995 MiB, 143771 MiB, 100 %, 249.93 W
2026/08/14 06:13:57.666, 0, NVIDIA H200, 118995 MiB, 143771 MiB, 100 %, 320.83 W
2026/08/14 06:13:58.669, 0, NVIDIA H200, 118995 MiB, 143771 MiB, 100 %, 321.75 W
2026/08/14 06:13:59.672, 0, NVIDIA H200, 118995 MiB, 143771 MiB, 100 %, 322.04 W
2026/08/14 06:14:00.676, 0, NVIDIA H200, 118995 MiB, 143771 MiB, 100 %, 323.22 W
2026/08/14 06:14:01.679, 0, NVIDIA H200, 118995 MiB, 143771 MiB, 0 %, 204.87 W
2026/08/14 06:14:02.681, 0, NVIDIA H200, 118995 MiB, 143771 MiB, 0 %, 195.74 W
2026/08/14 06:14:03.684, 0, NVIDIA H200, 118995 MiB, 143771 MiB, 42 %, 181.42 W
2026/08/14 06:14:04.686, 0, NVIDIA H200, 118995 MiB, 143771 MiB, 100 %, 321.21 W
2026/08/14 06:14:05.690, 0, NVIDIA H200, 118995 MiB, 143771 MiB, 100 %, 321.36 W
2026/08/14 06:14:06.692, 0, NVIDIA H200, 118995 MiB, 143771 MiB, 100 %, 321.96 W
2026/08/14 06:14:07.695, 0, NVIDIA H200, 118995 MiB, 143771 MiB, 0 %, 249.84 W
2026/08/14 06:14:08.699, 0, NVIDIA H200, 118995 MiB, 143771 MiB, 100 %, 226.30 W
2026/08/14 06:14:09.702, 0, NVIDIA H200, 118995 MiB, 143771 MiB, 34 %, 200.49 W
2026/08/14 06:14:10.705, 0, NVIDIA H200, 118995 MiB, 143771 MiB, 0 %, 195.38 W
2026/08/14 06:14:11.708, 0, NVIDIA H200, 118995 MiB, 143771 MiB, 100 %, 319.21 W
2026/08/14 06:14:12.711, 0, NVIDIA H200, 118995 MiB, 143771 MiB, 100 %, 321.38 W
2026/08/14 06:14:13.714, 0, NVIDIA H200, 118995 MiB, 143771 MiB, 100 %, 321.67 W
2026/08/14 06:14:14.717, 0, NVIDIA H200, 118995 MiB, 143771 MiB, 100 %, 321.84 W
2026/08/14 06:14:15.720, 0, NVIDIA H200, 118995 MiB, 143771 MiB, 100 %, 322.58 W
2026/08/14 06:14:16.723, 0, NVIDIA H200, 118995 MiB, 143771 MiB, 35 %, 225.59 W
2026/08/14 06:14:17.725, 0, NVIDIA H200, 118995 MiB, 143771 MiB, 100 %, 205.96 W
2026/08/14 06:14:18.728, 0, NVIDIA H200, 118995 MiB, 143771 MiB, 81 %, 190.67 W
2026/08/14 06:14:19.731, 0, NVIDIA H200, 118995 MiB, 143771 MiB, 100 %, 320.76 W
2026/08/14 06:14:20.734, 0, NVIDIA H200, 118995 MiB, 143771 MiB, 100 %, 321.08 W
2026/08/14 06:14:21.737, 0, NVIDIA H200, 118995 MiB, 143771 MiB, 100 %, 322.09 W
2026/08/14 06:14:22.740, 0, NVIDIA H200, 118995 MiB, 143771 MiB, 100 %, 322.56 W
2026/08/14 06:14:23.743, 0, NVIDIA H200, 118995 MiB, 143771 MiB, 100 %, 323.05 W
2026/08/14 06:14:24.746, 0, NVIDIA H200, 118995 MiB, 143771 MiB, 100 %, 322.45 W
2026/08/14 06:14:25.750, 0, NVIDIA H200, 118995 MiB, 143771 MiB, 100 %, 323.40 W
2026/08/14 06:14:26.753, 0, NVIDIA H200, 118995 MiB, 143771 MiB, 100 %, 324.17 W
2026/08/14 06:14:27.756, 0, NVIDIA H200, 118995 MiB, 143771 MiB, 100 %, 324.14 W
2026/08/14 06:14:28.760, 0, NVIDIA H200, 118995 MiB, 143771 MiB, 71 %, 237.56 W
2026/08/14 06:14:29.763, 0, NVIDIA H200, 118995 MiB, 143771 MiB, 14 %, 196.10 W
2026/08/14 06:14:30.766, 0, NVIDIA H200, 118995 MiB, 143771 MiB, 0 %, 188.60 W
2026/08/14 06:14:31.769, 0, NVIDIA H200, 118995 MiB, 143771 MiB, 100 %, 321.03 W
2026/08/14 06:14:32.773, 0, NVIDIA H200, 118995 MiB, 143771 MiB, 100 %, 236.56 W
2026/08/14 06:14:33.776, 0, NVIDIA H200, 118995 MiB, 143771 MiB, 100 %, 321.26 W
2026/08/14 06:14:34.779, 0, NVIDIA H200, 118995 MiB, 143771 MiB, 100 %, 320.95 W
2026/08/14 06:14:35.783, 0, NVIDIA H200, 118995 MiB, 143771 MiB, 100 %, 322.65 W
2026/08/14 06:14:36.786, 0, NVIDIA H200, 118995 MiB, 143771 MiB, 100 %, 321.36 W
2026/08/14 06:14:37.789, 0, NVIDIA H200, 118995 MiB, 143771 MiB, 100 %, 322.05 W
2026/08/14 06:14:38.792, 0, NVIDIA H200, 118995 MiB, 143771 MiB, 100 %, 323.87 W
2026/08/14 06:14:39.795, 0, NVIDIA H200, 118995 MiB, 143771 MiB, 52 %, 209.79 W
2026/08/14 06:14:40.798, 0, NVIDIA H200, 118995 MiB, 143771 MiB, 0 %, 221.67 W
2026/08/14 06:14:41.801, 0, NVIDIA H200, 118995 MiB, 143771 MiB, 0 %, 179.36 W
2026/08/14 06:14:42.804, 0, NVIDIA H200, 118995 MiB, 143771 MiB, 100 %, 299.23 W
2026/08/14 06:14:43.807, 0, NVIDIA H200, 118995 MiB, 143771 MiB, 100 %, 321.48 W
2026/08/14 06:14:44.810, 0, NVIDIA H200, 118995 MiB, 143771 MiB, 100 %, 312.23 W
2026/08/14 06:14:45.814, 0, NVIDIA H200, 118995 MiB, 143771 MiB, 0 %, 193.56 W
2026/08/14 06:14:46.818, 0, NVIDIA H200, 118995 MiB, 143771 MiB, 6 %, 200.70 W
2026/08/14 06:14:47.821, 0, NVIDIA H200, 118995 MiB, 143771 MiB, 42 %, 196.16 W
2026/08/14 06:14:48.824, 0, NVIDIA H200, 118995 MiB, 143771 MiB, 100 %, 237.70 W
2026/08/14 06:14:49.828, 0, NVIDIA H200, 118995 MiB, 143771 MiB, 100 %, 321.83 W
2026/08/14 06:14:50.831, 0, NVIDIA H200, 118995 MiB, 143771 MiB, 100 %, 302.73 W
2026/08/14 06:14:51.835, 0, NVIDIA H200, 118995 MiB, 143771 MiB, 100 %, 312.04 W
2026/08/14 06:14:52.838, 0, NVIDIA H200, 118995 MiB, 143771 MiB, 100 %, 334.27 W
2026/08/14 06:14:53.842, 0, NVIDIA H200, 118995 MiB, 143771 MiB, 100 %, 334.37 W
2026/08/14 06:14:54.845, 0, NVIDIA H200, 118995 MiB, 143771 MiB, 100 %, 335.53 W
2026/08/14 06:14:55.847, 0, NVIDIA H200, 118995 MiB, 143771 MiB, 100 %, 335.02 W
2026/08/14 06:14:56.850, 0, NVIDIA H200, 118995 MiB, 143771 MiB, 100 %, 335.52 W
2026/08/14 06:14:57.852, 0, NVIDIA H200, 118995 MiB, 143771 MiB, 100 %, 335.68 W
2026/08/14 06:14:58.855, 0, NVIDIA H200, 118995 MiB, 143771 MiB, 100 %, 336.09 W
2026/08/14 06:14:59.858, 0, NVIDIA H200, 118995 MiB, 143771 MiB, 45 %, 215.38 W
2026/08/14 06:15:00.861, 0, NVIDIA H200, 118995 MiB, 143771 MiB, 82 %, 185.93 W
2026/08/14 06:15:01.865, 0, NVIDIA H200, 118995 MiB, 143771 MiB, 0 %, 175.46 W
2026/08/14 06:15:02.868, 0, NVIDIA H200, 118995 MiB, 143771 MiB, 100 %, 307.84 W
2026/08/14 06:15:03.871, 0, NVIDIA H200, 118995 MiB, 143771 MiB, 100 %, 322.33 W
2026/08/14 06:15:04.874, 0, NVIDIA H200, 118995 MiB, 143771 MiB, 100 %, 323.55 W
2026/08/14 06:15:05.877, 0, NVIDIA H200, 118995 MiB, 143771 MiB, 100 %, 323.74 W
2026/08/14 06:15:06.880, 0, NVIDIA H200, 118995 MiB, 143771 MiB, 61 %, 250.14 W
2026/08/14 06:15:07.883, 0, NVIDIA H200, 118995 MiB, 143771 MiB, 100 %, 324.48 W
2026/08/14 06:15:08.886, 0, NVIDIA H200, 118995 MiB, 143771 MiB, 100 %, 324.66 W
2026/08/14 06:15:09.889, 0, NVIDIA H200, 118995 MiB, 143771 MiB, 100 %, 324.95 W
2026/08/14 06:15:10.892, 0, NVIDIA H200, 118995 MiB, 143771 MiB, 100 %, 325.48 W
2026/08/14 06:15:11.895, 0, NVIDIA H200, 118995 MiB, 143771 MiB, 100 %, 323.02 W
2026/08/14 06:15:12.898, 0, NVIDIA H200, 118995 MiB, 143771 MiB, 0 %, 161.52 W
2026/08/14 06:15:13.902, 0, NVIDIA H200, 118995 MiB, 143771 MiB, 0 %, 288.80 W
2026/08/14 06:15:14.905, 0, NVIDIA H200, 118995 MiB, 143771 MiB, 79 %, 205.20 W
2026/08/14 06:15:15.908, 0, NVIDIA H200, 118995 MiB, 143771 MiB, 100 %, 221.35 W
2026/08/14 06:15:16.911, 0, NVIDIA H200, 118995 MiB, 143771 MiB, 100 %, 333.90 W
2026/08/14 06:15:17.915, 0, NVIDIA H200, 118995 MiB, 143771 MiB, 100 %, 334.26 W
2026/08/14 06:15:18.918, 0, NVIDIA H200, 118995 MiB, 143771 MiB, 8 %, 311.20 W
2026/08/14 06:15:19.921, 0, NVIDIA H200, 118995 MiB, 143771 MiB, 100 %, 232.43 W
2026/08/14 06:15:20.924, 0, NVIDIA H200, 118995 MiB, 143771 MiB, 100 %, 334.12 W
2026/08/14 06:15:21.927, 0, NVIDIA H200, 118995 MiB, 143771 MiB, 100 %, 333.10 W
2026/08/14 06:15:22.930, 0, NVIDIA H200, 118995 MiB, 143771 MiB, 100 %, 336.69 W
2026/08/14 06:15:23.933, 0, NVIDIA H200, 118995 MiB, 143771 MiB, 100 %, 334.96 W
2026/08/14 06:15:24.936, 0, NVIDIA H200, 118995 MiB, 143771 MiB, 100 %, 336.04 W
2026/08/14 06:15:25.939, 0, NVIDIA H200, 118995 MiB, 143771 MiB, 100 %, 335.31 W
2026/08/14 06:15:26.944, 0, NVIDIA H200, 118995 MiB, 143771 MiB, 100 %, 337.10 W
2026/08/14 06:15:27.947, 0, NVIDIA H200, 118995 MiB, 143771 MiB, 100 %, 336.80 W
2026/08/14 06:15:28.952, 0, NVIDIA H200, 118995 MiB, 143771 MiB, 100 %, 336.74 W
2026/08/14 06:15:29.955, 0, NVIDIA H200, 118995 MiB, 143771 MiB, 100 %, 336.86 W
2026/08/14 06:15:30.961, 0, NVIDIA H200, 118995 MiB, 143771 MiB, 100 %, 338.42 W
2026/08/14 06:15:31.965, 0, NVIDIA H200, 118995 MiB, 143771 MiB, 100 %, 205.45 W
2026/08/14 06:15:32.970, 0, NVIDIA H200, 118995 MiB, 143771 MiB, 0 %, 165.60 W
2026/08/14 06:15:33.974, 0, NVIDIA H200, 118995 MiB, 143771 MiB, 0 %, 188.19 W
2026/08/14 06:15:34.978, 0, NVIDIA H200, 118995 MiB, 143771 MiB, 97 %, 218.70 W
2026/08/14 06:15:35.980, 0, NVIDIA H200, 118995 MiB, 143771 MiB, 100 %, 333.34 W
2026/08/14 06:15:36.983, 0, NVIDIA H200, 118995 MiB, 143771 MiB, 100 %, 334.52 W
2026/08/14 06:15:37.986, 0, NVIDIA H200, 118995 MiB, 143771 MiB, 100 %, 336.03 W
2026/08/14 06:15:38.989, 0, NVIDIA H200, 118995 MiB, 143771 MiB, 100 %, 247.86 W
2026/08/14 06:15:39.992, 0, NVIDIA H200, 118995 MiB, 143771 MiB, 0 %, 163.48 W
2026/08/14 06:15:40.995, 0, NVIDIA H200, 118995 MiB, 143771 MiB, 0 %, 287.01 W
2026/08/14 06:15:41.998, 0, NVIDIA H200, 118995 MiB, 143771 MiB, 0 %, 191.99 W
2026/08/14 06:15:43.003, 0, NVIDIA H200, 118995 MiB, 143771 MiB, 97 %, 221.36 W
2026/08/14 06:15:44.005, 0, NVIDIA H200, 118995 MiB, 143771 MiB, 100 %, 334.07 W
2026/08/14 06:15:45.008, 0, NVIDIA H200, 118995 MiB, 143771 MiB, 100 %, 334.22 W
2026/08/14 06:15:46.011, 0, NVIDIA H200, 118995 MiB, 143771 MiB, 100 %, 334.44 W
2026/08/14 06:15:47.014, 0, NVIDIA H200, 118995 MiB, 143771 MiB, 100 %, 335.36 W
2026/08/14 06:15:48.017, 0, NVIDIA H200, 118995 MiB, 143771 MiB, 100 %, 337.73 W
2026/08/14 06:15:49.019, 0, NVIDIA H200, 118995 MiB, 143771 MiB, 100 %, 336.26 W
2026/08/14 06:15:50.023, 0, NVIDIA H200, 118995 MiB, 143771 MiB, 100 %, 336.05 W
2026/08/14 06:15:51.026, 0, NVIDIA H200, 118995 MiB, 143771 MiB, 100 %, 336.69 W
2026/08/14 06:15:52.030, 0, NVIDIA H200, 118995 MiB, 143771 MiB, 100 %, 316.92 W
2026/08/14 06:15:53.033, 0, NVIDIA H200, 118995 MiB, 143771 MiB, 100 %, 237.79 W
2026/08/14 06:15:54.036, 0, NVIDIA H200, 118995 MiB, 143771 MiB, 100 %, 335.39 W
2026/08/14 06:15:55.038, 0, NVIDIA H200, 118995 MiB, 143771 MiB, 100 %, 335.95 W
2026/08/14 06:15:56.042, 0, NVIDIA H200, 118995 MiB, 143771 MiB, 100 %, 335.43 W
2026/08/14 06:15:57.045, 0, NVIDIA H200, 118995 MiB, 143771 MiB, 100 %, 337.69 W
2026/08/14 06:15:58.047, 0, NVIDIA H200, 118995 MiB, 143771 MiB, 100 %, 337.21 W
2026/08/14 06:15:59.050, 0, NVIDIA H200, 118995 MiB, 143771 MiB, 100 %, 338.12 W
2026/08/14 06:16:00.055, 0, NVIDIA H200, 118995 MiB, 143771 MiB, 100 %, 337.23 W
2026/08/14 06:16:01.058, 0, NVIDIA H200, 118995 MiB, 143771 MiB, 100 %, 338.21 W
2026/08/14 06:16:02.061, 0, NVIDIA H200, 118995 MiB, 143771 MiB, 100 %, 338.72 W
2026/08/14 06:16:03.064, 0, NVIDIA H200, 118995 MiB, 143771 MiB, 100 %, 338.83 W
2026/08/14 06:16:04.066, 0, NVIDIA H200, 118995 MiB, 143771 MiB, 100 %, 339.44 W
2026/08/14 06:16:05.069, 0, NVIDIA H200, 118995 MiB, 143771 MiB, 100 %, 339.23 W
2026/08/14 06:16:06.073, 0, NVIDIA H200, 118995 MiB, 143771 MiB, 0 %, 285.59 W
2026/08/14 06:16:07.077, 0, NVIDIA H200, 118995 MiB, 143771 MiB, 100 %, 236.70 W
2026/08/14 06:16:08.080, 0, NVIDIA H200, 118995 MiB, 143771 MiB, 0 %, 180.77 W
2026/08/14 06:16:09.083, 0, NVIDIA H200, 118995 MiB, 143771 MiB, 100 %, 218.56 W
2026/08/14 06:16:10.086, 0, NVIDIA H200, 118995 MiB, 143771 MiB, 100 %, 324.67 W
2026/08/14 06:16:11.089, 0, NVIDIA H200, 118995 MiB, 143771 MiB, 100 %, 326.02 W
2026/08/14 06:16:12.094, 0, NVIDIA H200, 118995 MiB, 143771 MiB, 100 %, 325.66 W
2026/08/14 06:16:13.098, 0, NVIDIA H200, 118995 MiB, 143771 MiB, 100 %, 325.59 W
2026/08/14 06:16:14.101, 0, NVIDIA H200, 118995 MiB, 143771 MiB, 100 %, 326.48 W
2026/08/14 06:16:15.104, 0, NVIDIA H200, 118995 MiB, 143771 MiB, 100 %, 327.32 W
2026/08/14 06:16:16.107, 0, NVIDIA H200, 118995 MiB, 143771 MiB, 100 %, 326.77 W
2026/08/14 06:16:17.112, 0, NVIDIA H200, 118995 MiB, 143771 MiB, 100 %, 326.56 W
2026/08/14 06:16:18.116, 0, NVIDIA H200, 118995 MiB, 143771 MiB, 100 %, 328.52 W
2026/08/14 06:16:19.119, 0, NVIDIA H200, 118995 MiB, 143771 MiB, 100 %, 328.36 W
2026/08/14 06:16:20.122, 0, NVIDIA H200, 118995 MiB, 143771 MiB, 100 %, 328.51 W
2026/08/14 06:16:21.125, 0, NVIDIA H200, 118995 MiB, 143771 MiB, 100 %, 328.80 W
2026/08/14 06:16:22.130, 0, NVIDIA H200, 118995 MiB, 143771 MiB, 100 %, 329.07 W
2026/08/14 06:16:23.133, 0, NVIDIA H200, 118995 MiB, 143771 MiB, 100 %, 329.46 W
2026/08/14 06:16:24.136, 0, NVIDIA H200, 118995 MiB, 143771 MiB, 100 %, 329.48 W
2026/08/14 06:16:25.138, 0, NVIDIA H200, 118995 MiB, 143771 MiB, 100 %, 330.44 W
2026/08/14 06:16:26.141, 0, NVIDIA H200, 118995 MiB, 143771 MiB, 100 %, 330.60 W
2026/08/14 06:16:27.145, 0, NVIDIA H200, 118995 MiB, 143771 MiB, 100 %, 330.85 W
2026/08/14 06:16:28.148, 0, NVIDIA H200, 118995 MiB, 143771 MiB, 0 %, 259.79 W
2026/08/14 06:16:29.152, 0, NVIDIA H200, 118995 MiB, 143771 MiB, 21 %, 202.47 W
2026/08/14 06:16:30.155, 0, NVIDIA H200, 118995 MiB, 143771 MiB, 4 %, 171.25 W
2026/08/14 06:16:31.158, 0, NVIDIA H200, 118995 MiB, 143771 MiB, 100 %, 248.35 W
2026/08/14 06:16:32.161, 0, NVIDIA H200, 118995 MiB, 143771 MiB, 100 %, 325.25 W
2026/08/14 06:16:33.163, 0, NVIDIA H200, 118995 MiB, 143771 MiB, 100 %, 326.27 W
2026/08/14 06:16:34.166, 0, NVIDIA H200, 118995 MiB, 143771 MiB, 100 %, 325.97 W
2026/08/14 06:16:35.169, 0, NVIDIA H200, 118995 MiB, 143771 MiB, 100 %, 326.88 W
2026/08/14 06:16:36.172, 0, NVIDIA H200, 118995 MiB, 143771 MiB, 100 %, 326.45 W
2026/08/14 06:16:37.175, 0, NVIDIA H200, 118995 MiB, 143771 MiB, 100 %, 327.33 W
2026/08/14 06:16:38.178, 0, NVIDIA H200, 118995 MiB, 143771 MiB, 100 %, 328.94 W
2026/08/14 06:16:39.182, 0, NVIDIA H200, 118995 MiB, 143771 MiB, 100 %, 327.88 W
2026/08/14 06:16:40.185, 0, NVIDIA H200, 118995 MiB, 143771 MiB, 100 %, 327.74 W
2026/08/14 06:16:41.187, 0, NVIDIA H200, 118995 MiB, 143771 MiB, 100 %, 328.32 W
2026/08/14 06:16:42.190, 0, NVIDIA H200, 118995 MiB, 143771 MiB, 100 %, 328.72 W
2026/08/14 06:16:43.192, 0, NVIDIA H200, 118995 MiB, 143771 MiB, 100 %, 329.24 W
2026/08/14 06:16:44.195, 0, NVIDIA H200, 118995 MiB, 143771 MiB, 100 %, 329.33 W
2026/08/14 06:16:45.199, 0, NVIDIA H200, 118995 MiB, 143771 MiB, 100 %, 330.77 W
2026/08/14 06:16:46.201, 0, NVIDIA H200, 118995 MiB, 143771 MiB, 100 %, 330.29 W
2026/08/14 06:16:47.205, 0, NVIDIA H200, 118995 MiB, 143771 MiB, 100 %, 330.09 W
2026/08/14 06:16:48.207, 0, NVIDIA H200, 118995 MiB, 143771 MiB, 100 %, 330.76 W
2026/08/14 06:16:49.211, 0, NVIDIA H200, 118995 MiB, 143771 MiB, 100 %, 331.29 W
2026/08/14 06:16:50.213, 0, NVIDIA H200, 118995 MiB, 143771 MiB, 100 %, 330.82 W
2026/08/14 06:16:51.216, 0, NVIDIA H200, 118995 MiB, 143771 MiB, 100 %, 332.44 W
2026/08/14 06:16:52.219, 0, NVIDIA H200, 118995 MiB, 143771 MiB, 100 %, 331.66 W
2026/08/14 06:16:53.222, 0, NVIDIA H200, 118995 MiB, 143771 MiB, 100 %, 332.22 W
2026/08/14 06:16:54.225, 0, NVIDIA H200, 118995 MiB, 143771 MiB, 100 %, 332.72 W
2026/08/14 06:16:55.228, 0, NVIDIA H200, 118995 MiB, 143771 MiB, 100 %, 333.29 W
2026/08/14 06:16:56.231, 0, NVIDIA H200, 118995 MiB, 143771 MiB, 100 %, 333.39 W
2026/08/14 06:16:57.234, 0, NVIDIA H200, 118995 MiB, 143771 MiB, 100 %, 333.53 W
2026/08/14 06:16:58.237, 0, NVIDIA H200, 118995 MiB, 143771 MiB, 0 %, 264.41 W
2026/08/14 06:16:59.240, 0, NVIDIA H200, 118995 MiB, 143771 MiB, 100 %, 343.60 W
2026/08/14 06:17:00.243, 0, NVIDIA H200, 118995 MiB, 143771 MiB, 100 %, 335.63 W
2026/08/14 06:17:01.245, 0, NVIDIA H200, 118995 MiB, 143771 MiB, 100 %, 336.13 W
2026/08/14 06:17:02.247, 0, NVIDIA H200, 118995 MiB, 143771 MiB, 100 %, 335.94 W
2026/08/14 06:17:03.250, 0, NVIDIA H200, 118995 MiB, 143771 MiB, 100 %, 336.70 W
2026/08/14 06:17:04.253, 0, NVIDIA H200, 118995 MiB, 143771 MiB, 100 %, 199.99 W
2026/08/14 06:17:05.256, 0, NVIDIA H200, 118995 MiB, 143771 MiB, 0 %, 193.92 W
2026/08/14 06:17:06.260, 0, NVIDIA H200, 118995 MiB, 143771 MiB, 0 %, 173.80 W
2026/08/14 06:17:07.264, 0, NVIDIA H200, 118995 MiB, 143771 MiB, 100 %, 308.44 W
2026/08/14 06:17:08.267, 0, NVIDIA H200, 118995 MiB, 143771 MiB, 100 %, 325.92 W
2026/08/14 06:17:09.272, 0, NVIDIA H200, 118995 MiB, 143771 MiB, 100 %, 326.05 W
2026/08/14 06:17:10.274, 0, NVIDIA H200, 118995 MiB, 143771 MiB, 100 %, 325.92 W
2026/08/14 06:17:11.279, 0, NVIDIA H200, 118995 MiB, 143771 MiB, 100 %, 326.63 W
2026/08/14 06:17:12.282, 0, NVIDIA H200, 118995 MiB, 143771 MiB, 100 %, 326.49 W
2026/08/14 06:17:13.287, 0, NVIDIA H200, 118995 MiB, 143771 MiB, 100 %, 326.02 W
2026/08/14 06:17:14.290, 0, NVIDIA H200, 118995 MiB, 143771 MiB, 100 %, 327.51 W
2026/08/14 06:17:15.293, 0, NVIDIA H200, 118995 MiB, 143771 MiB, 100 %, 328.10 W
2026/08/14 06:17:16.296, 0, NVIDIA H200, 118995 MiB, 143771 MiB, 100 %, 328.97 W
2026/08/14 06:17:17.299, 0, NVIDIA H200, 118995 MiB, 143771 MiB, 100 %, 328.25 W
2026/08/14 06:17:18.302, 0, NVIDIA H200, 118995 MiB, 143771 MiB, 100 %, 328.83 W
2026/08/14 06:17:19.304, 0, NVIDIA H200, 118995 MiB, 143771 MiB, 100 %, 328.57 W
2026/08/14 06:17:20.307, 0, NVIDIA H200, 118995 MiB, 143771 MiB, 100 %, 329.69 W
2026/08/14 06:17:21.311, 0, NVIDIA H200, 118995 MiB, 143771 MiB, 100 %, 330.03 W
2026/08/14 06:17:22.314, 0, NVIDIA H200, 118995 MiB, 143771 MiB, 100 %, 330.01 W
2026/08/14 06:17:23.316, 0, NVIDIA H200, 118995 MiB, 143771 MiB, 100 %, 330.79 W
2026/08/14 06:17:24.319, 0, NVIDIA H200, 118995 MiB, 143771 MiB, 100 %, 330.55 W
2026/08/14 06:17:25.322, 0, NVIDIA H200, 118995 MiB, 143771 MiB, 100 %, 330.89 W
2026/08/14 06:17:26.325, 0, NVIDIA H200, 118995 MiB, 143771 MiB, 100 %, 331.36 W
2026/08/14 06:17:27.328, 0, NVIDIA H200, 118995 MiB, 143771 MiB, 100 %, 331.52 W
2026/08/14 06:17:28.331, 0, NVIDIA H200, 118995 MiB, 143771 MiB, 100 %, 331.97 W
2026/08/14 06:17:29.334, 0, NVIDIA H200, 118995 MiB, 143771 MiB, 100 %, 332.59 W
2026/08/14 06:17:30.336, 0, NVIDIA H200, 118995 MiB, 143771 MiB, 100 %, 332.58 W
2026/08/14 06:17:31.339, 0, NVIDIA H200, 118995 MiB, 143771 MiB, 100 %, 333.55 W
2026/08/14 06:17:32.342, 0, NVIDIA H200, 118995 MiB, 143771 MiB, 100 %, 333.55 W
2026/08/14 06:17:33.345, 0, NVIDIA H200, 118995 MiB, 143771 MiB, 100 %, 334.11 W
2026/08/14 06:17:34.348, 0, NVIDIA H200, 118995 MiB, 143771 MiB, 100 %, 333.69 W
2026/08/14 06:17:35.351, 0, NVIDIA H200, 118995 MiB, 143771 MiB, 100 %, 334.57 W
2026/08/14 06:17:36.355, 0, NVIDIA H200, 118995 MiB, 143771 MiB, 100 %, 334.58 W
2026/08/14 06:17:37.357, 0, NVIDIA H200, 118995 MiB, 143771 MiB, 100 %, 335.32 W
2026/08/14 06:17:38.361, 0, NVIDIA H200, 118995 MiB, 143771 MiB, 100 %, 335.11 W
2026/08/14 06:17:39.364, 0, NVIDIA H200, 118995 MiB, 143771 MiB, 100 %, 336.09 W
2026/08/14 06:17:40.367, 0, NVIDIA H200, 118995 MiB, 143771 MiB, 100 %, 336.17 W
2026/08/14 06:17:41.370, 0, NVIDIA H200, 118995 MiB, 143771 MiB, 0 %, 217.48 W
2026/08/14 06:17:42.374, 0, NVIDIA H200, 118995 MiB, 143771 MiB, 94 %, 216.13 W
2026/08/14 06:17:43.377, 0, NVIDIA H200, 118995 MiB, 143771 MiB, 93 %, 197.34 W
2026/08/14 06:17:44.380, 0, NVIDIA H200, 118995 MiB, 143771 MiB, 100 %, 267.03 W
2026/08/14 06:17:45.382, 0, NVIDIA H200, 118995 MiB, 143771 MiB, 100 %, 322.91 W
2026/08/14 06:17:46.385, 0, NVIDIA H200, 118995 MiB, 143771 MiB, 100 %, 323.62 W
2026/08/14 06:17:47.388, 0, NVIDIA H200, 118995 MiB, 143771 MiB, 100 %, 323.39 W
2026/08/14 06:17:48.391, 0, NVIDIA H200, 118995 MiB, 143771 MiB, 100 %, 325.14 W
2026/08/14 06:17:49.393, 0, NVIDIA H200, 118995 MiB, 143771 MiB, 100 %, 236.56 W
2026/08/14 06:17:50.396, 0, NVIDIA H200, 118995 MiB, 143771 MiB, 100 %, 322.79 W
2026/08/14 06:17:51.400, 0, NVIDIA H200, 118995 MiB, 143771 MiB, 100 %, 323.86 W
2026/08/14 06:17:52.403, 0, NVIDIA H200, 118995 MiB, 143771 MiB, 100 %, 324.29 W
2026/08/14 06:17:53.406, 0, NVIDIA H200, 118995 MiB, 143771 MiB, 0 %, 187.35 W
2026/08/14 06:17:54.409, 0, NVIDIA H200, 118995 MiB, 143771 MiB, 0 %, 202.78 W
2026/08/14 06:17:55.412, 0, NVIDIA H200, 118995 MiB, 143771 MiB, 100 %, 232.22 W
2026/08/14 06:17:56.415, 0, NVIDIA H200, 118995 MiB, 143771 MiB, 100 %, 322.14 W
2026/08/14 06:17:57.418, 0, NVIDIA H200, 118995 MiB, 143771 MiB, 100 %, 322.84 W
2026/08/14 06:17:58.421, 0, NVIDIA H200, 118995 MiB, 143771 MiB, 100 %, 244.53 W
2026/08/14 06:17:59.424, 0, NVIDIA H200, 118995 MiB, 143771 MiB, 100 %, 322.42 W
2026/08/14 06:18:00.427, 0, NVIDIA H200, 118995 MiB, 143771 MiB, 100 %, 322.81 W
2026/08/14 06:18:01.429, 0, NVIDIA H200, 118995 MiB, 143771 MiB, 100 %, 323.27 W
2026/08/14 06:18:02.432, 0, NVIDIA H200, 118995 MiB, 143771 MiB, 50 %, 293.48 W
2026/08/14 06:18:03.436, 0, NVIDIA H200, 118995 MiB, 143771 MiB, 88 %, 197.93 W
2026/08/14 06:18:04.439, 0, NVIDIA H200, 118995 MiB, 143771 MiB, 5 %, 190.96 W
2026/08/14 06:18:05.441, 0, NVIDIA H200, 118995 MiB, 143771 MiB, 100 %, 262.20 W
2026/08/14 06:18:06.444, 0, NVIDIA H200, 118995 MiB, 143771 MiB, 100 %, 322.35 W
2026/08/14 06:18:07.447, 0, NVIDIA H200, 118995 MiB, 143771 MiB, 100 %, 322.36 W
2026/08/14 06:18:08.449, 0, NVIDIA H200, 118995 MiB, 143771 MiB, 100 %, 322.92 W
2026/08/14 06:18:09.452, 0, NVIDIA H200, 118995 MiB, 143771 MiB, 100 %, 323.40 W
2026/08/14 06:18:10.454, 0, NVIDIA H200, 118995 MiB, 143771 MiB, 18 %, 238.76 W
2026/08/14 06:18:11.458, 0, NVIDIA H200, 118995 MiB, 143771 MiB, 100 %, 322.14 W
2026/08/14 06:18:12.461, 0, NVIDIA H200, 118995 MiB, 143771 MiB, 100 %, 322.65 W
2026/08/14 06:18:13.464, 0, NVIDIA H200, 118995 MiB, 143771 MiB, 100 %, 323.15 W
2026/08/14 06:18:14.467, 0, NVIDIA H200, 118995 MiB, 143771 MiB, 100 %, 322.73 W
2026/08/14 06:18:15.469, 0, NVIDIA H200, 118995 MiB, 143771 MiB, 0 %, 242.74 W
2026/08/14 06:18:16.473, 0, NVIDIA H200, 118995 MiB, 143771 MiB, 0 %, 219.21 W
2026/08/14 06:18:17.476, 0, NVIDIA H200, 118995 MiB, 143771 MiB, 90 %, 219.44 W
2026/08/14 06:18:18.479, 0, NVIDIA H200, 118995 MiB, 143771 MiB, 100 %, 252.61 W
2026/08/14 06:18:19.482, 0, NVIDIA H200, 118995 MiB, 143771 MiB, 100 %, 324.46 W
2026/08/14 06:18:20.485, 0, NVIDIA H200, 118995 MiB, 143771 MiB, 100 %, 324.03 W
2026/08/14 06:18:21.487, 0, NVIDIA H200, 118995 MiB, 143771 MiB, 100 %, 323.42 W
2026/08/14 06:18:22.490, 0, NVIDIA H200, 118995 MiB, 143771 MiB, 100 %, 324.14 W
2026/08/14 06:18:23.492, 0, NVIDIA H200, 118995 MiB, 143771 MiB, 100 %, 324.78 W
2026/08/14 06:18:24.495, 0, NVIDIA H200, 118995 MiB, 143771 MiB, 100 %, 325.74 W
2026/08/14 06:18:25.497, 0, NVIDIA H200, 118995 MiB, 143771 MiB, 100 %, 325.89 W
2026/08/14 06:18:26.500, 0, NVIDIA H200, 118995 MiB, 143771 MiB, 100 %, 325.56 W
2026/08/14 06:18:27.504, 0, NVIDIA H200, 118995 MiB, 143771 MiB, 100 %, 243.93 W
2026/08/14 06:18:28.506, 0, NVIDIA H200, 118995 MiB, 143771 MiB, 100 %, 322.87 W
2026/08/14 06:18:29.509, 0, NVIDIA H200, 118995 MiB, 143771 MiB, 100 %, 324.60 W
2026/08/14 06:18:30.512, 0, NVIDIA H200, 118995 MiB, 143771 MiB, 100 %, 324.29 W
2026/08/14 06:18:31.514, 0, NVIDIA H200, 118995 MiB, 143771 MiB, 100 %, 325.26 W
2026/08/14 06:18:32.517, 0, NVIDIA H200, 118995 MiB, 143771 MiB, 0 %, 262.61 W
2026/08/14 06:18:33.520, 0, NVIDIA H200, 118995 MiB, 143771 MiB, 54 %, 224.42 W
2026/08/14 06:18:34.523, 0, NVIDIA H200, 118995 MiB, 143771 MiB, 0 %, 176.14 W
2026/08/14 06:18:35.526, 0, NVIDIA H200, 118995 MiB, 143771 MiB, 100 %, 242.85 W
2026/08/14 06:18:36.529, 0, NVIDIA H200, 118995 MiB, 143771 MiB, 100 %, 321.54 W
2026/08/14 06:18:37.532, 0, NVIDIA H200, 118995 MiB, 143771 MiB, 100 %, 323.14 W
2026/08/14 06:18:38.534, 0, NVIDIA H200, 118995 MiB, 143771 MiB, 100 %, 324.21 W
2026/08/14 06:18:39.537, 0, NVIDIA H200, 118995 MiB, 143771 MiB, 100 %, 325.29 W
2026/08/14 06:18:40.539, 0, NVIDIA H200, 118995 MiB, 143771 MiB, 100 %, 325.16 W
2026/08/14 06:18:41.542, 0, NVIDIA H200, 118995 MiB, 143771 MiB, 90 %, 248.35 W
2026/08/14 06:18:42.545, 0, NVIDIA H200, 118995 MiB, 143771 MiB, 57 %, 177.30 W
2026/08/14 06:18:43.548, 0, NVIDIA H200, 118995 MiB, 143771 MiB, 0 %, 188.85 W
2026/08/14 06:18:44.551, 0, NVIDIA H200, 118995 MiB, 143771 MiB, 100 %, 214.16 W
2026/08/14 06:18:45.555, 0, NVIDIA H200, 118995 MiB, 143771 MiB, 100 %, 323.06 W
2026/08/14 06:18:46.557, 0, NVIDIA H200, 118995 MiB, 143771 MiB, 100 %, 323.82 W
2026/08/14 06:18:47.559, 0, NVIDIA H200, 118995 MiB, 143771 MiB, 100 %, 324.45 W
2026/08/14 06:18:48.562, 0, NVIDIA H200, 118995 MiB, 143771 MiB, 100 %, 326.42 W
2026/08/14 06:18:49.564, 0, NVIDIA H200, 118995 MiB, 143771 MiB, 100 %, 324.67 W
2026/08/14 06:18:50.568, 0, NVIDIA H200, 118995 MiB, 143771 MiB, 100 %, 325.68 W
2026/08/14 06:18:51.571, 0, NVIDIA H200, 118995 MiB, 143771 MiB, 100 %, 245.29 W
2026/08/14 06:18:52.573, 0, NVIDIA H200, 118995 MiB, 143771 MiB, 100 %, 324.20 W
2026/08/14 06:18:53.576, 0, NVIDIA H200, 118995 MiB, 143771 MiB, 100 %, 325.77 W
2026/08/14 06:18:54.578, 0, NVIDIA H200, 118995 MiB, 143771 MiB, 100 %, 324.97 W
2026/08/14 06:18:55.581, 0, NVIDIA H200, 118995 MiB, 143771 MiB, 100 %, 326.38 W
2026/08/14 06:18:56.584, 0, NVIDIA H200, 118995 MiB, 143771 MiB, 100 %, 325.73 W
2026/08/14 06:18:57.587, 0, NVIDIA H200, 118995 MiB, 143771 MiB, 100 %, 326.26 W
2026/08/14 06:18:58.590, 0, NVIDIA H200, 118995 MiB, 143771 MiB, 100 %, 242.50 W
2026/08/14 06:18:59.594, 0, NVIDIA H200, 118995 MiB, 143771 MiB, 25 %, 210.23 W
2026/08/14 06:19:00.596, 0, NVIDIA H200, 118995 MiB, 143771 MiB, 0 %, 194.09 W
2026/08/14 06:19:01.598, 0, NVIDIA H200, 118995 MiB, 143771 MiB, 100 %, 314.93 W
2026/08/14 06:19:02.600, 0, NVIDIA H200, 118995 MiB, 143771 MiB, 100 %, 322.45 W
2026/08/14 06:19:03.602, 0, NVIDIA H200, 118995 MiB, 143771 MiB, 100 %, 322.78 W
2026/08/14 06:19:04.604, 0, NVIDIA H200, 118995 MiB, 143771 MiB, 100 %, 322.97 W
2026/08/14 06:19:05.606, 0, NVIDIA H200, 118995 MiB, 143771 MiB, 100 %, 323.44 W
2026/08/14 06:19:06.609, 0, NVIDIA H200, 118995 MiB, 143771 MiB, 100 %, 236.84 W
2026/08/14 06:19:07.611, 0, NVIDIA H200, 118995 MiB, 143771 MiB, 100 %, 322.79 W
2026/08/14 06:19:08.615, 0, NVIDIA H200, 118995 MiB, 143771 MiB, 100 %, 322.92 W
2026/08/14 06:19:09.617, 0, NVIDIA H200, 118995 MiB, 143771 MiB, 100 %, 323.56 W
2026/08/14 06:19:10.620, 0, NVIDIA H200, 118995 MiB, 143771 MiB, 100 %, 322.93 W
2026/08/14 06:19:11.623, 0, NVIDIA H200, 118995 MiB, 143771 MiB, 0 %, 181.45 W
2026/08/14 06:19:12.626, 0, NVIDIA H200, 118995 MiB, 143771 MiB, 0 %, 211.06 W
2026/08/14 06:19:13.629, 0, NVIDIA H200, 118995 MiB, 143771 MiB, 100 %, 232.27 W
2026/08/14 06:19:14.631, 0, NVIDIA H200, 118995 MiB, 143771 MiB, 100 %, 322.39 W
2026/08/14 06:19:15.634, 0, NVIDIA H200, 118995 MiB, 143771 MiB, 100 %, 322.71 W
2026/08/14 06:19:16.636, 0, NVIDIA H200, 118995 MiB, 143771 MiB, 100 %, 323.15 W
2026/08/14 06:19:17.638, 0, NVIDIA H200, 118995 MiB, 143771 MiB, 0 %, 238.25 W
2026/08/14 06:19:18.641, 0, NVIDIA H200, 118995 MiB, 143771 MiB, 0 %, 199.01 W
2026/08/14 06:19:19.644, 0, NVIDIA H200, 118995 MiB, 143771 MiB, 0 %, 200.77 W
2026/08/14 06:19:20.647, 0, NVIDIA H200, 118995 MiB, 143771 MiB, 100 %, 277.11 W
2026/08/14 06:19:21.649, 0, NVIDIA H200, 118995 MiB, 143771 MiB, 100 %, 322.43 W
2026/08/14 06:19:22.653, 0, NVIDIA H200, 118995 MiB, 143771 MiB, 100 %, 321.60 W
2026/08/14 06:19:23.656, 0, NVIDIA H200, 118995 MiB, 143771 MiB, 100 %, 301.84 W
2026/08/14 06:19:24.659, 0, NVIDIA H200, 118995 MiB, 143771 MiB, 100 %, 263.67 W
2026/08/14 06:19:25.662, 0, NVIDIA H200, 118995 MiB, 143771 MiB, 100 %, 322.59 W
2026/08/14 06:19:26.664, 0, NVIDIA H200, 118995 MiB, 143771 MiB, 100 %, 322.51 W
2026/08/14 06:19:27.667, 0, NVIDIA H200, 118995 MiB, 143771 MiB, 100 %, 323.88 W
2026/08/14 06:19:28.669, 0, NVIDIA H200, 118995 MiB, 143771 MiB, 0 %, 240.93 W
2026/08/14 06:19:29.673, 0, NVIDIA H200, 118995 MiB, 143771 MiB, 0 %, 232.29 W
2026/08/14 06:19:30.676, 0, NVIDIA H200, 118995 MiB, 143771 MiB, 41 %, 206.84 W
2026/08/14 06:19:31.679, 0, NVIDIA H200, 118995 MiB, 143771 MiB, 100 %, 245.48 W
2026/08/14 06:19:32.681, 0, NVIDIA H200, 118995 MiB, 143771 MiB, 100 %, 324.85 W
2026/08/14 06:19:33.684, 0, NVIDIA H200, 118995 MiB, 143771 MiB, 100 %, 325.42 W
2026/08/14 06:19:34.687, 0, NVIDIA H200, 118995 MiB, 143771 MiB, 100 %, 326.45 W
2026/08/14 06:19:35.689, 0, NVIDIA H200, 118995 MiB, 143771 MiB, 100 %, 326.04 W
2026/08/14 06:19:36.692, 0, NVIDIA H200, 118995 MiB, 143771 MiB, 100 %, 326.91 W
2026/08/14 06:19:37.695, 0, NVIDIA H200, 118995 MiB, 143771 MiB, 100 %, 325.46 W
2026/08/14 06:19:38.698, 0, NVIDIA H200, 118995 MiB, 143771 MiB, 100 %, 327.41 W
2026/08/14 06:19:39.701, 0, NVIDIA H200, 118995 MiB, 143771 MiB, 0 %, 196.43 W
2026/08/14 06:19:40.704, 0, NVIDIA H200, 118995 MiB, 143771 MiB, 91 %, 197.60 W
2026/08/14 06:19:41.707, 0, NVIDIA H200, 118995 MiB, 143771 MiB, 0 %, 170.94 W
2026/08/14 06:19:42.711, 0, NVIDIA H200, 118995 MiB, 143771 MiB, 100 %, 239.76 W
2026/08/14 06:19:43.714, 0, NVIDIA H200, 118995 MiB, 143771 MiB, 100 %, 324.65 W
2026/08/14 06:19:44.716, 0, NVIDIA H200, 118995 MiB, 143771 MiB, 100 %, 324.99 W
2026/08/14 06:19:45.720, 0, NVIDIA H200, 118995 MiB, 143771 MiB, 100 %, 325.62 W
2026/08/14 06:19:46.723, 0, NVIDIA H200, 118995 MiB, 143771 MiB, 100 %, 326.10 W
2026/08/14 06:19:47.725, 0, NVIDIA H200, 118995 MiB, 143771 MiB, 100 %, 325.59 W
2026/08/14 06:19:48.728, 0, NVIDIA H200, 118995 MiB, 143771 MiB, 100 %, 326.02 W
2026/08/14 06:19:49.731, 0, NVIDIA H200, 118995 MiB, 143771 MiB, 100 %, 326.61 W
2026/08/14 06:19:50.734, 0, NVIDIA H200, 118995 MiB, 143771 MiB, 100 %, 328.10 W
2026/08/14 06:19:51.737, 0, NVIDIA H200, 118995 MiB, 143771 MiB, 100 %, 327.64 W
2026/08/14 06:19:52.740, 0, NVIDIA H200, 118995 MiB, 143771 MiB, 100 %, 328.36 W
2026/08/14 06:19:53.742, 0, NVIDIA H200, 118995 MiB, 143771 MiB, 100 %, 328.37 W
2026/08/14 06:19:54.746, 0, NVIDIA H200, 118995 MiB, 143771 MiB, 100 %, 328.80 W
2026/08/14 06:19:55.750, 0, NVIDIA H200, 118995 MiB, 143771 MiB, 100 %, 329.26 W
2026/08/14 06:19:56.753, 0, NVIDIA H200, 118995 MiB, 143771 MiB, 100 %, 329.14 W
2026/08/14 06:19:57.756, 0, NVIDIA H200, 118995 MiB, 143771 MiB, 100 %, 329.77 W
2026/08/14 06:19:58.758, 0, NVIDIA H200, 118995 MiB, 143771 MiB, 100 %, 330.09 W
2026/08/14 06:19:59.763, 0, NVIDIA H200, 118995 MiB, 143771 MiB, 100 %, 330.77 W
2026/08/14 06:20:00.766, 0, NVIDIA H200, 118995 MiB, 143771 MiB, 100 %, 330.80 W
2026/08/14 06:20:01.768, 0, NVIDIA H200, 118995 MiB, 143771 MiB, 100 %, 331.21 W
2026/08/14 06:20:02.771, 0, NVIDIA H200, 118995 MiB, 143771 MiB, 100 %, 331.47 W
2026/08/14 06:20:03.773, 0, NVIDIA H200, 118995 MiB, 143771 MiB, 100 %, 331.55 W
2026/08/14 06:20:04.775, 0, NVIDIA H200, 118995 MiB, 143771 MiB, 100 %, 332.23 W
2026/08/14 06:20:05.779, 0, NVIDIA H200, 118995 MiB, 143771 MiB, 100 %, 332.15 W
2026/08/14 06:20:06.782, 0, NVIDIA H200, 118995 MiB, 143771 MiB, 100 %, 333.51 W
2026/08/14 06:20:07.784, 0, NVIDIA H200, 118995 MiB, 143771 MiB, 100 %, 333.48 W
2026/08/14 06:20:08.828, 0, NVIDIA H200, 118995 MiB, 143771 MiB, 100 %, 333.67 W
2026/08/14 06:20:09.853, 0, NVIDIA H200, 118995 MiB, 143771 MiB, 100 %, 333.22 W
2026/08/14 06:20:10.856, 0, NVIDIA H200, 118995 MiB, 143771 MiB, 100 %, 333.53 W
2026/08/14 06:20:11.858, 0, NVIDIA H200, 118995 MiB, 143771 MiB, 100 %, 333.73 W
2026/08/14 06:20:12.874, 0, NVIDIA H200, 118995 MiB, 143771 MiB, 100 %, 335.80 W
2026/08/14 06:20:13.876, 0, NVIDIA H200, 118995 MiB, 143771 MiB, 100 %, 334.91 W
2026/08/14 06:20:14.878, 0, NVIDIA H200, 118995 MiB, 143771 MiB, 100 %, 334.97 W
2026/08/14 06:20:15.880, 0, NVIDIA H200, 118995 MiB, 143771 MiB, 100 %, 335.31 W
2026/08/14 06:20:16.882, 0, NVIDIA H200, 118995 MiB, 143771 MiB, 0 %, 226.97 W
2026/08/14 06:20:17.885, 0, NVIDIA H200, 118995 MiB, 143771 MiB, 0 %, 193.32 W
2026/08/14 06:20:18.887, 0, NVIDIA H200, 118995 MiB, 143771 MiB, 71 %, 195.06 W
2026/08/14 06:20:19.889, 0, NVIDIA H200, 118995 MiB, 143771 MiB, 100 %, 250.18 W
2026/08/14 06:20:20.895, 0, NVIDIA H200, 118995 MiB, 143771 MiB, 100 %, 325.80 W
2026/08/14 06:20:21.898, 0, NVIDIA H200, 118995 MiB, 143771 MiB, 100 %, 326.11 W
2026/08/14 06:20:22.900, 0, NVIDIA H200, 118995 MiB, 143771 MiB, 100 %, 326.50 W
2026/08/14 06:20:23.902, 0, NVIDIA H200, 118995 MiB, 143771 MiB, 100 %, 326.65 W
2026/08/14 06:20:24.904, 0, NVIDIA H200, 118995 MiB, 143771 MiB, 100 %, 326.97 W
2026/08/14 06:20:25.907, 0, NVIDIA H200, 118995 MiB, 143771 MiB, 100 %, 327.02 W
2026/08/14 06:20:26.908, 0, NVIDIA H200, 118995 MiB, 143771 MiB, 100 %, 327.77 W
2026/08/14 06:20:27.911, 0, NVIDIA H200, 118995 MiB, 143771 MiB, 100 %, 330.20 W
2026/08/14 06:20:28.913, 0, NVIDIA H200, 118995 MiB, 143771 MiB, 100 %, 329.70 W
2026/08/14 06:20:29.915, 0, NVIDIA H200, 118995 MiB, 143771 MiB, 100 %, 329.60 W
2026/08/14 06:20:30.918, 0, NVIDIA H200, 118995 MiB, 143771 MiB, 99 %, 329.93 W
2026/08/14 06:20:31.920, 0, NVIDIA H200, 118995 MiB, 143771 MiB, 100 %, 330.64 W
2026/08/14 06:20:32.922, 0, NVIDIA H200, 118995 MiB, 143771 MiB, 100 %, 330.90 W
2026/08/14 06:20:33.926, 0, NVIDIA H200, 118995 MiB, 143771 MiB, 96 %, 331.37 W
2026/08/14 06:20:34.929, 0, NVIDIA H200, 118995 MiB, 143771 MiB, 100 %, 331.29 W
2026/08/14 06:20:35.931, 0, NVIDIA H200, 118995 MiB, 143771 MiB, 100 %, 331.63 W
2026/08/14 06:20:36.934, 0, NVIDIA H200, 118995 MiB, 143771 MiB, 100 %, 332.40 W
2026/08/14 06:20:37.936, 0, NVIDIA H200, 118995 MiB, 143771 MiB, 100 %, 331.85 W
2026/08/14 06:20:38.938, 0, NVIDIA H200, 118995 MiB, 143771 MiB, 100 %, 332.87 W
2026/08/14 06:20:39.940, 0, NVIDIA H200, 118995 MiB, 143771 MiB, 100 %, 331.98 W
2026/08/14 06:20:40.942, 0, NVIDIA H200, 118995 MiB, 143771 MiB, 100 %, 332.39 W
2026/08/14 06:20:41.945, 0, NVIDIA H200, 118995 MiB, 143771 MiB, 100 %, 333.64 W
2026/08/14 06:20:42.947, 0, NVIDIA H200, 118995 MiB, 143771 MiB, 100 %, 333.79 W
2026/08/14 06:20:43.950, 0, NVIDIA H200, 118995 MiB, 143771 MiB, 99 %, 334.21 W
2026/08/14 06:20:44.952, 0, NVIDIA H200, 118995 MiB, 143771 MiB, 100 %, 334.30 W
2026/08/14 06:20:45.954, 0, NVIDIA H200, 118995 MiB, 143771 MiB, 100 %, 334.56 W
2026/08/14 06:20:46.956, 0, NVIDIA H200, 118995 MiB, 143771 MiB, 100 %, 334.82 W
2026/08/14 06:20:47.958, 0, NVIDIA H200, 118995 MiB, 143771 MiB, 100 %, 335.13 W
2026/08/14 06:20:48.961, 0, NVIDIA H200, 118995 MiB, 143771 MiB, 100 %, 335.49 W
2026/08/14 06:20:49.964, 0, NVIDIA H200, 118995 MiB, 143771 MiB, 99 %, 335.31 W
2026/08/14 06:20:50.968, 0, NVIDIA H200, 118995 MiB, 143771 MiB, 100 %, 336.02 W
2026/08/14 06:20:51.969, 0, NVIDIA H200, 118995 MiB, 143771 MiB, 100 %, 336.98 W
2026/08/14 06:20:52.974, 0, NVIDIA H200, 118995 MiB, 143771 MiB, 100 %, 336.48 W
2026/08/14 06:20:53.976, 0, NVIDIA H200, 118995 MiB, 143771 MiB, 0 %, 227.39 W
2026/08/14 06:20:54.979, 0, NVIDIA H200, 118995 MiB, 143771 MiB, 100 %, 319.39 W
2026/08/14 06:20:55.981, 0, NVIDIA H200, 118995 MiB, 143771 MiB, 100 %, 326.91 W
2026/08/14 06:20:56.984, 0, NVIDIA H200, 118995 MiB, 143771 MiB, 100 %, 327.90 W
2026/08/14 06:20:57.987, 0, NVIDIA H200, 118995 MiB, 143771 MiB, 5 %, 277.28 W
2026/08/14 06:20:58.989, 0, NVIDIA H200, 118995 MiB, 143771 MiB, 72 %, 262.88 W
2026/08/14 06:20:59.996, 0, NVIDIA H200, 118995 MiB, 143771 MiB, 0 %, 175.94 W
2026/08/14 06:21:00.999, 0, NVIDIA H200, 118995 MiB, 143771 MiB, 100 %, 226.78 W
2026/08/14 06:21:02.001, 0, NVIDIA H200, 118995 MiB, 143771 MiB, 100 %, 327.77 W
2026/08/14 06:21:03.003, 0, NVIDIA H200, 118995 MiB, 143771 MiB, 100 %, 328.21 W
2026/08/14 06:21:04.006, 0, NVIDIA H200, 118995 MiB, 143771 MiB, 100 %, 329.42 W
2026/08/14 06:21:05.008, 0, NVIDIA H200, 118995 MiB, 143771 MiB, 100 %, 329.33 W
2026/08/14 06:21:06.010, 0, NVIDIA H200, 118995 MiB, 143771 MiB, 100 %, 330.17 W
2026/08/14 06:21:07.013, 0, NVIDIA H200, 118995 MiB, 143771 MiB, 4 %, 232.51 W
2026/08/14 06:21:08.016, 0, NVIDIA H200, 118995 MiB, 143771 MiB, 0 %, 193.34 W
2026/08/14 06:21:09.020, 0, NVIDIA H200, 118995 MiB, 143771 MiB, 100 %, 215.67 W
2026/08/14 06:21:10.024, 0, NVIDIA H200, 118995 MiB, 143771 MiB, 0 %, 166.10 W
2026/08/14 06:21:11.026, 0, NVIDIA H200, 118995 MiB, 143771 MiB, 100 %, 312.02 W
2026/08/14 06:21:12.030, 0, NVIDIA H200, 118995 MiB, 143771 MiB, 100 %, 328.23 W
2026/08/14 06:21:13.033, 0, NVIDIA H200, 118995 MiB, 143771 MiB, 100 %, 244.32 W
2026/08/14 06:21:14.035, 0, NVIDIA H200, 118995 MiB, 143771 MiB, 0 %, 160.88 W
2026/08/14 06:21:15.038, 0, NVIDIA H200, 118995 MiB, 143771 MiB, 64 %, 213.82 W
2026/08/14 06:21:16.042, 0, NVIDIA H200, 118995 MiB, 143771 MiB, 0 %, 165.24 W
2026/08/14 06:21:17.045, 0, NVIDIA H200, 118995 MiB, 143771 MiB, 100 %, 327.05 W
2026/08/14 06:21:18.048, 0, NVIDIA H200, 118995 MiB, 143771 MiB, 100 %, 327.95 W
2026/08/14 06:21:19.050, 0, NVIDIA H200, 118995 MiB, 143771 MiB, 0 %, 240.42 W
2026/08/14 06:21:20.053, 0, NVIDIA H200, 118995 MiB, 143771 MiB, 100 %, 336.23 W
2026/08/14 06:21:21.058, 0, NVIDIA H200, 118995 MiB, 143771 MiB, 100 %, 329.19 W
2026/08/14 06:21:22.061, 0, NVIDIA H200, 118995 MiB, 143771 MiB, 100 %, 329.30 W
2026/08/14 06:21:23.063, 0, NVIDIA H200, 118995 MiB, 143771 MiB, 100 %, 329.86 W
2026/08/14 06:21:24.065, 0, NVIDIA H200, 118995 MiB, 143771 MiB, 0 %, 183.96 W
2026/08/14 06:21:25.071, 0, NVIDIA H200, 118995 MiB, 143771 MiB, 66 %, 237.00 W
2026/08/14 06:21:26.076, 0, NVIDIA H200, 118995 MiB, 143771 MiB, 0 %, 177.45 W
2026/08/14 06:21:27.078, 0, NVIDIA H200, 118995 MiB, 143771 MiB, 100 %, 327.74 W
2026/08/14 06:21:28.083, 0, NVIDIA H200, 118995 MiB, 143771 MiB, 100 %, 322.76 W
2026/08/14 06:21:29.086, 0, NVIDIA H200, 118995 MiB, 143771 MiB, 0 %, 238.18 W
2026/08/14 06:21:30.091, 0, NVIDIA H200, 118995 MiB, 143771 MiB, 100 %, 323.40 W
2026/08/14 06:21:31.095, 0, NVIDIA H200, 118995 MiB, 143771 MiB, 100 %, 322.90 W
2026/08/14 06:21:32.101, 0, NVIDIA H200, 118995 MiB, 143771 MiB, 100 %, 323.31 W
2026/08/14 06:21:33.103, 0, NVIDIA H200, 118995 MiB, 143771 MiB, 100 %, 324.00 W
2026/08/14 06:21:34.109, 0, NVIDIA H200, 118995 MiB, 143771 MiB, 100 %, 323.96 W
2026/08/14 06:21:35.112, 0, NVIDIA H200, 118995 MiB, 143771 MiB, 0 %, 193.29 W
2026/08/14 06:21:36.115, 0, NVIDIA H200, 118995 MiB, 143771 MiB, 0 %, 210.50 W
2026/08/14 06:21:37.123, 0, NVIDIA H200, 118995 MiB, 143771 MiB, 36 %, 201.34 W
2026/08/14 06:21:38.125, 0, NVIDIA H200, 118995 MiB, 143771 MiB, 100 %, 321.06 W
2026/08/14 06:21:39.128, 0, NVIDIA H200, 118995 MiB, 143771 MiB, 100 %, 322.33 W
2026/08/14 06:21:40.133, 0, NVIDIA H200, 118995 MiB, 143771 MiB, 100 %, 321.87 W
2026/08/14 06:21:41.136, 0, NVIDIA H200, 118995 MiB, 143771 MiB, 100 %, 321.41 W
2026/08/14 06:21:42.140, 0, NVIDIA H200, 118995 MiB, 143771 MiB, 100 %, 321.85 W
2026/08/14 06:21:43.142, 0, NVIDIA H200, 118995 MiB, 143771 MiB, 100 %, 322.53 W
2026/08/14 06:21:44.144, 0, NVIDIA H200, 118995 MiB, 143771 MiB, 100 %, 322.61 W
2026/08/14 06:21:45.147, 0, NVIDIA H200, 118995 MiB, 143771 MiB, 0 %, 257.60 W
2026/08/14 06:21:46.152, 0, NVIDIA H200, 118995 MiB, 143771 MiB, 100 %, 299.48 W
2026/08/14 06:21:47.154, 0, NVIDIA H200, 118995 MiB, 143771 MiB, 100 %, 320.64 W
2026/08/14 06:21:48.156, 0, NVIDIA H200, 118995 MiB, 143771 MiB, 100 %, 320.80 W
2026/08/14 06:21:49.159, 0, NVIDIA H200, 118995 MiB, 143771 MiB, 100 %, 321.80 W
2026/08/14 06:21:50.162, 0, NVIDIA H200, 118995 MiB, 143771 MiB, 0 %, 199.74 W
2026/08/14 06:21:51.164, 0, NVIDIA H200, 118995 MiB, 143771 MiB, 100 %, 210.18 W
2026/08/14 06:21:52.167, 0, NVIDIA H200, 118995 MiB, 143771 MiB, 0 %, 169.01 W
2026/08/14 06:21:53.170, 0, NVIDIA H200, 118995 MiB, 143771 MiB, 100 %, 325.29 W
2026/08/14 06:21:54.174, 0, NVIDIA H200, 118995 MiB, 143771 MiB, 100 %, 319.95 W
2026/08/14 06:21:55.180, 0, NVIDIA H200, 118995 MiB, 143771 MiB, 100 %, 319.78 W
2026/08/14 06:21:56.185, 0, NVIDIA H200, 118995 MiB, 143771 MiB, 100 %, 319.99 W
2026/08/14 06:21:57.199, 0, NVIDIA H200, 118995 MiB, 143771 MiB, 100 %, 320.62 W
2026/08/14 06:21:58.204, 0, NVIDIA H200, 118995 MiB, 143771 MiB, 0 %, 238.36 W
2026/08/14 06:21:59.211, 0, NVIDIA H200, 118995 MiB, 143771 MiB, 100 %, 311.46 W
2026/08/14 06:22:00.222, 0, NVIDIA H200, 118995 MiB, 143771 MiB, 100 %, 318.72 W
2026/08/14 06:22:01.225, 0, NVIDIA H200, 118995 MiB, 143771 MiB, 100 %, 319.34 W
2026/08/14 06:22:02.230, 0, NVIDIA H200, 118995 MiB, 143771 MiB, 100 %, 320.05 W
2026/08/14 06:22:03.232, 0, NVIDIA H200, 118995 MiB, 143771 MiB, 81 %, 238.35 W
2026/08/14 06:22:04.237, 0, NVIDIA H200, 118995 MiB, 143771 MiB, 0 %, 191.91 W
2026/08/14 06:22:05.240, 0, NVIDIA H200, 118995 MiB, 143771 MiB, 0 %, 202.82 W
2026/08/14 06:22:06.243, 0, NVIDIA H200, 118995 MiB, 143771 MiB, 100 %, 269.53 W
2026/08/14 06:22:07.247, 0, NVIDIA H200, 118995 MiB, 143771 MiB, 100 %, 320.45 W
2026/08/14 06:22:08.251, 0, NVIDIA H200, 118995 MiB, 143771 MiB, 0 %, 272.28 W
2026/08/14 06:22:09.254, 0, NVIDIA H200, 118995 MiB, 143771 MiB, 13 %, 195.35 W
2026/08/14 06:22:10.256, 0, NVIDIA H200, 118995 MiB, 143771 MiB, 9 %, 173.64 W
2026/08/14 06:22:11.259, 0, NVIDIA H200, 118995 MiB, 143771 MiB, 100 %, 240.58 W
2026/08/14 06:22:12.263, 0, NVIDIA H200, 118995 MiB, 143771 MiB, 100 %, 318.79 W
2026/08/14 06:22:13.273, 0, NVIDIA H200, 118995 MiB, 143771 MiB, 100 %, 318.26 W
2026/08/14 06:22:14.276, 0, NVIDIA H200, 118995 MiB, 143771 MiB, 100 %, 318.64 W
2026/08/14 06:22:15.282, 0, NVIDIA H200, 118995 MiB, 143771 MiB, 86 %, 316.92 W
2026/08/14 06:22:16.285, 0, NVIDIA H200, 118995 MiB, 143771 MiB, 0 %, 179.86 W
2026/08/14 06:22:17.295, 0, NVIDIA H200, 118995 MiB, 143771 MiB, 0 %, 191.51 W
2026/08/14 06:22:18.298, 0, NVIDIA H200, 118995 MiB, 143771 MiB, 94 %, 189.05 W
2026/08/14 06:22:19.306, 0, NVIDIA H200, 118995 MiB, 143771 MiB, 100 %, 236.28 W
2026/08/14 06:22:20.308, 0, NVIDIA H200, 118995 MiB, 143771 MiB, 100 %, 318.61 W
2026/08/14 06:22:21.312, 0, NVIDIA H200, 118995 MiB, 143771 MiB, 100 %, 319.36 W
2026/08/14 06:22:22.314, 0, NVIDIA H200, 118995 MiB, 143771 MiB, 100 %, 320.31 W
2026/08/14 06:22:23.318, 0, NVIDIA H200, 118995 MiB, 143771 MiB, 100 %, 320.93 W
2026/08/14 06:22:24.321, 0, NVIDIA H200, 118995 MiB, 143771 MiB, 100 %, 320.24 W
2026/08/14 06:22:25.324, 0, NVIDIA H200, 118995 MiB, 143771 MiB, 100 %, 321.02 W
2026/08/14 06:22:26.326, 0, NVIDIA H200, 118995 MiB, 143771 MiB, 0 %, 260.11 W
2026/08/14 06:22:27.329, 0, NVIDIA H200, 118995 MiB, 143771 MiB, 3 %, 231.21 W
2026/08/14 06:22:28.331, 0, NVIDIA H200, 118995 MiB, 143771 MiB, 11 %, 174.99 W
2026/08/14 06:22:29.333, 0, NVIDIA H200, 118995 MiB, 143771 MiB, 100 %, 237.17 W
2026/08/14 06:22:30.337, 0, NVIDIA H200, 118995 MiB, 143771 MiB, 100 %, 318.19 W
2026/08/14 06:22:31.340, 0, NVIDIA H200, 118995 MiB, 143771 MiB, 88 %, 311.90 W
2026/08/14 06:22:32.343, 0, NVIDIA H200, 118995 MiB, 143771 MiB, 100 %, 257.50 W
2026/08/14 06:22:33.345, 0, NVIDIA H200, 118995 MiB, 143771 MiB, 100 %, 319.31 W
2026/08/14 06:22:34.347, 0, NVIDIA H200, 118995 MiB, 143771 MiB, 100 %, 318.33 W
2026/08/14 06:22:35.349, 0, NVIDIA H200, 118995 MiB, 143771 MiB, 100 %, 319.31 W
2026/08/14 06:22:36.353, 0, NVIDIA H200, 118995 MiB, 143771 MiB, 100 %, 320.14 W
2026/08/14 06:22:37.355, 0, NVIDIA H200, 118995 MiB, 143771 MiB, 100 %, 321.40 W
2026/08/14 06:22:38.443, 0, NVIDIA H200, 118995 MiB, 143771 MiB, 100 %, 302.65 W
2026/08/14 06:22:39.445, 0, NVIDIA H200, 118995 MiB, 143771 MiB, 75 %, 194.45 W
2026/08/14 06:22:40.451, 0, NVIDIA H200, 118995 MiB, 143771 MiB, 0 %, 156.47 W
2026/08/14 06:22:41.453, 0, NVIDIA H200, 118995 MiB, 143771 MiB, 100 %, 235.43 W
2026/08/14 06:22:42.457, 0, NVIDIA H200, 118995 MiB, 143771 MiB, 100 %, 317.98 W
2026/08/14 06:22:43.469, 0, NVIDIA H200, 118995 MiB, 143771 MiB, 100 %, 318.61 W
2026/08/14 06:22:44.472, 0, NVIDIA H200, 118995 MiB, 143771 MiB, 100 %, 319.48 W
2026/08/14 06:22:45.490, 0, NVIDIA H200, 118995 MiB, 143771 MiB, 100 %, 318.47 W
2026/08/14 06:22:46.504, 0, NVIDIA H200, 118995 MiB, 143771 MiB, 100 %, 319.25 W
2026/08/14 06:22:47.507, 0, NVIDIA H200, 118995 MiB, 143771 MiB, 100 %, 319.22 W
2026/08/14 06:22:48.510, 0, NVIDIA H200, 118995 MiB, 143771 MiB, 100 %, 320.21 W
2026/08/14 06:22:49.514, 0, NVIDIA H200, 118995 MiB, 143771 MiB, 0 %, 270.05 W
2026/08/14 06:22:50.518, 0, NVIDIA H200, 118995 MiB, 143771 MiB, 96 %, 191.63 W
2026/08/14 06:22:51.521, 0, NVIDIA H200, 118995 MiB, 143771 MiB, 0 %, 155.34 W
2026/08/14 06:22:52.524, 0, NVIDIA H200, 118995 MiB, 143771 MiB, 100 %, 221.07 W
2026/08/14 06:22:53.527, 0, NVIDIA H200, 118995 MiB, 143771 MiB, 100 %, 318.37 W
2026/08/14 06:22:54.531, 0, NVIDIA H200, 118995 MiB, 143771 MiB, 100 %, 317.93 W
2026/08/14 06:22:55.534, 0, NVIDIA H200, 118995 MiB, 143771 MiB, 100 %, 317.94 W
2026/08/14 06:22:56.537, 0, NVIDIA H200, 118995 MiB, 143771 MiB, 100 %, 316.43 W
2026/08/14 06:22:57.540, 0, NVIDIA H200, 118995 MiB, 143771 MiB, 100 %, 244.93 W
2026/08/14 06:22:58.543, 0, NVIDIA H200, 118995 MiB, 143771 MiB, 100 %, 320.74 W
2026/08/14 06:22:59.546, 0, NVIDIA H200, 118995 MiB, 143771 MiB, 100 %, 320.67 W
2026/08/14 06:23:00.548, 0, NVIDIA H200, 118995 MiB, 143771 MiB, 100 %, 320.92 W
2026/08/14 06:23:01.552, 0, NVIDIA H200, 118995 MiB, 143771 MiB, 100 %, 320.77 W
2026/08/14 06:23:02.554, 0, NVIDIA H200, 118995 MiB, 143771 MiB, 100 %, 322.02 W
2026/08/14 06:23:03.558, 0, NVIDIA H200, 118995 MiB, 143771 MiB, 0 %, 245.27 W
2026/08/14 06:23:04.560, 0, NVIDIA H200, 118995 MiB, 143771 MiB, 36 %, 234.62 W
2026/08/14 06:23:05.563, 0, NVIDIA H200, 118995 MiB, 143771 MiB, 0 %, 177.55 W
2026/08/14 06:23:06.566, 0, NVIDIA H200, 118995 MiB, 143771 MiB, 100 %, 241.29 W
2026/08/14 06:23:07.568, 0, NVIDIA H200, 118995 MiB, 143771 MiB, 100 %, 318.65 W
2026/08/14 06:23:08.571, 0, NVIDIA H200, 118995 MiB, 143771 MiB, 100 %, 319.46 W
2026/08/14 06:23:09.574, 0, NVIDIA H200, 118995 MiB, 143771 MiB, 100 %, 320.82 W
2026/08/14 06:23:10.576, 0, NVIDIA H200, 118995 MiB, 143771 MiB, 100 %, 320.65 W
2026/08/14 06:23:11.579, 0, NVIDIA H200, 118995 MiB, 143771 MiB, 0 %, 240.09 W
2026/08/14 06:23:12.582, 0, NVIDIA H200, 118995 MiB, 143771 MiB, 0 %, 189.24 W
2026/08/14 06:23:13.586, 0, NVIDIA H200, 118995 MiB, 143771 MiB, 100 %, 191.52 W
2026/08/14 06:23:14.589, 0, NVIDIA H200, 118995 MiB, 143771 MiB, 100 %, 253.93 W
2026/08/14 06:23:15.592, 0, NVIDIA H200, 118995 MiB, 143771 MiB, 100 %, 319.31 W
2026/08/14 06:23:16.595, 0, NVIDIA H200, 118995 MiB, 143771 MiB, 100 %, 320.44 W
2026/08/14 06:23:17.597, 0, NVIDIA H200, 118995 MiB, 143771 MiB, 100 %, 321.37 W
2026/08/14 06:23:18.599, 0, NVIDIA H200, 118995 MiB, 143771 MiB, 100 %, 321.17 W
2026/08/14 06:23:19.602, 0, NVIDIA H200, 118995 MiB, 143771 MiB, 100 %, 321.51 W
2026/08/14 06:23:20.605, 0, NVIDIA H200, 118995 MiB, 143771 MiB, 41 %, 243.95 W
2026/08/14 06:23:21.609, 0, NVIDIA H200, 118995 MiB, 143771 MiB, 100 %, 321.95 W
2026/08/14 06:23:22.611, 0, NVIDIA H200, 118995 MiB, 143771 MiB, 100 %, 322.36 W
2026/08/14 06:23:23.614, 0, NVIDIA H200, 118995 MiB, 143771 MiB, 100 %, 322.71 W
2026/08/14 06:23:24.617, 0, NVIDIA H200, 118995 MiB, 143771 MiB, 100 %, 322.99 W
2026/08/14 06:23:25.620, 0, NVIDIA H200, 118995 MiB, 143771 MiB, 100 %, 322.87 W
2026/08/14 06:23:26.623, 0, NVIDIA H200, 118995 MiB, 143771 MiB, 100 %, 323.42 W
2026/08/14 06:23:27.626, 0, NVIDIA H200, 118995 MiB, 143771 MiB, 100 %, 324.84 W
2026/08/14 06:23:28.629, 0, NVIDIA H200, 118995 MiB, 143771 MiB, 100 %, 326.27 W
2026/08/14 06:23:29.632, 0, NVIDIA H200, 118995 MiB, 143771 MiB, 100 %, 324.67 W
2026/08/14 06:23:30.635, 0, NVIDIA H200, 118995 MiB, 143771 MiB, 100 %, 325.49 W
2026/08/14 06:23:31.639, 0, NVIDIA H200, 118995 MiB, 143771 MiB, 100 %, 196.53 W
2026/08/14 06:23:32.642, 0, NVIDIA H200, 118995 MiB, 143771 MiB, 4 %, 202.05 W
2026/08/14 06:23:33.650, 0, NVIDIA H200, 118995 MiB, 143771 MiB, 0 %, 171.15 W
2026/08/14 06:23:34.652, 0, NVIDIA H200, 118995 MiB, 143771 MiB, 100 %, 303.49 W
2026/08/14 06:23:35.655, 0, NVIDIA H200, 118995 MiB, 143771 MiB, 100 %, 321.22 W
2026/08/14 06:23:36.658, 0, NVIDIA H200, 118995 MiB, 143771 MiB, 100 %, 321.99 W
2026/08/14 06:23:37.660, 0, NVIDIA H200, 118995 MiB, 143771 MiB, 100 %, 322.57 W
2026/08/14 06:23:38.663, 0, NVIDIA H200, 118995 MiB, 143771 MiB, 100 %, 323.21 W
2026/08/14 06:23:39.665, 0, NVIDIA H200, 118995 MiB, 143771 MiB, 100 %, 322.73 W
2026/08/14 06:23:40.667, 0, NVIDIA H200, 118995 MiB, 143771 MiB, 16 %, 237.07 W
2026/08/14 06:23:41.671, 0, NVIDIA H200, 118995 MiB, 143771 MiB, 100 %, 323.14 W
2026/08/14 06:23:42.674, 0, NVIDIA H200, 118995 MiB, 143771 MiB, 100 %, 321.94 W
2026/08/14 06:23:43.676, 0, NVIDIA H200, 118995 MiB, 143771 MiB, 100 %, 323.57 W
2026/08/14 06:23:44.679, 0, NVIDIA H200, 118995 MiB, 143771 MiB, 100 %, 323.14 W
2026/08/14 06:23:45.682, 0, NVIDIA H200, 118995 MiB, 143771 MiB, 100 %, 323.93 W
2026/08/14 06:23:46.685, 0, NVIDIA H200, 118995 MiB, 143771 MiB, 0 %, 255.73 W
2026/08/14 06:23:47.688, 0, NVIDIA H200, 118995 MiB, 143771 MiB, 0 %, 213.01 W
2026/08/14 06:23:48.692, 0, NVIDIA H200, 118995 MiB, 143771 MiB, 100 %, 207.18 W
2026/08/14 06:23:49.694, 0, NVIDIA H200, 118995 MiB, 143771 MiB, 100 %, 257.71 W
2026/08/14 06:23:50.698, 0, NVIDIA H200, 118995 MiB, 143771 MiB, 100 %, 319.50 W
2026/08/14 06:23:51.701, 0, NVIDIA H200, 118995 MiB, 143771 MiB, 100 %, 321.38 W
2026/08/14 06:23:52.703, 0, NVIDIA H200, 118995 MiB, 143771 MiB, 100 %, 321.26 W
2026/08/14 06:23:53.706, 0, NVIDIA H200, 118995 MiB, 143771 MiB, 100 %, 321.59 W
2026/08/14 06:23:54.709, 0, NVIDIA H200, 118995 MiB, 143771 MiB, 100 %, 321.68 W
2026/08/14 06:23:55.712, 0, NVIDIA H200, 118995 MiB, 143771 MiB, 100 %, 321.52 W
2026/08/14 06:23:56.715, 0, NVIDIA H200, 118995 MiB, 143771 MiB, 100 %, 323.78 W
2026/08/14 06:23:57.717, 0, NVIDIA H200, 118995 MiB, 143771 MiB, 100 %, 323.10 W
2026/08/14 06:23:58.720, 0, NVIDIA H200, 118995 MiB, 143771 MiB, 100 %, 324.13 W
2026/08/14 06:23:59.723, 0, NVIDIA H200, 118995 MiB, 143771 MiB, 100 %, 324.63 W
2026/08/14 06:24:00.726, 0, NVIDIA H200, 118995 MiB, 143771 MiB, 0 %, 270.70 W
2026/08/14 06:24:01.729, 0, NVIDIA H200, 118995 MiB, 143771 MiB, 19 %, 198.29 W
2026/08/14 06:24:02.733, 0, NVIDIA H200, 118995 MiB, 143771 MiB, 77 %, 199.75 W
2026/08/14 06:24:03.735, 0, NVIDIA H200, 118995 MiB, 143771 MiB, 100 %, 238.00 W
2026/08/14 06:24:04.736, 0, NVIDIA H200, 118995 MiB, 143771 MiB, 100 %, 320.36 W
2026/08/14 06:24:05.739, 0, NVIDIA H200, 118995 MiB, 143771 MiB, 0 %, 290.61 W
2026/08/14 06:24:06.742, 0, NVIDIA H200, 118995 MiB, 143771 MiB, 100 %, 272.94 W
2026/08/14 06:24:07.745, 0, NVIDIA H200, 118995 MiB, 143771 MiB, 100 %, 321.31 W
2026/08/14 06:24:08.749, 0, NVIDIA H200, 118995 MiB, 143771 MiB, 100 %, 321.58 W
2026/08/14 06:24:09.751, 0, NVIDIA H200, 118995 MiB, 143771 MiB, 100 %, 322.36 W
2026/08/14 06:24:10.754, 0, NVIDIA H200, 118995 MiB, 143771 MiB, 100 %, 321.73 W
2026/08/14 06:24:11.757, 0, NVIDIA H200, 118995 MiB, 143771 MiB, 100 %, 322.38 W
2026/08/14 06:24:12.760, 0, NVIDIA H200, 118995 MiB, 143771 MiB, 100 %, 323.59 W
2026/08/14 06:24:13.763, 0, NVIDIA H200, 118995 MiB, 143771 MiB, 100 %, 322.91 W
2026/08/14 06:24:14.765, 0, NVIDIA H200, 118995 MiB, 143771 MiB, 0 %, 181.26 W
2026/08/14 06:24:15.768, 0, NVIDIA H200, 118995 MiB, 143771 MiB, 27 %, 209.63 W
2026/08/14 06:24:16.771, 0, NVIDIA H200, 118995 MiB, 143771 MiB, 0 %, 176.36 W
2026/08/14 06:24:17.775, 0, NVIDIA H200, 118995 MiB, 143771 MiB, 84 %, 310.30 W
2026/08/14 06:24:18.778, 0, NVIDIA H200, 118995 MiB, 143771 MiB, 100 %, 241.99 W
2026/08/14 06:24:19.780, 0, NVIDIA H200, 118995 MiB, 143771 MiB, 100 %, 320.89 W
2026/08/14 06:24:20.782, 0, NVIDIA H200, 118995 MiB, 143771 MiB, 100 %, 321.14 W
2026/08/14 06:24:21.785, 0, NVIDIA H200, 118995 MiB, 143771 MiB, 100 %, 321.78 W
2026/08/14 06:24:22.788, 0, NVIDIA H200, 118995 MiB, 143771 MiB, 100 %, 322.30 W
2026/08/14 06:24:23.790, 0, NVIDIA H200, 118995 MiB, 143771 MiB, 100 %, 322.55 W
2026/08/14 06:24:24.793, 0, NVIDIA H200, 118995 MiB, 143771 MiB, 100 %, 322.67 W
2026/08/14 06:24:25.796, 0, NVIDIA H200, 118995 MiB, 143771 MiB, 0 %, 239.57 W
2026/08/14 06:24:26.799, 0, NVIDIA H200, 118995 MiB, 143771 MiB, 0 %, 221.93 W
2026/08/14 06:24:27.802, 0, NVIDIA H200, 118995 MiB, 143771 MiB, 0 %, 201.14 W
2026/08/14 06:24:28.804, 0, NVIDIA H200, 118995 MiB, 143771 MiB, 100 %, 247.36 W
2026/08/14 06:24:29.807, 0, NVIDIA H200, 118995 MiB, 143771 MiB, 100 %, 322.75 W
2026/08/14 06:24:30.810, 0, NVIDIA H200, 118995 MiB, 143771 MiB, 100 %, 298.40 W
2026/08/14 06:24:31.813, 0, NVIDIA H200, 118995 MiB, 143771 MiB, 100 %, 257.68 W
2026/08/14 06:24:32.815, 0, NVIDIA H200, 118995 MiB, 143771 MiB, 100 %, 322.97 W
2026/08/14 06:24:33.818, 0, NVIDIA H200, 118995 MiB, 143771 MiB, 100 %, 323.85 W
2026/08/14 06:24:34.820, 0, NVIDIA H200, 118995 MiB, 143771 MiB, 100 %, 324.46 W
2026/08/14 06:24:35.823, 0, NVIDIA H200, 118995 MiB, 143771 MiB, 100 %, 324.54 W
2026/08/14 06:24:36.826, 0, NVIDIA H200, 118995 MiB, 143771 MiB, 100 %, 324.90 W
2026/08/14 06:24:37.828, 0, NVIDIA H200, 118995 MiB, 143771 MiB, 100 %, 325.65 W
2026/08/14 06:24:38.830, 0, NVIDIA H200, 118995 MiB, 143771 MiB, 0 %, 241.67 W
2026/08/14 06:24:39.834, 0, NVIDIA H200, 118995 MiB, 143771 MiB, 0 %, 185.36 W
2026/08/14 06:24:40.836, 0, NVIDIA H200, 118995 MiB, 143771 MiB, 100 %, 192.71 W
2026/08/14 06:24:41.839, 0, NVIDIA H200, 118995 MiB, 143771 MiB, 100 %, 267.00 W
2026/08/14 06:24:42.841, 0, NVIDIA H200, 118995 MiB, 143771 MiB, 100 %, 323.29 W
2026/08/14 06:24:43.844, 0, NVIDIA H200, 118995 MiB, 143771 MiB, 51 %, 237.98 W
2026/08/14 06:24:44.846, 0, NVIDIA H200, 118995 MiB, 143771 MiB, 100 %, 322.36 W
2026/08/14 06:24:45.849, 0, NVIDIA H200, 118995 MiB, 143771 MiB, 100 %, 324.00 W
2026/08/14 06:24:46.851, 0, NVIDIA H200, 118995 MiB, 143771 MiB, 100 %, 324.49 W
2026/08/14 06:24:47.853, 0, NVIDIA H200, 118995 MiB, 143771 MiB, 100 %, 323.85 W
2026/08/14 06:24:48.855, 0, NVIDIA H200, 118995 MiB, 143771 MiB, 100 %, 325.69 W
2026/08/14 06:24:49.858, 0, NVIDIA H200, 118995 MiB, 143771 MiB, 100 %, 325.49 W
2026/08/14 06:24:50.861, 0, NVIDIA H200, 118995 MiB, 143771 MiB, 100 %, 325.60 W
2026/08/14 06:24:51.864, 0, NVIDIA H200, 118995 MiB, 143771 MiB, 0 %, 258.37 W
2026/08/14 06:24:52.868, 0, NVIDIA H200, 118995 MiB, 143771 MiB, 71 %, 201.27 W
2026/08/14 06:24:53.870, 0, NVIDIA H200, 118995 MiB, 143771 MiB, 0 %, 185.69 W
2026/08/14 06:24:54.874, 0, NVIDIA H200, 118995 MiB, 143771 MiB, 100 %, 243.19 W
2026/08/14 06:24:55.877, 0, NVIDIA H200, 118995 MiB, 143771 MiB, 100 %, 323.84 W
2026/08/14 06:24:56.879, 0, NVIDIA H200, 118995 MiB, 143771 MiB, 100 %, 324.15 W
2026/08/14 06:24:57.882, 0, NVIDIA H200, 118995 MiB, 143771 MiB, 90 %, 225.87 W
2026/08/14 06:24:58.885, 0, NVIDIA H200, 118995 MiB, 143771 MiB, 100 %, 323.62 W
2026/08/14 06:24:59.888, 0, NVIDIA H200, 118995 MiB, 143771 MiB, 100 %, 324.00 W
2026/08/14 06:25:00.891, 0, NVIDIA H200, 118995 MiB, 143771 MiB, 100 %, 324.95 W
2026/08/14 06:25:01.894, 0, NVIDIA H200, 118995 MiB, 143771 MiB, 100 %, 325.17 W
2026/08/14 06:25:02.896, 0, NVIDIA H200, 118995 MiB, 143771 MiB, 100 %, 325.31 W
2026/08/14 06:25:03.899, 0, NVIDIA H200, 118995 MiB, 143771 MiB, 100 %, 325.34 W
2026/08/14 06:25:04.902, 0, NVIDIA H200, 118995 MiB, 143771 MiB, 0 %, 291.35 W
2026/08/14 06:25:05.905, 0, NVIDIA H200, 118995 MiB, 143771 MiB, 100 %, 242.73 W
2026/08/14 06:25:06.907, 0, NVIDIA H200, 118995 MiB, 143771 MiB, 0 %, 195.64 W
2026/08/14 06:25:07.910, 0, NVIDIA H200, 118995 MiB, 143771 MiB, 78 %, 204.71 W
2026/08/14 06:25:08.913, 0, NVIDIA H200, 118995 MiB, 143771 MiB, 100 %, 327.65 W
2026/08/14 06:25:09.916, 0, NVIDIA H200, 118995 MiB, 143771 MiB, 100 %, 326.66 W
2026/08/14 06:25:10.919, 0, NVIDIA H200, 118995 MiB, 143771 MiB, 0 %, 246.27 W
2026/08/14 06:25:11.922, 0, NVIDIA H200, 118995 MiB, 143771 MiB, 100 %, 240.41 W
2026/08/14 06:25:12.926, 0, NVIDIA H200, 118995 MiB, 143771 MiB, 0 %, 225.33 W
2026/08/14 06:25:13.929, 0, NVIDIA H200, 118995 MiB, 143771 MiB, 100 %, 214.16 W
2026/08/14 06:25:14.932, 0, NVIDIA H200, 118995 MiB, 143771 MiB, 100 %, 259.45 W
2026/08/14 06:25:15.935, 0, NVIDIA H200, 118995 MiB, 143771 MiB, 100 %, 326.31 W
2026/08/14 06:25:16.938, 0, NVIDIA H200, 118995 MiB, 143771 MiB, 100 %, 327.92 W
2026/08/14 06:25:17.941, 0, NVIDIA H200, 118995 MiB, 143771 MiB, 100 %, 327.64 W
2026/08/14 06:25:18.948, 0, NVIDIA H200, 118995 MiB, 143771 MiB, 100 %, 236.58 W
2026/08/14 06:25:19.952, 0, NVIDIA H200, 118995 MiB, 143771 MiB, 100 %, 330.35 W
2026/08/14 06:25:20.957, 0, NVIDIA H200, 118995 MiB, 143771 MiB, 100 %, 330.41 W
2026/08/14 06:25:21.959, 0, NVIDIA H200, 118995 MiB, 143771 MiB, 7 %, 228.12 W
2026/08/14 06:25:22.965, 0, NVIDIA H200, 118995 MiB, 143771 MiB, 0 %, 185.72 W
2026/08/14 06:25:23.968, 0, NVIDIA H200, 118995 MiB, 143771 MiB, 100 %, 210.04 W
2026/08/14 06:25:24.973, 0, NVIDIA H200, 118995 MiB, 143771 MiB, 100 %, 255.10 W
2026/08/14 06:25:25.976, 0, NVIDIA H200, 118995 MiB, 143771 MiB, 100 %, 326.69 W
2026/08/14 06:25:26.980, 0, NVIDIA H200, 118995 MiB, 143771 MiB, 100 %, 327.38 W
2026/08/14 06:25:27.983, 0, NVIDIA H200, 118995 MiB, 143771 MiB, 100 %, 327.62 W
2026/08/14 06:25:28.988, 0, NVIDIA H200, 118995 MiB, 143771 MiB, 100 %, 327.61 W
2026/08/14 06:25:29.991, 0, NVIDIA H200, 118995 MiB, 143771 MiB, 100 %, 329.05 W
2026/08/14 06:25:30.997, 0, NVIDIA H200, 118995 MiB, 143771 MiB, 100 %, 328.57 W
2026/08/14 06:25:32.000, 0, NVIDIA H200, 118995 MiB, 143771 MiB, 0 %, 243.13 W
2026/08/14 06:25:33.003, 0, NVIDIA H200, 118995 MiB, 143771 MiB, 100 %, 311.31 W
2026/08/14 06:25:34.005, 0, NVIDIA H200, 118995 MiB, 143771 MiB, 100 %, 328.45 W
2026/08/14 06:25:35.008, 0, NVIDIA H200, 118995 MiB, 143771 MiB, 100 %, 328.62 W
2026/08/14 06:25:36.010, 0, NVIDIA H200, 118995 MiB, 143771 MiB, 100 %, 329.14 W
2026/08/14 06:25:37.013, 0, NVIDIA H200, 118995 MiB, 143771 MiB, 100 %, 330.11 W
2026/08/14 06:25:38.016, 0, NVIDIA H200, 118995 MiB, 143771 MiB, 100 %, 329.71 W
2026/08/14 06:25:39.019, 0, NVIDIA H200, 118995 MiB, 143771 MiB, 100 %, 330.44 W
2026/08/14 06:25:40.022, 0, NVIDIA H200, 118995 MiB, 143771 MiB, 100 %, 330.89 W
2026/08/14 06:25:41.024, 0, NVIDIA H200, 118995 MiB, 143771 MiB, 100 %, 330.86 W
2026/08/14 06:25:42.027, 0, NVIDIA H200, 118995 MiB, 143771 MiB, 100 %, 331.30 W
2026/08/14 06:25:43.030, 0, NVIDIA H200, 118995 MiB, 143771 MiB, 100 %, 330.99 W
2026/08/14 06:25:44.032, 0, NVIDIA H200, 118995 MiB, 143771 MiB, 100 %, 332.44 W
2026/08/14 06:25:45.034, 0, NVIDIA H200, 118995 MiB, 143771 MiB, 100 %, 331.94 W
2026/08/14 06:25:46.037, 0, NVIDIA H200, 118995 MiB, 143771 MiB, 100 %, 332.91 W
2026/08/14 06:25:47.040, 0, NVIDIA H200, 118995 MiB, 143771 MiB, 100 %, 333.55 W
2026/08/14 06:25:48.044, 0, NVIDIA H200, 118995 MiB, 143771 MiB, 0 %, 166.40 W
2026/08/14 06:25:49.047, 0, NVIDIA H200, 118995 MiB, 143771 MiB, 0 %, 279.10 W
2026/08/14 06:25:50.050, 0, NVIDIA H200, 118995 MiB, 143771 MiB, 59 %, 186.18 W
2026/08/14 06:25:51.053, 0, NVIDIA H200, 118995 MiB, 143771 MiB, 100 %, 291.64 W
2026/08/14 06:25:52.056, 0, NVIDIA H200, 118995 MiB, 143771 MiB, 100 %, 329.97 W
2026/08/14 06:25:53.059, 0, NVIDIA H200, 118995 MiB, 143771 MiB, 0 %, 259.05 W
2026/08/14 06:25:54.061, 0, NVIDIA H200, 118995 MiB, 143771 MiB, 100 %, 292.04 W
2026/08/14 06:25:55.064, 0, NVIDIA H200, 118995 MiB, 143771 MiB, 100 %, 328.93 W
2026/08/14 06:25:56.067, 0, NVIDIA H200, 118995 MiB, 143771 MiB, 0 %, 240.57 W
2026/08/14 06:25:57.070, 0, NVIDIA H200, 118995 MiB, 143771 MiB, 0 %, 200.59 W
2026/08/14 06:25:58.072, 0, NVIDIA H200, 118995 MiB, 143771 MiB, 5 %, 195.03 W
2026/08/14 06:25:59.075, 0, NVIDIA H200, 118995 MiB, 143771 MiB, 100 %, 245.38 W
2026/08/14 06:26:00.082, 0, NVIDIA H200, 118995 MiB, 143771 MiB, 100 %, 329.04 W
2026/08/14 06:26:01.086, 0, NVIDIA H200, 118995 MiB, 143771 MiB, 100 %, 329.42 W
2026/08/14 06:26:02.090, 0, NVIDIA H200, 118995 MiB, 143771 MiB, 100 %, 329.84 W
2026/08/14 06:26:03.092, 0, NVIDIA H200, 118995 MiB, 143771 MiB, 100 %, 220.45 W
2026/08/14 06:26:04.095, 0, NVIDIA H200, 118995 MiB, 143771 MiB, 100 %, 330.54 W
2026/08/14 06:26:05.098, 0, NVIDIA H200, 118995 MiB, 143771 MiB, 100 %, 329.73 W
2026/08/14 06:26:06.101, 0, NVIDIA H200, 118995 MiB, 143771 MiB, 100 %, 330.47 W
2026/08/14 06:26:07.107, 0, NVIDIA H200, 118995 MiB, 143771 MiB, 100 %, 331.27 W
2026/08/14 06:26:08.110, 0, NVIDIA H200, 118995 MiB, 143771 MiB, 100 %, 331.43 W
2026/08/14 06:26:09.113, 0, NVIDIA H200, 118995 MiB, 143771 MiB, 100 %, 331.79 W
2026/08/14 06:26:10.117, 0, NVIDIA H200, 118995 MiB, 143771 MiB, 100 %, 332.32 W
2026/08/14 06:26:11.120, 0, NVIDIA H200, 118995 MiB, 143771 MiB, 100 %, 332.74 W
2026/08/14 06:26:12.126, 0, NVIDIA H200, 118995 MiB, 143771 MiB, 0 %, 162.51 W
2026/08/14 06:26:13.129, 0, NVIDIA H200, 118995 MiB, 143771 MiB, 0 %, 216.67 W
2026/08/14 06:26:14.132, 0, NVIDIA H200, 118995 MiB, 143771 MiB, 29 %, 183.46 W
2026/08/14 06:26:15.135, 0, NVIDIA H200, 118995 MiB, 143771 MiB, 100 %, 329.57 W
2026/08/14 06:26:16.137, 0, NVIDIA H200, 118995 MiB, 143771 MiB, 100 %, 329.54 W
2026/08/14 06:26:17.141, 0, NVIDIA H200, 118995 MiB, 143771 MiB, 100 %, 330.63 W
2026/08/14 06:26:18.143, 0, NVIDIA H200, 118995 MiB, 143771 MiB, 100 %, 330.78 W
2026/08/14 06:26:19.146, 0, NVIDIA H200, 118995 MiB, 143771 MiB, 0 %, 229.84 W
2026/08/14 06:26:20.148, 0, NVIDIA H200, 118995 MiB, 143771 MiB, 100 %, 324.35 W
2026/08/14 06:26:21.151, 0, NVIDIA H200, 118995 MiB, 143771 MiB, 100 %, 330.92 W
2026/08/14 06:26:22.154, 0, NVIDIA H200, 118995 MiB, 143771 MiB, 100 %, 330.04 W
2026/08/14 06:26:23.158, 0, NVIDIA H200, 118995 MiB, 143771 MiB, 100 %, 330.75 W
2026/08/14 06:26:24.161, 0, NVIDIA H200, 118995 MiB, 143771 MiB, 0 %, 171.58 W
2026/08/14 06:26:25.164, 0, NVIDIA H200, 118995 MiB, 143771 MiB, 0 %, 229.74 W
2026/08/14 06:26:26.167, 0, NVIDIA H200, 118995 MiB, 143771 MiB, 100 %, 225.44 W
2026/08/14 06:26:27.169, 0, NVIDIA H200, 118995 MiB, 143771 MiB, 100 %, 320.48 W
2026/08/14 06:26:28.173, 0, NVIDIA H200, 118995 MiB, 143771 MiB, 100 %, 321.52 W
2026/08/14 06:26:29.176, 0, NVIDIA H200, 118995 MiB, 143771 MiB, 100 %, 321.41 W
2026/08/14 06:26:30.179, 0, NVIDIA H200, 118995 MiB, 143771 MiB, 100 %, 322.43 W
2026/08/14 06:26:31.182, 0, NVIDIA H200, 118995 MiB, 143771 MiB, 100 %, 240.71 W
2026/08/14 06:26:32.185, 0, NVIDIA H200, 118995 MiB, 143771 MiB, 100 %, 321.34 W
2026/08/14 06:26:33.188, 0, NVIDIA H200, 118995 MiB, 143771 MiB, 100 %, 320.73 W
2026/08/14 06:26:34.191, 0, NVIDIA H200, 118995 MiB, 143771 MiB, 100 %, 322.44 W
2026/08/14 06:26:35.195, 0, NVIDIA H200, 118995 MiB, 143771 MiB, 44 %, 311.19 W
2026/08/14 06:26:36.197, 0, NVIDIA H200, 118995 MiB, 143771 MiB, 99 %, 181.69 W
2026/08/14 06:26:37.200, 0, NVIDIA H200, 118995 MiB, 143771 MiB, 27 %, 187.75 W
2026/08/14 06:26:38.203, 0, NVIDIA H200, 118995 MiB, 143771 MiB, 100 %, 261.99 W
2026/08/14 06:26:39.205, 0, NVIDIA H200, 118995 MiB, 143771 MiB, 100 %, 320.11 W
2026/08/14 06:26:40.208, 0, NVIDIA H200, 118995 MiB, 143771 MiB, 100 %, 321.20 W
2026/08/14 06:26:41.210, 0, NVIDIA H200, 118995 MiB, 143771 MiB, 100 %, 321.82 W
2026/08/14 06:26:42.213, 0, NVIDIA H200, 118995 MiB, 143771 MiB, 100 %, 322.58 W
2026/08/14 06:26:43.216, 0, NVIDIA H200, 118995 MiB, 143771 MiB, 95 %, 320.51 W
2026/08/14 06:26:44.219, 0, NVIDIA H200, 118995 MiB, 143771 MiB, 100 %, 241.73 W
2026/08/14 06:26:45.222, 0, NVIDIA H200, 118995 MiB, 143771 MiB, 100 %, 321.28 W
2026/08/14 06:26:46.224, 0, NVIDIA H200, 118995 MiB, 143771 MiB, 100 %, 321.04 W
2026/08/14 06:26:47.226, 0, NVIDIA H200, 118995 MiB, 143771 MiB, 100 %, 322.28 W
2026/08/14 06:26:48.229, 0, NVIDIA H200, 118995 MiB, 143771 MiB, 100 %, 322.71 W
2026/08/14 06:26:49.232, 0, NVIDIA H200, 118995 MiB, 143771 MiB, 100 %, 241.21 W
2026/08/14 06:26:50.235, 0, NVIDIA H200, 118995 MiB, 143771 MiB, 100 %, 189.07 W
2026/08/14 06:26:51.237, 0, NVIDIA H200, 118995 MiB, 143771 MiB, 0 %, 178.89 W
2026/08/14 06:26:52.240, 0, NVIDIA H200, 118995 MiB, 143771 MiB, 100 %, 322.69 W
2026/08/14 06:26:53.243, 0, NVIDIA H200, 118995 MiB, 143771 MiB, 100 %, 320.82 W
2026/08/14 06:26:54.245, 0, NVIDIA H200, 118995 MiB, 143771 MiB, 100 %, 321.27 W
2026/08/14 06:26:55.248, 0, NVIDIA H200, 118995 MiB, 143771 MiB, 100 %, 322.24 W
2026/08/14 06:26:56.251, 0, NVIDIA H200, 118995 MiB, 143771 MiB, 0 %, 237.51 W
2026/08/14 06:26:57.253, 0, NVIDIA H200, 118995 MiB, 143771 MiB, 100 %, 316.69 W
2026/08/14 06:26:58.257, 0, NVIDIA H200, 118995 MiB, 143771 MiB, 100 %, 321.64 W
2026/08/14 06:26:59.262, 0, NVIDIA H200, 118995 MiB, 143771 MiB, 100 %, 322.22 W
2026/08/14 06:27:00.264, 0, NVIDIA H200, 118995 MiB, 143771 MiB, 0 %, 257.01 W
2026/08/14 06:27:01.270, 0, NVIDIA H200, 118995 MiB, 143771 MiB, 60 %, 218.99 W
2026/08/14 06:27:02.273, 0, NVIDIA H200, 118995 MiB, 143771 MiB, 30 %, 200.93 W
2026/08/14 06:27:03.278, 0, NVIDIA H200, 118995 MiB, 143771 MiB, 100 %, 249.14 W
2026/08/14 06:27:04.280, 0, NVIDIA H200, 118995 MiB, 143771 MiB, 100 %, 321.83 W
2026/08/14 06:27:05.286, 0, NVIDIA H200, 118995 MiB, 143771 MiB, 0 %, 240.85 W
2026/08/14 06:27:06.289, 0, NVIDIA H200, 118995 MiB, 143771 MiB, 100 %, 321.98 W
2026/08/14 06:27:07.293, 0, NVIDIA H200, 118995 MiB, 143771 MiB, 100 %, 321.57 W
2026/08/14 06:27:08.296, 0, NVIDIA H200, 118995 MiB, 143771 MiB, 100 %, 322.64 W
2026/08/14 06:27:09.301, 0, NVIDIA H200, 118995 MiB, 143771 MiB, 0 %, 280.69 W
2026/08/14 06:27:10.304, 0, NVIDIA H200, 118995 MiB, 143771 MiB, 100 %, 200.25 W
2026/08/14 06:27:11.308, 0, NVIDIA H200, 118995 MiB, 143771 MiB, 0 %, 178.42 W
2026/08/14 06:27:12.311, 0, NVIDIA H200, 118995 MiB, 143771 MiB, 100 %, 251.02 W
2026/08/14 06:27:13.314, 0, NVIDIA H200, 118995 MiB, 143771 MiB, 100 %, 321.42 W
2026/08/14 06:27:14.317, 0, NVIDIA H200, 118995 MiB, 143771 MiB, 100 %, 321.39 W
2026/08/14 06:27:15.320, 0, NVIDIA H200, 118995 MiB, 143771 MiB, 0 %, 170.37 W
2026/08/14 06:27:16.323, 0, NVIDIA H200, 118995 MiB, 143771 MiB, 45 %, 216.28 W
2026/08/14 06:27:17.326, 0, NVIDIA H200, 118995 MiB, 143771 MiB, 11 %, 197.46 W
2026/08/14 06:27:18.328, 0, NVIDIA H200, 118995 MiB, 143771 MiB, 100 %, 320.71 W
2026/08/14 06:27:19.331, 0, NVIDIA H200, 118995 MiB, 143771 MiB, 100 %, 321.54 W
2026/08/14 06:27:20.334, 0, NVIDIA H200, 118995 MiB, 143771 MiB, 100 %, 321.44 W
2026/08/14 06:27:21.337, 0, NVIDIA H200, 118995 MiB, 143771 MiB, 100 %, 323.20 W
2026/08/14 06:27:22.340, 0, NVIDIA H200, 118995 MiB, 143771 MiB, 100 %, 322.81 W
2026/08/14 06:27:23.343, 0, NVIDIA H200, 118995 MiB, 143771 MiB, 100 %, 323.54 W
2026/08/14 06:27:24.345, 0, NVIDIA H200, 118995 MiB, 143771 MiB, 100 %, 309.33 W
2026/08/14 06:27:25.348, 0, NVIDIA H200, 118995 MiB, 143771 MiB, 0 %, 236.99 W
2026/08/14 06:27:26.351, 0, NVIDIA H200, 118995 MiB, 143771 MiB, 0 %, 127.57 W
2026/08/14 06:27:27.354, 0, NVIDIA H200, 118995 MiB, 143771 MiB, 0 %, 126.90 W
2026/08/14 06:27:28.357, 0, NVIDIA H200, 118995 MiB, 143771 MiB, 0 %, 126.64 W
2026/08/14 06:27:29.360, 0, NVIDIA H200, 118995 MiB, 143771 MiB, 0 %, 126.56 W
2026/08/14 06:27:30.362, 0, NVIDIA H200, 118995 MiB, 143771 MiB, 0 %, 126.39 W
2026/08/14 06:27:31.365, 0, NVIDIA H200, 118995 MiB, 143771 MiB, 0 %, 126.01 W
2026/08/14 06:27:32.368, 0, NVIDIA H200, 118995 MiB, 143771 MiB, 0 %, 126.16 W
2026/08/14 06:27:33.371, 0, NVIDIA H200, 118995 MiB, 143771 MiB, 0 %, 126.57 W
2026/08/14 06:27:34.374, 0, NVIDIA H200, 118995 MiB, 143771 MiB, 0 %, 126.23 W
2026/08/14 06:27:35.379, 0, NVIDIA H200, 118995 MiB, 143771 MiB, 0 %, 126.36 W
2026/08/14 06:27:36.381, 0, NVIDIA H200, 118995 MiB, 143771 MiB, 0 %, 126.14 W
2026/08/14 06:27:37.384, 0, NVIDIA H200, 118995 MiB, 143771 MiB, 0 %, 125.82 W
2026/08/14 06:27:38.387, 0, NVIDIA H200, 118995 MiB, 143771 MiB, 0 %, 126.00 W
2026/08/14 06:27:39.390, 0, NVIDIA H200, 118995 MiB, 143771 MiB, 0 %, 125.67 W
2026/08/14 06:27:40.394, 0, NVIDIA H200, 118995 MiB, 143771 MiB, 0 %, 125.66 W
2026/08/14 06:27:41.397, 0, NVIDIA H200, 118995 MiB, 143771 MiB, 0 %, 125.78 W
2026/08/14 06:27:42.400, 0, NVIDIA H200, 118995 MiB, 143771 MiB, 0 %, 125.22 W
2026/08/14 06:27:43.403, 0, NVIDIA H200, 118995 MiB, 143771 MiB, 0 %, 125.45 W
2026/08/14 06:27:44.407, 0, NVIDIA H200, 118995 MiB, 143771 MiB, 0 %, 125.40 W
2026/08/14 06:27:45.410, 0, NVIDIA H200, 118995 MiB, 143771 MiB, 0 %, 125.00 W
2026/08/14 06:27:46.414, 0, NVIDIA H200, 118995 MiB, 143771 MiB, 0 %, 125.32 W
2026/08/14 06:27:47.417, 0, NVIDIA H200, 118995 MiB, 143771 MiB, 0 %, 124.90 W
2026/08/14 06:27:48.420, 0, NVIDIA H200, 118995 MiB, 143771 MiB, 0 %, 125.05 W
2026/08/14 06:27:49.423, 0, NVIDIA H200, 118995 MiB, 143771 MiB, 0 %, 125.00 W
2026/08/14 06:27:50.426, 0, NVIDIA H200, 118995 MiB, 143771 MiB, 0 %, 124.54 W
2026/08/14 06:27:51.429, 0, NVIDIA H200, 118995 MiB, 143771 MiB, 0 %, 124.90 W
2026/08/14 06:27:52.432, 0, NVIDIA H200, 118995 MiB, 143771 MiB, 0 %, 124.49 W
2026/08/14 06:27:53.435, 0, NVIDIA H200, 118995 MiB, 143771 MiB, 0 %, 124.70 W
2026/08/14 06:27:54.438, 0, NVIDIA H200, 118995 MiB, 143771 MiB, 0 %, 124.67 W
2026/08/14 06:27:55.442, 0, NVIDIA H200, 118995 MiB, 143771 MiB, 0 %, 124.30 W
2026/08/14 06:27:56.444, 0, NVIDIA H200, 118995 MiB, 143771 MiB, 0 %, 124.55 W
2026/08/14 06:27:57.447, 0, NVIDIA H200, 118995 MiB, 143771 MiB, 0 %, 124.01 W
2026/08/14 06:27:58.451, 0, NVIDIA H200, 118995 MiB, 143771 MiB, 0 %, 124.46 W
2026/08/14 06:27:59.454, 0, NVIDIA H200, 118995 MiB, 143771 MiB, 0 %, 124.01 W
2026/08/14 06:28:00.457, 0, NVIDIA H200, 118995 MiB, 143771 MiB, 0 %, 124.20 W
2026/08/14 06:28:01.461, 0, NVIDIA H200, 118995 MiB, 143771 MiB, 0 %, 124.24 W
2026/08/14 06:28:02.463, 0, NVIDIA H200, 118995 MiB, 143771 MiB, 0 %, 123.81 W
2026/08/14 06:28:03.467, 0, NVIDIA H200, 118995 MiB, 143771 MiB, 0 %, 124.16 W
2026/08/14 06:28:04.470, 0, NVIDIA H200, 118995 MiB, 143771 MiB, 0 %, 123.63 W
2026/08/14 06:28:05.473, 0, NVIDIA H200, 118995 MiB, 143771 MiB, 0 %, 124.07 W
2026/08/14 06:28:06.475, 0, NVIDIA H200, 118995 MiB, 143771 MiB, 0 %, 123.52 W
2026/08/14 06:28:07.480, 0, NVIDIA H200, 118995 MiB, 143771 MiB, 0 %, 123.99 W
2026/08/14 06:28:08.482, 0, NVIDIA H200, 118995 MiB, 143771 MiB, 0 %, 123.46 W
2026/08/14 06:28:09.485, 0, NVIDIA H200, 118995 MiB, 143771 MiB, 0 %, 123.82 W
2026/08/14 06:28:10.488, 0, NVIDIA H200, 118995 MiB, 143771 MiB, 0 %, 123.45 W
2026/08/14 06:28:11.491, 0, NVIDIA H200, 118995 MiB, 143771 MiB, 0 %, 123.63 W
2026/08/14 06:28:12.494, 0, NVIDIA H200, 118995 MiB, 143771 MiB, 0 %, 123.44 W
2026/08/14 06:28:13.497, 0, NVIDIA H200, 118995 MiB, 143771 MiB, 0 %, 123.49 W
2026/08/14 06:28:14.500, 0, NVIDIA H200, 118995 MiB, 143771 MiB, 0 %, 123.39 W
2026/08/14 06:28:15.503, 0, NVIDIA H200, 118995 MiB, 143771 MiB, 0 %, 123.37 W
2026/08/14 06:28:16.507, 0, NVIDIA H200, 118995 MiB, 143771 MiB, 0 %, 123.06 W
2026/08/14 06:28:17.510, 0, NVIDIA H200, 118995 MiB, 143771 MiB, 0 %, 122.60 W
2026/08/14 06:28:18.514, 0, NVIDIA H200, 118995 MiB, 143771 MiB, 0 %, 122.71 W
2026/08/14 06:28:19.517, 0, NVIDIA H200, 118995 MiB, 143771 MiB, 0 %, 122.59 W
2026/08/14 06:28:20.521, 0, NVIDIA H200, 118995 MiB, 143771 MiB, 0 %, 122.61 W
2026/08/14 06:28:21.524, 0, NVIDIA H200, 118995 MiB, 143771 MiB, 0 %, 122.55 W
2026/08/14 06:28:22.527, 0, NVIDIA H200, 118995 MiB, 143771 MiB, 0 %, 122.46 W
2026/08/14 06:28:23.530, 0, NVIDIA H200, 118995 MiB, 143771 MiB, 0 %, 122.43 W
2026/08/14 06:28:24.534, 0, NVIDIA H200, 118995 MiB, 143771 MiB, 0 %, 122.27 W
2026/08/14 06:28:25.537, 0, NVIDIA H200, 118995 MiB, 143771 MiB, 0 %, 122.49 W
2026/08/14 06:28:26.540, 0, NVIDIA H200, 118995 MiB, 143771 MiB, 0 %, 122.17 W
2026/08/14 06:28:27.543, 0, NVIDIA H200, 118995 MiB, 143771 MiB, 0 %, 122.60 W
2026/08/14 06:28:28.546, 0, NVIDIA H200, 118995 MiB, 143771 MiB, 0 %, 121.99 W
2026/08/14 06:28:29.550, 0, NVIDIA H200, 118995 MiB, 143771 MiB, 0 %, 122.49 W
2026/08/14 06:28:30.553, 0, NVIDIA H200, 118995 MiB, 143771 MiB, 0 %, 121.94 W
2026/08/14 06:28:31.556, 0, NVIDIA H200, 118995 MiB, 143771 MiB, 0 %, 122.50 W
2026/08/14 06:28:32.559, 0, NVIDIA H200, 118995 MiB, 143771 MiB, 0 %, 121.83 W
2026/08/14 06:28:33.563, 0, NVIDIA H200, 118995 MiB, 143771 MiB, 0 %, 122.42 W
2026/08/14 06:28:34.566, 0, NVIDIA H200, 118995 MiB, 143771 MiB, 0 %, 121.84 W
2026/08/14 06:28:35.569, 0, NVIDIA H200, 118995 MiB, 143771 MiB, 0 %, 122.26 W
2026/08/14 06:28:36.573, 0, NVIDIA H200, 118995 MiB, 143771 MiB, 0 %, 121.88 W
2026/08/14 06:28:37.576, 0, NVIDIA H200, 118995 MiB, 143771 MiB, 0 %, 121.93 W
2026/08/14 06:28:38.580, 0, NVIDIA H200, 118995 MiB, 143771 MiB, 0 %, 122.10 W
2026/08/14 06:28:39.583, 0, NVIDIA H200, 118995 MiB, 143771 MiB, 0 %, 121.73 W
2026/08/14 06:28:40.586, 0, NVIDIA H200, 118995 MiB, 143771 MiB, 0 %, 122.32 W
2026/08/14 06:28:41.590, 0, NVIDIA H200, 118995 MiB, 143771 MiB, 0 %, 121.61 W
2026/08/14 06:28:42.593, 0, NVIDIA H200, 118995 MiB, 143771 MiB, 0 %, 122.24 W
2026/08/14 06:28:43.596, 0, NVIDIA H200, 118995 MiB, 143771 MiB, 0 %, 121.63 W
2026/08/14 06:28:44.598, 0, NVIDIA H200, 118995 MiB, 143771 MiB, 0 %, 121.93 W
2026/08/14 06:28:45.601, 0, NVIDIA H200, 118995 MiB, 143771 MiB, 0 %, 121.82 W
2026/08/14 06:28:46.603, 0, NVIDIA H200, 118995 MiB, 143771 MiB, 0 %, 121.61 W
2026/08/14 06:28:47.606, 0, NVIDIA H200, 118995 MiB, 143771 MiB, 0 %, 122.11 W
2026/08/14 06:28:48.609, 0, NVIDIA H200, 118995 MiB, 143771 MiB, 0 %, 121.47 W
2026/08/14 06:28:49.613, 0, NVIDIA H200, 118995 MiB, 143771 MiB, 0 %, 122.03 W
2026/08/14 06:28:50.615, 0, NVIDIA H200, 118995 MiB, 143771 MiB, 0 %, 121.49 W
2026/08/14 06:28:51.620, 0, NVIDIA H200, 118995 MiB, 143771 MiB, 0 %, 121.69 W
2026/08/14 06:28:52.623, 0, NVIDIA H200, 118995 MiB, 143771 MiB, 0 %, 121.90 W
2026/08/14 06:28:53.626, 0, NVIDIA H200, 118995 MiB, 143771 MiB, 0 %, 121.39 W
2026/08/14 06:28:54.629, 0, NVIDIA H200, 118995 MiB, 143771 MiB, 0 %, 122.05 W
2026/08/14 06:28:55.632, 0, NVIDIA H200, 118995 MiB, 143771 MiB, 0 %, 121.38 W
2026/08/14 06:28:56.635, 0, NVIDIA H200, 118995 MiB, 143771 MiB, 0 %, 121.62 W
2026/08/14 06:28:57.638, 0, NVIDIA H200, 118995 MiB, 143771 MiB, 0 %, 121.65 W
2026/08/14 06:28:58.641, 0, NVIDIA H200, 118995 MiB, 143771 MiB, 0 %, 121.35 W
2026/08/14 06:28:59.643, 0, NVIDIA H200, 118995 MiB, 143771 MiB, 0 %, 121.96 W
2026/08/14 06:29:00.646, 0, NVIDIA H200, 118995 MiB, 143771 MiB, 0 %, 121.34 W
2026/08/14 06:29:01.649, 0, NVIDIA H200, 118995 MiB, 143771 MiB, 0 %, 121.52 W
2026/08/14 06:29:02.652, 0, NVIDIA H200, 118995 MiB, 143771 MiB, 0 %, 121.71 W
